coremap_id,source_key,outcome,name_en,name_my
6610,03_Township:80,renamed,Myitkyina,မြစ်ကြီးနား
6623,03_Township:87,renamed,Waingmaw,ဝိုင်းမော်
6668,03_Township:73,renamed,Injangyang,အင်ဂျန်းယန်
6666,03_Township:85,reparented,Tanai,တနိုင်း
6690,03_Township:71,reparented,Chipwi,ချီ​ဖွေ
6688,03_Township:86,reparented,Tsawlaw,ဆော့လော်
6601,03_Township:78,renamed,Mohnyin,မိုးညှင်း
6660,03_Township:77,renamed,Mogaung,မိုးကောင်း
6664,03_Township:72,renamed,Hpakant,ဖားကန့်
6612,03_Township:70,renamed,Bhamo,ဗန်းမော်
6589,03_Township:83,renamed,Shwegu,ရွှေကူ
6593,03_Township:79,renamed,Momauk,မိုးမောက်
6584,03_Township:76,renamed,Mansi,မံစီ
6685,03_Township:82,renamed,Puta-O,ပူတာအို
6669,03_Township:84,renamed,Sumprabum,ဆွမ်ပရာဘွမ်
6686,03_Township:75,renamed,Machanbaw,မချမ်းဘော
6681,03_Township:81,renamed,Nawngmun,နောင်မွန်း
6687,03_Township:74,renamed,Khaunglanhpu,ခေါင်လန်ဖူး
5997,03_Township:92,renamed,Loikaw,လွိုင်ကော်
6015,03_Township:89,reparented,Demoso,ဒီးမော့ဆို
6013,03_Township:91,reparented,Hpruso,ဖရူဆို
5998,03_Township:94,renamed,Shadaw,ရှားတော
6006,03_Township:88,renamed,Bawlake,ဘောလခဲ
5972,03_Township:90,renamed,Hpasawng,ဖားဆောင်း
5962,03_Township:93,renamed,Mese,မယ်စဲ့
5877,03_Township:96,renamed,Hpa-An,ဘားအံ
5880,03_Township:95,renamed,Hlaingbwe,လှိုင်းဘွဲ့
5978,03_Township:97,renamed,Hpapun,ဖာပွန်
6018,03_Township:101,reparented,Thandaunggyi,သံတောင်ကြီး
5033,03_Township:100,renamed,Myawaddy,မြဝတီ
5030,03_Township:98,renamed,Kawkareik,ကော့ကရိတ်
7502,03_Township:99,reparented,Kyainseikgyi,ကြာအင်းဆိပ်ကြီး
6739,03_Township:61,renamed,Falam,ဖလမ်း
6743,03_Township:62,renamed,Hakha,ဟားခါး
6745,03_Township:68,renamed,Thantlang,ထန်တလန်
6718,03_Township:67,reparented,Tedim,တီးတိန်
6712,03_Township:69,reparented,Tonzang,တွန်းဇန်
6943,03_Township:65,renamed,Mindat,မင်းတပ်
6922,03_Township:64,renamed,Matupi,မတူပီ
6949,03_Township:63,renamed,Kanpetlet,ကန်ပက်လက်
6941,03_Township:66,reparented,Paletwa,ပလက်ဝ
6831,03_Township:216,renamed,Sagaing,စစ်ကိုင်း
6829,03_Township:211,renamed,Myinmu,မြင်းမူ
6875,03_Township:210,renamed,Myaung,မြောင်
6786,03_Township:218,renamed,Shwebo,ရွှေဘို
6783,03_Township:203,renamed,Khin-U,ခင်ဦး
6828,03_Township:223,renamed,Wetlet,ဝက်လက်
6762,03_Township:199,renamed,Kanbalu,ကန့်ဘလူ
5023,03_Township:204,reparented,Kyunhla,ကျွန်းလှ
6789,03_Township:225,renamed,Ye-U,ရေဦး
6788,03_Township:219,renamed,Tabayin,ဒီပဲယင်း
6766,03_Township:221,reparented,Taze,တန့်ဆည်
6822,03_Township:209,renamed,Monywa,မုံရွာ
6824,03_Township:192,renamed,Budalin,ဘုတလင်
6825,03_Township:190,renamed,Ayadaw,အရာတော်
6862,03_Township:193,renamed,Chaung-U,ချောင်းဦး
6816,03_Township:226,renamed,Yinmarbin,ယင်းမာပင်
6805,03_Township:200,renamed,Kani,ကနီ
6872,03_Township:217,renamed,Salingyi,ဆားလင်းကြီး
6814,03_Township:213,renamed,Pale,ပုလဲ
6588,03_Township:201,renamed,Katha,ကသာ
6607,03_Township:196,renamed,Indaw,အင်းတော်
6587,03_Township:222,renamed,Tigyaing,ထီးချိုင့်
6702,03_Township:191,renamed,Banmauk,ဗန်းမောက်
6761,03_Township:202,renamed,Kawlin,ကောလင်း
6706,03_Township:224,renamed,Wuntho,ဝန်းသို
6707,03_Township:215,renamed,Pinlebu,ပင်လည်ဘူး
6741,03_Township:197,renamed,Kale,ကလေး
6742,03_Township:198,renamed,Kalewa,ကလေးဝ
6798,03_Township:208,renamed,Mingin,မင်းကင်း
6726,03_Township:220,renamed,Tamu,တမူး
5022,03_Township:207,renamed,Mawlaik,မော်လိုက်
6715,03_Township:214,renamed,Paungbyin,ဖောင်းပြင်
6694,03_Township:194,renamed,Hkamti,ခန္တီး
6701,03_Township:195,renamed,Homalin,ဟုမ္မလင်း
6699,03_Township:206,renamed,Layshi,လေရှီး
6692,03_Township:205,renamed,Lahe,လဟယ်
6674,03_Township:212,renamed,Nanyun,နန်းယွန်း
7470,03_Township:309,renamed,Dawei,ထားဝယ်
7481,03_Township:312,renamed,Launglon,လောင်းလုံး
7471,03_Township:316,renamed,Thayetchaung,သရက်ချောင်း
7503,03_Township:317,renamed,Yebyu,ရေဖြူ
7465,03_Township:313,renamed,Myeik,မြိတ်
7439,03_Township:311,renamed,Kyunsu,ကျွန်းစု
7469,03_Township:314,renamed,Palaw,ပုလော
7468,03_Township:315,renamed,Tanintharyi,တနင်္သာရီ
5035,03_Township:308,reparented,Bokpyin,ဘုတ်ပြင်း
5924,03_Township:33,renamed,Bago,ပဲခူး
5865,03_Township:44,renamed,Thanatpin,သနပ်ပင်
5873,03_Township:36,renamed,Kawa,ကဝ
5922,03_Township:45,renamed,Waw,ဝေါ
5910,03_Township:39,renamed,Nyaunglebin,ညောင်လေးပင်
5925,03_Township:38,renamed,Kyauktaga,ကျောက်တံခါး
5911,03_Township:34,renamed,Daik-U,ဒိုက်ဦး
5920,03_Township:42,renamed,Shwegyin,ရွှေကျင်
6019,03_Township:43,renamed,Taungoo,တောင်ငူ
6020,03_Township:46,renamed,Yedashe,ရေတာရှည်
5941,03_Township:37,renamed,Kyaukkyi,ကျောက်ကြီး
5942,03_Township:41,renamed,Phyu,ဖြူး
5943,03_Township:40,renamed,Oktwin,အုတ်တွင်း
5971,03_Township:35,renamed,Htantabin,ထန်းတပင်
7139,03_Township:56,reparented,Pyay,ပြည်
7137,03_Township:54,reparented,Paukkhaung,ပေါက်ခေါင်း
6778,03_Township:53,reparented,Padaung,ပန်းတောင်း
7161,03_Township:55,reparented,Paungde,ပေါင်းတည်
7157,03_Township:59,reparented,Thegon,သဲကုန်း
7151,03_Township:57,reparented,Shwedaung,ရွှေတောင်
7232,03_Township:58,renamed,Thayarwady,သာယာဝတီ
7225,03_Township:48,renamed,Letpadan,လက်ပံတန်း
7224,03_Township:49,renamed,Minhla,မင်းလှ
7168,03_Township:52,renamed,Okpho,အုတ်ဖို
7162,03_Township:60,renamed,Zigon,ဇီးကုန်း
7160,03_Township:51,renamed,Nattalin,နတ်တလင်း
7171,03_Township:50,renamed,Monyo,မိုးညို
7163,03_Township:47,renamed,Gyobingauk,ကြို့ပင်ကောက်
7072,03_Township:106,renamed,Magway,မကွေး
7028,03_Township:125,renamed,Yenangyaung,ရေနံချောင်း
7031,03_Township:103,renamed,Chauk,ချောက်
7076,03_Township:122,renamed,Taungdwingyi,တောင်တွင်းကြီး
7071,03_Township:111,renamed,Myothit,မြို့သစ်
7038,03_Township:112,renamed,Natmauk,နတ်မောက်
7024,03_Township:116,renamed,Pwintbyu,ပွင့်ဖြူ
7096,03_Township:113,renamed,Ngape,ငဖဲ
7033,03_Township:117,renamed,Salin,စလင်း
7127,03_Township:123,renamed,Thayet,သရက်
7090,03_Township:109,renamed,Minhla,မင်းလှ
7107,03_Township:108,renamed,Mindon,မင်းတုန်း
7114,03_Township:105,renamed,Kamma,ကံမ
7123,03_Township:102,renamed,Aunglan,အောင်လံ
7081,03_Township:121,renamed,Sinbaungwe,ဆင်ပေါင်ဝဲ
6914,03_Township:114,renamed,Pakokku,ပခုက္ကူ
6883,03_Township:126,renamed,Yesagyo,ရေစကြို
6931,03_Township:110,renamed,Myaing,မြိုင်
6929,03_Township:115,renamed,Pauk,ပေါက်
6916,03_Township:119,renamed,Seikphyu,ဆိပ်ဖြူ
6809,03_Township:104,renamed,Gangaw,ဂန့်ဂေါ
6927,03_Township:124,renamed,Tilin,ထီးလင်း
6926,03_Township:118,renamed,Saw,ဆော
6535,03_Township:128,renamed,Aungmyaythazan,အောင်မြေသာစံ
6237,03_Township:129,reparented,Chanayethazan,ချမ်းအေးသာစံ
6259,03_Township:134,reparented,Mahaaungmyay,မဟာအောင်မြေ
6223,03_Township:130,reparented,Chanmyathazi,ချမ်းမြသာစည်
6203,03_Township:145,reparented,Pyigyitagon,ပြည်ကြီးတံခွန်
6202,03_Township:127,reparented,Amarapura,အမရပူရ
6276,03_Township:143,renamed,Patheingyi,ပုသိမ်ကြီး
6536,03_Township:146,renamed,Pyinoolwin,ပြင်ဦးလွင်
6544,03_Township:133,reparented,Madaya,မတ္တရာ
6550,03_Township:147,reparented,Singu,စဉ့်ကူး
6553,03_Township:137,reparented,Mogoke,မိုးကုတ်
6554,03_Township:151,reparented,Thabeikkyin,သပိတ်ကျင်း
6198,03_Township:132,renamed,Kyaukse,ကျောက်ဆည်
6205,03_Township:148,renamed,Sintgaing,စဉ့်ကိုင်
6200,03_Township:139,renamed,Myittha,မြစ်သား
6891,03_Township:149,reparented,Tada-U,တံတားဦး
6888,03_Township:138,renamed,Myingyan,မြင်းခြံ
6903,03_Township:150,renamed,Taungtha,တောင်သာ
6892,03_Township:140,renamed,Natogyi,နွားထိုးကြီး
7050,03_Township:131,renamed,Kyaukpadaung,ကျောက်ပန်းတောင်း
6857,03_Township:141,reparented,Ngazun,ငါန်းဇွန်
6905,03_Township:142,renamed,Nyaung-U,ညောင်ဦး
6069,03_Township:154,renamed,Yamethin,ရမည်းသင်း
7052,03_Township:144,renamed,Pyawbwe,ပျော်ဘွယ်
7051,03_Township:136,renamed,Meiktila,မိတ္ထီလာ
6898,03_Township:135,renamed,Mahlaing,မလှိုင်
6164,03_Township:152,renamed,Thazi,သာစည်
6185,03_Township:153,renamed,Wundwin,ဝမ်းတွင်း
5070,03_Township:159,renamed,Mawlamyine,မော်လမြိုင်
5098,03_Township:157,renamed,Kyaikmaraw,ကျိုက်မရော
5110,03_Township:156,renamed,Chaungzon,ချောင်းဆုံ
7482,03_Township:162,renamed,Thanbyuzayat,သံဖြူဇရပ်
5108,03_Township:160,renamed,Mudon,မုဒုံ
7491,03_Township:164,reparented,Ye,ရေး
5053,03_Township:163,renamed,Thaton,သထုံ
5055,03_Township:161,renamed,Paung,ပေါင်
5889,03_Township:158,reparented,Kyaikto,ကျိုက်ထို
5881,03_Township:155,reparented,Bilin,ဘီးလင်း
6993,03_Township:187,renamed,Sittwe,စစ်တွေ
6987,03_Township:184,renamed,Ponnagyun,ပုဏ္ဏားကျွန်း
6951,03_Township:180,renamed,Mrauk-U,မြောက်ဦး
6960,03_Township:177,renamed,Kyauktaw,ကျောက်တော်
6950,03_Township:179,renamed,Minbya,မင်းပြား
6897,03_Township:182,renamed,Myebon,မြေပုံ
7000,03_Township:183,renamed,Pauktaw,ပေါက်တော
6986,03_Township:186,renamed,Rathedaung,ရသေ့တောင်
6966,03_Township:178,renamed,Maungdaw,မောင်တော
6965,03_Township:174,renamed,Buthidaung,ဘူးသီးတောင်
5199,03_Township:176,renamed,Kyaukpyu,ကျောက်ဖြူ
5091,03_Township:181,reparented,Munaung,မာန်အောင်
7184,03_Township:185,renamed,Ramree,ရမ်းဗြဲ
7098,03_Township:173,reparented,Ann,အမ်း
7176,03_Township:188,renamed,Thandwe,သံတွဲ
7109,03_Township:189,reparented,Toungup,တောင်ကုတ်
7188,03_Township:175,renamed,Gwa,ဂွ
5690,03_Township:334,reparented,Insein,အင်းစိန်
5801,03_Township:345,reparented,Mingaladon,မင်္ဂလာဒုံ
5856,03_Township:332,reparented,Hmawbi,မှော်ဘီ
5857,03_Township:331,reparented,Hlegu,လှည်းကူး
7233,03_Township:355,renamed,Taikkyi,တိုက်ကြီး
7298,03_Township:333,reparented,Htantabin,ထန်းတပင်
5808,03_Township:353,reparented,Shwepyithar,ရွှေပြည်သာ
5344,03_Township:359,reparented,Thingangyun,သင်္ဃန်းကျွန်း
5289,03_Township:362,reparented,Yankin,ရန်ကင်း
5267,03_Township:354,reparented,South Okkalapa,တောင်ဥက္ကလာပ
5772,03_Township:347,reparented,North Okkalapa,မြောက်ဥက္ကလာပ
5388,03_Township:357,reparented,Thaketa,သာကေတ
5395,03_Township:328,reparented,Dawbon,ဒေါပုံ
5568,03_Township:356,reparented,Tamwe,တာမွေ
5425,03_Township:349,reparented,Pazundaung,ပုဇွန်တောင်
5446,03_Township:320,reparented,Botahtaung,ဗိုလ်တထောင်
5231,03_Township:326,renamed,Dagon Myothit (South),ဒဂုံမြို့သစ် (တောင်ပိုင်း)
5722,03_Township:324,renamed,Dagon Myothit (North),ဒဂုံမြို့သစ် (မြောက်ပိုင်း)
5165,03_Township:323,renamed,Dagon Myothit (East),ဒဂုံမြို့သစ် (အရှေ့ပိုင်း)
5213,03_Township:325,renamed,Dagon Myothit (Seikkan),ဒဂုံမြို့သစ် (ဆိပ်ကမ်း)
5538,03_Township:346,reparented,Mingalartaungnyunt,မင်္ဂလာတောင်ညွန့်
5211,03_Township:358,renamed,Thanlyin,သန်လျင်
5144,03_Township:340,renamed,Kyauktan,ကျောက်တန်း
5145,03_Township:360,renamed,Thongwa,သုံးခွ
5142,03_Township:337,renamed,Kayan,ခရမ်း
7300,03_Township:361,reparented,Twantay,တွံတေး
5125,03_Township:336,reparented,Kawhmu,ကော့မှူး
5112,03_Township:338,reparented,Kungyangon,ကွမ်းခြံကုန်း
5133,03_Township:327,reparented,Dala,ဒလ
5612,03_Township:351,reparented,Seikgyikanaungto,ဆိပ်ကြီး/ခနောင်တို
7440,03_Township:321,renamed,Cocokyun,ကိုကိုးကျွန်း
5430,03_Township:339,reparented,Kyauktada,ကျောက်တံတား
5481,03_Township:348,reparented,Pabedan,ပန်းဘဲတန်း
5476,03_Township:342,reparented,Lanmadaw,လမ်းမတော်
5467,03_Township:343,reparented,Latha,လသာ
5494,03_Township:318,reparented,Ahlone,အလုံ
5596,03_Township:341,reparented,Kyeemyindaing,ကြည့်မြင်တိုင်
5586,03_Township:350,reparented,Sanchaung,စမ်းချောင်း
5647,03_Township:329,reparented,Hlaing,လှိုင်
5306,03_Township:335,renamed,Kamaryut,ကမာရွတ်
5253,03_Township:344,reparented,Mayangone,မရမ်းကုန်း
5505,03_Township:322,reparented,Dagon,ဒဂုံ
5565,03_Township:319,renamed,Bahan,ဗဟန်း
5659,03_Township:363,reparented,Hlaingtharya (East),လှိုင်သာယာ (အရှေ့ပိုင်း)
5675,03_Township:364,reparented,Hlaingtharya (West),လှိုင်သာယာ (အနောက်ပိုင်း)
6114,03_Township:306,renamed,Taunggyi,တောင်ကြီး
6076,03_Township:302,reparented,Nyaungshwe,ညောင်ရွှေ
6310,03_Township:287,renamed,Hopong,ဟိုပုံး
6410,03_Township:288,reparented,Hsihseng,ဆီဆိုင်
6160,03_Township:289,reparented,Kalaw,ကလော
6144,03_Township:304,renamed,Pindaya,ပင်းတယ
6187,03_Township:307,renamed,Ywangan,ရွာငံ
6280,03_Township:294,renamed,Lawksawk,ရပ်စောက်
6073,03_Township:305,renamed,Pinlaung,ပင်လောင်း
6039,03_Township:303,reparented,Pekon,ဖယ်ခုံ
6126,03_Township:295,renamed,Loilen,လွိုင်လင်
6305,03_Township:292,renamed,Laihka,လဲချား
6108,03_Township:301,reparented,Nansang,နမ့်စန်
6313,03_Township:290,reparented,Kunhing,ကွန်ဟိန်း
6322,03_Township:291,reparented,Kyethi,ကျေးသီး
6290,03_Township:298,renamed,Mongkaing,မိုင်းကိုင်
6327,03_Township:297,reparented,Monghsu,မိုင်းရှူး
6093,03_Township:293,renamed,Langkho,လင်းခေး
6362,03_Township:299,reparented,Mongnai,မိုးနဲ
6092,03_Township:296,renamed,Mawkmai,မောက်မယ်
6333,03_Township:300,renamed,Mongpan,မိုင်းပန်
6468,03_Township:256,reparented,Lashio,လားရှိုး
6562,03_Township:247,reparented,Hseni,သိန္နီ
6479,03_Township:268,renamed,Mongyai,မိုင်းရယ်
6467,03_Township:284,renamed,Tangyan,တန့်ယန်း
6484,03_Township:282,reparented,Pangsang (Panghkam),ပန်ဆန်း (ပန်ခမ်း)
6456,03_Township:277,renamed,Narphan,နားဖန်း
6451,03_Township:283,renamed,Pangwaun,ပန်ဝိုင်
6488,03_Township:266,reparented,Mongmao,မိုင်းမော
6600,03_Township:269,renamed,Muse,မူဆယ်
6599,03_Township:272,renamed,Namhkan,နမ့်ခမ်း
6569,03_Township:254,renamed,Kutkai,ကွတ်ခိုင်
6551,03_Township:255,renamed,Kyaukme,ကျောက်မဲ
6524,03_Township:279,renamed,Nawnghkio,နောင်ချို
6523,03_Township:248,renamed,Hsipaw,သီပေါ
6560,03_Township:274,reparented,Namtu,နမ္မတူ
6394,03_Township:273,renamed,Namhsan,နမ့်ဆန်
6558,03_Township:267,renamed,Mongmit,မိုးမိတ်
6585,03_Township:261,renamed,Mabein,မဘိမ်း
6527,03_Township:264,renamed,Manton,မန်တုံ
6441,03_Township:253,reparented,Kunlong,ကွမ်းလုံ
6432,03_Township:245,reparented,Hopang,ဟိုပန်
6417,03_Township:257,renamed,Laukkaing,လောက်ကိုင်
6412,03_Township:251,renamed,Konkyan,ကုန်းကြမ်း
6328,03_Township:265,renamed,Matman,မက်မန်း
6360,03_Township:228,renamed,Kengtung,ကျိုင်းတုံ
6331,03_Township:234,renamed,Mongkhet,မိုင်းခတ်
6338,03_Township:238,reparented,Mongyang,မိုင်းယန်း
7526,03_Township:235,reparented,Mongla,မိုင်းလား
6372,03_Township:233,renamed,Monghsat,မိုင်းဆတ်
6312,03_Township:236,renamed,Mongping,မိုင်းပျဉ်း
6385,03_Township:237,reparented,Mongton,မိုင်းတုံ
6390,03_Township:241,renamed,Tachileik,တာချီလိတ်
6370,03_Township:232,renamed,Monghpyak,မိုင်းဖြတ်
6408,03_Township:239,reparented,Mongyawng,မိုင်းယောင်း
7362,03_Township:27,renamed,Pathein,ပုသိမ်
7344,03_Township:13,renamed,Kangyidaunt,ကန်ကြီးထောင့်
7186,03_Township:29,renamed,Thabaung,သာပေါင်း
7364,03_Township:24,renamed,Ngapudaw,ငပုတော
7282,03_Township:17,reparented,Kyonpyaw,ကျုံပျော်
7187,03_Township:31,reparented,Yegyi,ရေကြည်
7286,03_Township:16,reparented,Kyaunggon,ကျောင်းကုန်း
7208,03_Township:11,reparented,Hinthada,ဟင်္သာတ
7259,03_Township:32,reparented,Zalun,ဇလွန်
7194,03_Township:19,reparented,Lemyethna,လေးမျက်နှာ
6767,03_Township:22,renamed,Myanaung,မြန်အောင်
7172,03_Township:15,renamed,Kyangin,ကြံခင်း
7215,03_Township:12,renamed,Ingapu,အင်္ဂပူ
7335,03_Township:23,renamed,Myaungmya,မြောင်းမြ
7326,03_Township:10,renamed,Einme,အိမ်မဲ
7374,03_Township:18,renamed,Labutta,လပွတ္တာ
7323,03_Township:30,renamed,Wakema,ဝါးခယ်မ
7392,03_Township:21,renamed,Mawlamyinegyun,မော်လမြိုင်ကျွန်း
7525,03_Township:20,renamed,Maubin,မအူပင်
7332,03_Township:26,renamed,Pantanaw,ပန်းတနော်
7524,03_Township:25,renamed,Nyaungdon,ညောင်တုန်း
7295,03_Township:8,renamed,Danubyu,ဓနုဖြူ
7375,03_Township:28,renamed,Pyapon,ဖျာပုံ
7376,03_Township:7,renamed,Bogale,ဘိုကလေး
7309,03_Township:14,renamed,Kyaiklat,ကျိုက်လတ်
7427,03_Township:9,renamed,Dedaye,ဒေးဒရဲ
6046,03_Township:172,reparented,Zay Yar Thi Ri,ဇေယျာသီရိ
6029,03_Township:171,renamed,Za Bu Thi Ri,ဇမ္ဗူသီရိ
6067,03_Township:170,renamed,Tatkon,တပ်ကုန်း
6032,03_Township:165,reparented,Det Khi Na Thi Ri,ဒက္ခိဏသီရိ
6059,03_Township:168,reparented,Poke Ba Thi Ri,ပုဗ္ဗသီရိ
6038,03_Township:169,renamed,Pyinmana,ပျဉ်းမနား
5990,03_Township:166,reparented,Lewe,လယ်ဝေး
7079,03_Township:167,renamed,Oke Ta Ra Thi Ri,ဥတ္တရသီရိ
