id,public_id,canonical_name,parent_id,parent_name,is_public_usable,verification_status,geometry_source
5022,4f9b6c81-68cf-4767-b288-6356bae45984,မော်လိုက်,5021,မော်လိုက်ခရိုင်,t,verified,
5023,77e076d0-6183-40fd-b8c2-acff13ead27a,ကျွန်းလှ,6785,ကန့်ဘလူခရိုင်,t,verified,
5030,0c1e0422-330d-4f9e-b926-17fd75d00a9c,ကော့ကရိတ်,5031,ကော့ကရိတ်ခရိုင်,t,verified,
5033,273b9ffe-f0b3-408a-a091-ac81bfd57981,မြဝတီ,5032,မြဝတီခရိုင်,t,verified,
5035,67cda726-bad7-47a7-bef8-042cd509690e,ဘုတ်ပြင်း,7438,ကော့သောင်းခရိုင်,t,verified,
5053,85b93da2-27e7-4d45-8e83-8a3539776f8f,သထုံ,5054,သထုံခရိုင်,t,verified,
5055,c74837cf-7bc6-4354-941f-f1a904529c22,ပေါင်,5054,သထုံခရိုင်,t,unverified,
5070,fe444abc-178d-449b-9a02-4bff3872dae5,မော်လမြိုင်,5099,မော်လမြိုင်ခရိုင်,t,unverified,
5091,02024cd8-8421-4c25-8e3f-bd6ecf574ed5,မာန်အောင်,7185,ကျောက်ဖြူခရိုင်,t,verified,
5098,6bdcc294-f22a-4a66-815e-2489af10ae52,ကျိုက်မရော,5099,မော်လမြိုင်ခရိုင်,t,unverified,
5108,741fa2dc-d4f8-4cac-8983-6069d8b5c88c,မုဒုံ,5099,မော်လမြိုင်ခရိုင်,t,unverified,
5110,f99e191e-9bc6-4427-a215-9969728d564f,ချောင်းဆုံ,5099,မော်လမြိုင်ခရိုင်,t,unverified,
5112,fa5a2d7d-4d4e-48b8-8c10-62cff99eefcc,ကွမ်းခြံကုန်း,12,ရန်ကုန်(တောင်ပိုင်း),t,verified,
5125,b4c491f2-1d8a-4f30-8639-7ac366139d36,ကော့မှူး,12,ရန်ကုန်(တောင်ပိုင်း),t,verified,
5133,057e8ba4-030a-4fa1-9f1b-9d925cc26199,ဒလ,12,ရန်ကုန်(တောင်ပိုင်း),t,unverified,
5142,0d929602-d3f1-4a1f-aa9f-fd3ef64a7de8,ခရမ်း,12,ရန်ကုန်(တောင်ပိုင်း),t,verified,
5144,e94864c7-fc7b-4d74-96a2-3abfd8539ecf,ကျောက်တန်း,12,ရန်ကုန်(တောင်ပိုင်း),t,unverified,
5145,7842fe11-6596-43c5-b306-6f56b8448f1e,သုံးခွ,12,ရန်ကုန်(တောင်ပိုင်း),t,verified,
5165,9be63a4e-b25b-465a-b61e-3111287d3584,ဒဂုံမြို့သစ် (အရှေ့ပိုင်း),5170,ရန်ကုန်(အရှေ့ပိုင်း),t,verified,
5199,c25fa666-5a35-4e95-af46-319665641346,ကျောက်ဖြူ,7185,ကျောက်ဖြူခရိုင်,t,verified,
5211,08d77dfd-d044-4cb2-84aa-a2078a2ccc9a,သန်လျင်,12,ရန်ကုန်(တောင်ပိုင်း),t,verified,
5213,2e3aa5eb-4216-4181-8e69-4f402561a39e,ဒဂုံမြို့သစ် (ဆိပ်ကမ်း),5170,ရန်ကုန်(အရှေ့ပိုင်း),t,unverified,
5231,13288755-ec6b-4a53-beac-6182cfa3ecf4,ဒဂုံမြို့သစ် (တောင်ပိုင်း),5170,ရန်ကုန်(အရှေ့ပိုင်း),t,verified,
5253,981e53e2-13b6-4b45-a24b-ce06ff0a1dbb,မရမ်းကုန်း,5310,ရန်ကုန်(အနောက်ပိုင်း),t,unverified,
5267,a71d3103-55b6-4018-98b2-5242a9111329,တောင်ဥက္ကလာပ,5170,ရန်ကုန်(အရှေ့ပိုင်း),t,verified,
5289,abf42aaf-b407-4556-89a8-93717aa9913e,ရန်ကင်း,5170,ရန်ကုန်(အရှေ့ပိုင်း),t,unverified,
5306,83392c94-19ce-4f51-84bc-bc9fbffd8e8f,ကမာရွတ်,5310,ရန်ကုန်(အနောက်ပိုင်း),t,verified,
5344,47c4cf97-e6e3-43e5-8112-8553a9162006,သင်္ဃန်းကျွန်း,5170,ရန်ကုန်(အရှေ့ပိုင်း),t,verified,
5388,d0b0e534-5ce8-4c30-bdde-c0c514eae4a9,သာကေတ,5170,ရန်ကုန်(အရှေ့ပိုင်း),t,unverified,
5395,905c5251-04ff-435e-8b1e-d737e8cb3d8e,ဒေါပုံ,5170,ရန်ကုန်(အရှေ့ပိုင်း),t,verified,
5425,290f5a89-7737-4a9d-9e44-677707932223,ပုဇွန်တောင်,5170,ရန်ကုန်(အရှေ့ပိုင်း),t,unverified,
5430,abd46a79-4cb3-41e2-91d3-a4490fb131b8,ကျောက်တံတား,5310,ရန်ကုန်(အနောက်ပိုင်း),t,unverified,
5446,bb244259-b620-4ff1-b66d-76cf01b66e85,ဗိုလ်တထောင်,5170,ရန်ကုန်(အရှေ့ပိုင်း),t,unverified,
5467,75ba75ce-b148-4e92-94d8-b4ffe68cea69,လသာ,5310,ရန်ကုန်(အနောက်ပိုင်း),t,unverified,
5476,286f8bc3-388a-4887-9211-547272c7cfb7,လမ်းမတော်,5310,ရန်ကုန်(အနောက်ပိုင်း),t,unverified,
5481,16ffb15f-6079-467b-9364-df84267f7cf6,ပန်းဘဲတန်း,5310,ရန်ကုန်(အနောက်ပိုင်း),t,unverified,
5494,71a6148d-74d7-4a38-bb97-13085bfbfa04,အလုံ,5310,ရန်ကုန်(အနောက်ပိုင်း),t,unverified,
5505,8a01c935-c9e1-41a9-92f9-d679efce5453,ဒဂုံ,5310,ရန်ကုန်(အနောက်ပိုင်း),t,verified,
5538,23aa94aa-5598-4b63-8514-42c8ab23553f,မင်္ဂလာတောင်ညွန့်,5170,ရန်ကုန်(အရှေ့ပိုင်း),t,unverified,
5565,5006c4f8-cd1b-4c59-a1d1-bf3a860e0250,ဗဟန်း,5310,ရန်ကုန်(အနောက်ပိုင်း),t,unverified,
5568,80e177c3-7640-4545-8b25-f7b4b96c480b,တာမွေ,5170,ရန်ကုန်(အရှေ့ပိုင်း),t,verified,
5586,5c615f68-e3c2-452f-a0d7-5e98ebd67dd5,စမ်းချောင်း,5310,ရန်ကုန်(အနောက်ပိုင်း),t,unverified,
5596,5a8f21cf-eea7-4443-93a5-83c1d4b8ec24,ကြည့်မြင်တိုင်,5310,ရန်ကုန်(အနောက်ပိုင်း),t,unverified,
5612,2ebc5cee-9e6a-4611-8848-65ea08074bbb,ဆိပ်ကြီး/ခနောင်တို,12,ရန်ကုန်(တောင်ပိုင်း),t,unverified,
5647,df5081a6-619d-49bf-83ce-c88deb4a28f8,လှိုင်,5310,ရန်ကုန်(အနောက်ပိုင်း),t,unverified,
5659,f82dcfc5-7c66-47e6-b16d-7368ddfa32ba,လှိုင်သာယာ (အရှေ့ပိုင်း),7234,ရန်ကုန်(မြောက်ပိုင်း),t,unverified,
5675,84906086-7353-41dc-b768-f3b8bbf160cd,လှိုင်သာယာ (အနောက်ပိုင်း),7234,ရန်ကုန်(မြောက်ပိုင်း),t,verified,
5690,b8f2e9b5-304a-4c38-99cc-6d44dc3ddf31,အင်းစိန်,7234,ရန်ကုန်(မြောက်ပိုင်း),t,verified,
5722,a95f905d-af9f-4bf0-8614-20c0e41fb231,ဒဂုံမြို့သစ် (မြောက်ပိုင်း),5170,ရန်ကုန်(အရှေ့ပိုင်း),t,verified,
5772,6d61699b-00df-4810-9ce3-7af5362e87d0,မြောက်ဥက္ကလာပ,5170,ရန်ကုန်(အရှေ့ပိုင်း),t,verified,
5801,ea2f6f99-7803-485a-996e-001d35727f82,မင်္ဂလာဒုံ,7234,ရန်ကုန်(မြောက်ပိုင်း),t,unverified,
5808,83fdd850-2725-4f7b-9989-3c8c740fca64,ရွှေပြည်သာ,7234,ရန်ကုန်(မြောက်ပိုင်း),t,unverified,
5856,fe548c57-494c-4ec6-84a9-a7cb4cd8523a,မှော်ဘီ,7234,ရန်ကုန်(မြောက်ပိုင်း),t,verified,
5857,1e3bc9ba-d0f3-4a7b-bf4f-8f1f931fafe5,လှည်းကူး,7234,ရန်ကုန်(မြောက်ပိုင်း),t,verified,
5865,0aa4b82e-9214-4248-abb3-3886abee3d79,သနပ်ပင်,5923,ပဲခူးခရိုင်,t,verified,
5873,b2669d3b-0c96-4706-9b5d-d3717ee96a08,ကဝ,5923,ပဲခူးခရိုင်,t,verified,
5877,181c660c-5b50-4037-9501-8d5290fdf60b,ဘားအံ,5878,ဘားအံခရိုင်,t,verified,
5880,6d850154-f201-4725-b742-0d2e26b3b98f,လှိုင်းဘွဲ့,5878,ဘားအံခရိုင်,t,verified,
5881,ef3681ad-b509-43d7-8f58-8d55d89ae95b,ဘီးလင်း,5054,သထုံခရိုင်,t,verified,
5889,63d433c8-858f-40fc-a439-c100f242427e,ကျိုက်ထို,5054,သထုံခရိုင်,t,verified,
5910,fbb410fd-7f59-4a6a-a094-1d7f5809c02b,ညောင်လေးပင်,5923,ပဲခူးခရိုင်,t,verified,
5911,d7cd1a22-4fcf-40cc-a5d0-efb583c0d919,ဒိုက်ဦး,5923,ပဲခူးခရိုင်,t,verified,
5920,621f4278-37c9-4248-95f9-3359b576560a,ရွှေကျင်,5923,ပဲခူးခရိုင်,t,verified,
5922,44e12248-4d33-4217-beba-170297188b42,ဝေါ,5923,ပဲခူးခရိုင်,t,verified,
5924,ea329457-de24-49f8-84fe-a2012f2a6b4a,ပဲခူး,5923,ပဲခူးခရိုင်,t,unverified,
5925,6a043b11-5d9c-4c73-ad46-a81d4fb6700d,ကျောက်တံခါး,5923,ပဲခူးခရိုင်,t,verified,
5941,42b59e9e-67cd-40ed-8097-1be225540267,ကျောက်ကြီး,5970,တောင်ငူခရိုင်,t,verified,
5942,1790b109-65f8-40a5-9506-e15d542b247f,ဖြူး,5970,တောင်ငူခရိုင်,t,verified,
5943,d62af6d8-d8cd-47e9-9efe-0963fa8f07d8,အုတ်တွင်း,5970,တောင်ငူခရိုင်,t,verified,
5962,8b8bb612-a137-4048-85fa-7cf344633cb9,မယ်စဲ့,5960,မယ်စဲ့ခရိုင်,t,verified,
5971,d4213201-c14a-48cf-adef-9ae6be622006,ထန်းတပင်,5970,တောင်ငူခရိုင်,t,verified,
5972,f701c4a8-a922-45c0-b723-528306287ea5,ဖားဆောင်း,5974,ဘော်လခဲခရိုင်,t,unverified,
5978,f646fae8-f401-4af2-a4e3-a3adfb6b798d,ဖာပွန်,5977,ဖာပွန်ခရိုင်,t,verified,
5990,1f29d26d-0314-4b92-9405-9cdf16a4b294,လယ်ဝေး,6037,ဒက္ခိဏခရိုင်,t,unverified,
5997,5632cab6-82ff-453a-b4bf-724c50230562,လွိုင်ကော်,5999,လွိုင်ကော်ခရိုင်,t,verified,
5998,8e325bbd-9ac1-4887-9c52-3a166896b0a0,ရှားတော,5999,လွိုင်ကော်ခရိုင်,t,verified,
6006,0a75da9d-650b-4084-9851-235afc2b7bc8,ဘောလခဲ,5974,ဘော်လခဲခရိုင်,t,verified,
6013,c8f052d2-9679-446a-91a2-281d7e25797a,ဖရူဆို,5999,လွိုင်ကော်ခရိုင်,t,verified,
6015,6feb9a2a-9848-4841-9231-f4b29c9b0594,ဒီးမော့ဆို,5999,လွိုင်ကော်ခရိုင်,t,verified,
6018,50cf5e9a-8f0f-4eb2-b870-93ac4354ea7b,သံတောင်ကြီး,5878,ဘားအံခရိုင်,t,verified,
6019,0a8a98f0-75ba-4af5-bc1e-88e444e38d5e,တောင်ငူ,5970,တောင်ငူခရိုင်,t,verified,
6020,3cbae518-6484-40c0-b1c1-5897a5ec6f61,ရေတာရှည်,5970,တောင်ငူခရိုင်,t,verified,
6029,0a007cb6-42ca-4887-8528-30777e3cb976,ဇမ္ဗူသီရိ,6037,ဒက္ခိဏခရိုင်,t,verified,
6032,1123f10f-3684-47d5-b6a8-8a6d992fa542,ဒက္ခိဏသီရိ,6037,ဒက္ခိဏခရိုင်,t,verified,
6038,ef532f22-75cc-4a7d-9e20-a2b6e405e2aa,ပျဉ်းမနား,6037,ဒက္ခိဏခရိုင်,t,unverified,
6039,6f539d20-6386-4822-98f2-83acecdad2b7,ဖယ်ခုံ,6176,တောင်ကြီးခရိုင်,t,verified,
6046,e6f440e6-4c98-453b-bd80-eb1c76d55803,ဇေယျာသီရိ,6051,ဥတ္တရခရိုင်,t,unverified,
6059,cf19b0d8-dcda-403b-af29-83858c97f8f6,ပုဗ္ဗသီရိ,6051,ဥတ္တရခရိုင်,t,verified,
6067,5e55abe3-6b48-408a-9a2e-5660d7e44b05,တပ်ကုန်း,6051,ဥတ္တရခရိုင်,t,verified,
6069,e7bf2f86-c2bc-4d53-a235-44873964e344,ရမည်းသင်း,6068,ရမည်းသင်းခရိုင်,t,verified,
6073,8881b001-a128-4c5c-8f4f-bdba0d4745c0,ပင်လောင်း,6115,ပအိုဝ်း ကိုယ်ပိုင်အုပ်ချုပ်ခွင့်ရဒေသ,t,verified,
6076,b49f3ad2-9b3a-4c9c-96d5-e7ac7deca5dd,ညောင်ရွှေ,6176,တောင်ကြီးခရိုင်,t,verified,
6091,58ad5d7d-6f58-427c-b30b-7db5f5e09c9b,ဆီဆိုင်မြို့နယ်,6115,ပအိုဝ်း ကိုယ်ပိုင်အုပ်ချုပ်ခွင့်ရဒေသ,t,verified,
6092,61203f63-a933-4287-b4fb-3b696f56e666,မောက်မယ်,6383,လင်းခေးခရိုင်,t,verified,
6093,4d8e33b4-1198-4fa6-986f-aca9f1b8fccd,လင်းခေး,6383,လင်းခေးခရိုင်,t,verified,
6108,29b4cabd-9db4-4c7f-9a57-2bd3b00969f3,နမ့်စန်,6309,လွိုင်လင်ခရိုင်,t,verified,
6114,97faedef-5bbe-4490-a177-2910a2f1a05a,တောင်ကြီး,6176,တောင်ကြီးခရိုင်,t,verified,
6126,ca3c9a2e-e692-4a3a-bcee-0ecd4e78527e,လွိုင်လင်,6309,လွိုင်လင်ခရိုင်,t,verified,
6144,1e21c040-9ea6-4ac6-bdf9-4784006c55fe,ပင်းတယ,6192,ဓနု ကိုယ်ပိုင်အုပ်ချုပ်ခွင့်ရဒေသ,t,verified,
6160,0cad1b5d-a9ff-47d6-bc7a-a44fb7569ed4,ကလော,6176,တောင်ကြီးခရိုင်,t,verified,
6164,79459481-30c9-496d-9fdc-e72194270119,သာစည်,6165,မိတ္ထီလာခရိုင်,t,verified,
6185,4334a141-6dd6-4964-9f93-1c32714a8206,ဝမ်းတွင်း,6165,မိတ္ထီလာခရိုင်,t,verified,
6187,c3967cce-92b3-4a62-b2e4-d8950d91061d,ရွာငံ,6192,ဓနု ကိုယ်ပိုင်အုပ်ချုပ်ခွင့်ရဒေသ,t,verified,
6198,f74d4311-a45c-4acd-aa25-674834f9bbee,ကျောက်ဆည်,6197,ကျောက်ဆည်ခရိုင်,t,unverified,
6200,25c792bc-e0be-48fd-8dc5-81095ad06302,မြစ်သား,6197,ကျောက်ဆည်ခရိုင်,t,verified,
6202,afb23c10-442a-4fd0-8e7d-7c6324c372f2,အမရပူရ,6538,မန္တလေးခရိုင်,t,verified,
6203,851d1ec6-15f3-4c8a-aa3c-971641692c5f,ပြည်ကြီးတံခွန်,6538,မန္တလေးခရိုင်,t,unverified,
6205,c7d0ac0f-3dc8-4499-8117-18331e9c9ee0,စဉ့်ကိုင်,6197,ကျောက်ဆည်ခရိုင်,t,verified,
6223,5ac2a23a-6f1e-49e7-a883-eb467e5db2a0,ချမ်းမြသာစည်,6538,မန္တလေးခရိုင်,t,unverified,
6237,ebbd893e-c9a8-4d26-97c6-a183e784503e,ချမ်းအေးသာစံ,6538,မန္တလေးခရိုင်,t,verified,
6259,ea8c7c79-31b4-42bf-8df0-b76369251191,မဟာအောင်မြေ,6538,မန္တလေးခရိုင်,t,unverified,
6276,9db167eb-432e-4714-8910-09500af449e7,ပုသိမ်ကြီး,6538,မန္တလေးခရိုင်,t,verified,
6280,2c712dac-1c64-4b00-a484-1892994178b3,ရပ်စောက်,6176,တောင်ကြီးခရိုင်,t,verified,
6290,f5f8c81e-89db-4b9c-b36b-108834a680e3,မိုင်းကိုင်,6309,လွိုင်လင်ခရိုင်,t,unverified,
6305,6bb4ad0d-97e4-4486-98f0-75213bce1f65,လဲချား,6309,လွိုင်လင်ခရိုင်,t,verified,
6310,645a0d11-0d94-4fed-97cf-163ccc51fd05,ဟိုပုံး,6115,ပအိုဝ်း ကိုယ်ပိုင်အုပ်ချုပ်ခွင့်ရဒေသ,t,verified,
6312,d69d7025-578c-4ad0-8a62-6525f6ba1e02,မိုင်းပျဉ်း,6361,ကျိုင်းတုံခရိုင်,t,verified,
6313,caa5fed0-b25b-4784-8fd5-ff2b22ba5fb8,ကွန်ဟိန်း,6309,လွိုင်လင်ခရိုင်,t,verified,
6322,47325943-a89f-41c4-9c9a-69bef7f8b63d,ကျေးသီး,6309,လွိုင်လင်ခရိုင်,t,verified,
6327,dc3f3eca-9cad-433b-910f-2e4df9fa6bb3,မိုင်းရှူး,6309,လွိုင်လင်ခရိုင်,t,verified,
6331,946c6529-d6ec-414d-ba51-0a494d775522,မိုင်းခတ်,6361,ကျိုင်းတုံခရိုင်,t,verified,
6333,3cdba452-a0ec-4ca5-8e9b-b812a7c69d29,မိုင်းပန်,6383,လင်းခေးခရိုင်,t,verified,
6338,13bee3ab-42f0-4345-aaa6-d99507d72c18,မိုင်းယန်း,6361,ကျိုင်းတုံခရိုင်,t,needs_fix,coremap_manual
6360,b86495bc-981a-45df-9407-bc9ed3e43ee2,ကျိုင်းတုံ,6361,ကျိုင်းတုံခရိုင်,t,verified,
6362,ec322fbf-3285-42cb-ac6d-aaa5d99e3996,မိုးနဲ,6383,လင်းခေးခရိုင်,t,verified,
6370,5a05af55-94a0-4164-b72b-4e1a0d76fee5,မိုင်းဖြတ်,6391,တာချီလိတ်ခရိုင်,t,verified,
6372,b2acc5fe-245e-4b57-84c7-dd2bf75e8ed0,မိုင်းဆတ်,6371,မိုင်းဆတ်ခရိုင်,t,verified,
6390,4ba61133-b252-41ee-a2bf-d89e724bcfbf,တာချီလိတ်,6391,တာချီလိတ်ခရိုင်,t,verified,
6394,bec49354-200d-4df2-9c95-894125aad114,နမ့်ဆန်,7532,ပလောင် ကိုယ်ပိုင်အုပ်ချုပ်ခွင့်ရဒေသ,t,verified,
6399,32ab0724-b110-49bc-8d6a-057c97a15d14,တုံချိန်မြို့နယ်,6411,ကိုးကန့် ကိုယ်ပိုင်အုပ်ချုပ်ခွင့်ရဒေသ,t,verified,
6408,1bfed069-7ca1-4164-8d01-ab9f986f2b63,မိုင်းယောင်း,6391,တာချီလိတ်ခရိုင်,t,needs_fix,coremap_manual
6410,dbda7c02-88cd-4927-a999-55862598d811,ဆီဆိုင်,6115,ပအိုဝ်း ကိုယ်ပိုင်အုပ်ချုပ်ခွင့်ရဒေသ,t,verified,
6412,392f1420-4a8f-4546-bef9-e232f028977b,ကုန်းကြမ်း,6411,ကိုးကန့် ကိုယ်ပိုင်အုပ်ချုပ်ခွင့်ရဒေသ,t,verified,
6414,ad475a0c-859e-4a55-841a-c08c1b832fb7,တာမိုးညဲမြို့နယ်,6598,မူဆယ်ခရိုင်,t,needs_fix,coremap_manual
6416,f29c1dbd-5171-4e4b-8510-7bbb6d01f62f,တုန်းရှမ်းမြို့နယ်,6411,ကိုးကန့် ကိုယ်ပိုင်အုပ်ချုပ်ခွင့်ရဒေသ,t,verified,
6417,a58893b8-20a7-404a-9d1d-24cbb99cf23c,လောက်ကိုင်,6411,ကိုးကန့် ကိုယ်ပိုင်အုပ်ချုပ်ခွင့်ရဒေသ,t,verified,
6419,05a2fc77-c0e9-4d61-ad7a-d78ebd1d0d3d,ကျင့်ရှမ်းချိန်မြို့နယ်,6411,ကိုးကန့် ကိုယ်ပိုင်အုပ်ချုပ်ခွင့်ရဒေသ,t,unverified,
6434,bc3415de-3f1b-4c4a-b15c-3644218f84c9,ကန်မိန်းမြို့နယ်,6444,မူပန်ခရိုင်,t,unverified,
6441,5c09397c-9e3e-401b-9a2a-260ad55ba746,ကွမ်းလုံ,6463,လားရှိုးခရိုင်,t,needs_fix,coremap_manual
6443,cb76cb50-5edf-4d03-a8b3-5dc23507f81c,မိုင်ယော်မြို့နယ်,6444,မူပန်ခရိုင်,t,verified,
6445,dba297a0-b761-480c-b6d9-26e99a143ff2,မန်မတ်မြို့နယ်,6444,မူပန်ခရိုင်,t,unverified,
6467,161dd5c6-c71d-4247-98f6-4c681f506a18,တန့်ယန်း,6463,လားရှိုးခရိုင်,t,verified,
6468,ff921958-83f9-44df-919a-3093fc826112,လားရှိုး,6463,လားရှိုးခရိုင်,t,verified,
6479,68fdbb5b-be2b-46ce-902c-e797d59d2e18,မိုင်းရယ်,6463,လားရှိုးခရိုင်,t,verified,
6523,19f6b48b-fdae-4a77-b5ca-2b5db453543e,သီပေါ,6500,ကျောက်မဲခရိုင်,t,verified,
6524,f34b0bf9-b79a-413e-b2e6-17ac39239fd7,နောင်ချို,6500,ကျောက်မဲခရိုင်,t,unverified,
6527,c5ae9f1c-5a77-45ec-be90-851b56ef9604,မန်တုံ,7532,ပလောင် ကိုယ်ပိုင်အုပ်ချုပ်ခွင့်ရဒေသ,t,verified,
6535,96d53f71-1e23-4f54-ae08-256a6bb1f979,အောင်မြေသာစံ,6538,မန္တလေးခရိုင်,t,unverified,
6536,776f0afa-d089-4aeb-84cf-9d1c24d95100,ပြင်ဦးလွင်,6537,ပြင်ဦးလွင်ခရိုင်,t,verified,
6544,21922df7-c2f0-415e-b4dd-c465d1c2ea86,မတ္တရာ,6537,ပြင်ဦးလွင်ခရိုင်,t,verified,
6550,c9b96340-c36a-4336-81d9-31dc5bccf328,စဉ့်ကူး,6537,ပြင်ဦးလွင်ခရိုင်,t,verified,
6551,b0bd0c52-512f-45b6-97e1-7e42edbccf3e,ကျောက်မဲ,6500,ကျောက်မဲခရိုင်,t,verified,
6553,ba378de0-e38a-46d6-9e96-68a7bb2b494e,မိုးကုတ်,6537,ပြင်ဦးလွင်ခရိုင်,t,verified,
6554,5cae90bf-1722-4dd9-b929-8f64e4ff89be,သပိတ်ကျင်း,6537,ပြင်ဦးလွင်ခရိုင်,t,verified,
6558,f7a2ec31-1c24-4b7c-b4f4-cc46d2403490,မိုးမိတ်,6586,မိုးမိတ်ခရိုင်,t,verified,
6560,83d6611b-afc3-49dd-bb6b-83d91b09cc37,နမ္မတူ,6500,ကျောက်မဲခရိုင်,t,verified,
6562,4af0fa55-4019-49ac-9b76-ad0280aeb3ab,သိန္နီ,6463,လားရှိုးခရိုင်,t,needs_fix,coremap_manual
6569,3342e8b9-1c9e-458f-8a7a-1792c4afffda,ကွတ်ခိုင်,6598,မူဆယ်ခရိုင်,t,needs_fix,coremap_manual
6584,7a674913-c9d6-443f-8c1a-a9b3a4eff384,မံစီ,6594,ဗန်းမော်ခရိုင်,t,verified,
6585,16f9e74c-f933-4bae-aca5-b029782a4d2c,မဘိမ်း,6586,မိုးမိတ်ခရိုင်,t,verified,
6587,ac1ee905-d224-41e8-88ce-3a5036e05d34,ထီးချိုင့်,6704,ကောလင်းခရိုင်,t,verified,
6588,095293bf-0b9b-4ab3-abe0-3912b48f1b1e,ကသာ,6704,ကောလင်းခရိုင်,t,verified,
6589,ea3b5bf4-dfea-43ee-8561-3db7758b098e,ရွှေကူ,6594,ဗန်းမော်ခရိုင်,t,unverified,
6593,9cd1afaa-7da3-4888-94bd-620bc717726e,မိုးမောက်,6594,ဗန်းမော်ခရိုင်,t,verified,
6597,48b45252-a3f6-4822-987d-280838152416,နမ့်ဖက်ကာမြို့နယ်,6598,မူဆယ်ခရိုင်,t,needs_fix,coremap_manual
6599,8c022312-297d-4a47-b3f2-4582461ac3f6,နမ့်ခမ်း,6598,မူဆယ်ခရိုင်,t,needs_fix,coremap_manual
6600,3cfd5b12-9bbb-485c-94ac-35016a790171,မူဆယ်,6598,မူဆယ်ခရိုင်,t,needs_fix,coremap_manual
6601,9acfdc84-eb1f-4200-a298-8fa0c523e65a,မိုးညှင်း,6659,မိုးညှင်းခရိုင်,t,verified,
6607,5941d795-effb-4966-96b2-74294d19f8f3,အင်းတော်,6704,ကောလင်းခရိုင်,t,verified,
6610,96224d14-78b1-4bb9-84b2-c1fc64d41b95,မြစ်ကြီးနား,6622,မြစ်ကြီးနားခရိုင်,t,verified,
6612,dfe77f04-45f5-47d4-9bb9-55c25c4c0e23,ဗန်းမော်,6594,ဗန်းမော်ခရိုင်,t,verified,
6620,2d6a3126-be24-4d7c-9e59-bf6632b5b3aa,ဟုန်ရှင်းမြို့နယ်,6411,ကိုးကန့် ကိုယ်ပိုင်အုပ်ချုပ်ခွင့်ရဒေသ,t,verified,
6623,ba395666-afb8-486b-856c-2240e02e0ab1,ဝိုင်းမော်,6622,မြစ်ကြီးနားခရိုင်,t,verified,
6660,00bb5083-77f4-4aa5-8a54-ba210d766395,မိုးကောင်း,6659,မိုးညှင်းခရိုင်,t,verified,
6664,23ff19df-3432-41d1-a5f7-f6aac6997004,ဖားကန့်,6659,မိုးညှင်းခရိုင်,t,verified,
6666,1e399fef-fd78-4c8d-81f9-180a0d01b05d,တနိုင်း,6622,မြစ်ကြီးနားခရိုင်,t,verified,
6668,95a2ca52-9e38-4045-9e00-334771a534ae,အင်ဂျန်းယန်,6622,မြစ်ကြီးနားခရိုင်,t,verified,
6669,b0c4f113-21e5-4b70-a754-3843617e2eda,ဆွမ်ပရာဘွမ်,6682,ပူတာအိုခရိုင်,t,verified,
6674,8ce962d0-88de-4d8b-84c1-17eb6ed9c26b,နန်းယွန်း,6693,နာဂကိုယ်ပိုင်အုပ်ချုပ်ခွင့်ရဒေသ,t,verified,
6681,39aca498-4c51-49b3-ae50-50cc7ef46888,နောင်မွန်း,6682,ပူတာအိုခရိုင်,t,verified,
6685,505814e4-7afc-4d8a-aab2-96607200bf17,ပူတာအို,6682,ပူတာအိုခရိုင်,t,verified,
6686,4207b38e-0d5f-4e42-b071-b612145829ea,မချမ်းဘော,6682,ပူတာအိုခရိုင်,t,verified,
6687,096f8dca-1a90-4741-a264-840963b4794f,ခေါင်လန်ဖူး,6682,ပူတာအိုခရိုင်,t,verified,
6688,f29af43f-7f83-43a5-b063-d3d12aa760e4,ဆော့လော်,6622,မြစ်ကြီးနားခရိုင်,t,verified,
6690,93c52e90-af03-420b-aea3-2a4ae723f1e1,ချီ​ဖွေ,6622,မြစ်ကြီးနားခရိုင်,t,verified,
6692,e5865555-62ad-4691-b0d5-4d1c32960fb8,လဟယ်,6693,နာဂကိုယ်ပိုင်အုပ်ချုပ်ခွင့်ရဒေသ,t,verified,
6694,2e1a75a6-6544-445a-99e9-a2815bd85566,ခန္တီး,6700,ခန္တီးခရိုင်,t,verified,
6699,b99234fc-d2b4-476d-850a-687e7f3b2a9e,လေရှီး,6693,နာဂကိုယ်ပိုင်အုပ်ချုပ်ခွင့်ရဒေသ,t,verified,
6701,568658f9-06a6-48b5-8258-23c1733ad239,ဟုမ္မလင်း,6700,ခန္တီးခရိုင်,t,verified,
6702,acb43757-0344-47f8-a6f0-edb963235506,ဗန်းမောက်,6704,ကောလင်းခရိုင်,t,verified,
6706,83d0a50c-1630-455e-83f2-f73c5c9485b7,ဝန်းသို,6704,ကောလင်းခရိုင်,t,verified,
6707,5f6297ae-7943-4f0c-ad38-3efcd076d215,ပင်လည်ဘူး,6704,ကောလင်းခရိုင်,t,verified,
6712,f3446bb2-ea07-4eb5-9bf0-8f33131827c2,တွန်းဇန်,6740,ဖလမ်းခရိုင်,t,verified,
6715,c079d170-4592-4220-a809-4ae8014e62c4,ဖောင်းပြင်,5021,မော်လိုက်ခရိုင်,t,verified,
6718,6d0a56e1-51d5-454b-aad5-d8bccd6003d3,တီးတိန်,6740,ဖလမ်းခရိုင်,t,verified,
6726,fc959785-eb5b-4a8d-8fa3-2b8ef4ad4463,တမူး,6725,တမူးခရိုင်,t,unverified,
6739,8e6d8096-1fd2-45cf-bd3b-615123e89025,ဖလမ်း,6740,ဖလမ်းခရိုင်,t,verified,
6741,44d39efd-def9-4dd5-a573-f3543a988c81,ကလေး,6799,ကလေးခရိုင်,t,verified,
6742,e888b32b-b200-4e60-9779-35125d286ab0,ကလေးဝ,6799,ကလေးခရိုင်,t,verified,
6743,70cdaaf1-3d52-4cde-86e8-2f1f8b622f49,ဟားခါး,6746,ဟားခါးခရိုင်,t,verified,
6745,cc89cf83-55dc-4c9b-9286-69178c26c4d1,ထန်တလန်,6746,ဟားခါးခရိုင်,t,verified,
6761,84a1b427-e7ce-444e-9db5-748689d20934,ကောလင်း,6704,ကောလင်းခရိုင်,t,verified,
6762,28df4faf-3bb8-486f-bd1f-b7c8371bcee9,ကန့်ဘလူ,6785,ကန့်ဘလူခရိုင်,t,verified,
6766,0c37fbaa-de5f-444d-ab2a-ab13e6524ed7,တန့်ဆည်,6785,ကန့်ဘလူခရိုင်,t,verified,
6767,6df41163-6032-4152-83bf-9f3f960eef7b,မြန်အောင်,7155,ဟင်္သာတခရိုင်,t,verified,
6778,a9ab83ec-ebee-4484-80b9-b8b829c4b038,ပန်းတောင်း,7128,ပြည်ခရိုင်,t,verified,
6783,116ebe5a-45fc-4111-9936-20de2e5079a3,ခင်ဦး,6785,ကန့်ဘလူခရိုင်,t,verified,
6786,80600f77-5563-49a6-ac6f-9ee0397b8459,ရွှေဘို,6785,ကန့်ဘလူခရိုင်,t,verified,
6788,0a647bb1-b417-4fa4-9971-c609c43025ff,ဒီပဲယင်း,6785,ကန့်ဘလူခရိုင်,t,verified,
6789,4e96d72b-c2a4-4087-acdf-f69ff529a386,ရေဦး,6785,ကန့်ဘလူခရိုင်,t,verified,
6798,ca7ddc81-3d99-4e57-af9d-9f3c15a4a808,မင်းကင်း,6799,ကလေးခရိုင်,t,verified,
6805,eef99641-8a5a-4e13-93a3-487c9236f0e4,ကနီ,6804,ယင်းမာပင်ခရိုင်,t,verified,
6809,4f99f426-002f-415d-a1a2-f1c42d36394c,ဂန့်ဂေါ,6920,ဂန့်ဂေါခရိုင်,t,verified,
6814,edf7f426-5a2e-4807-a914-79df997455f5,ပုလဲ,6804,ယင်းမာပင်ခရိုင်,t,verified,
6816,91b55220-b197-49e3-ac58-54fd8b56765e,ယင်းမာပင်,6804,ယင်းမာပင်ခရိုင်,t,verified,
6822,f542f9e9-d5aa-43ff-a403-441ff3f89b91,မုံရွာ,6823,မုံရွာခရိုင်,t,unverified,
6824,7877cbc5-f5c0-4c1e-9a92-4bb2a9a953b6,ဘုတလင်,6823,မုံရွာခရိုင်,t,verified,
6825,7f2538a1-9e04-464d-a823-465b9353f8d1,အရာတော်,6823,မုံရွာခရိုင်,t,verified,
6828,51cb6164-a342-4820-9eb7-00f10f5af4a4,ဝက်လက်,6785,ကန့်ဘလူခရိုင်,t,verified,
6829,75ff8eac-0302-4945-afb3-31c823ae50ff,မြင်းမူ,6861,စစ်ကိုင်းခရိုင်,t,verified,
6831,a3fe95b9-754b-4041-ace9-f5f407d1153d,စစ်ကိုင်း,6861,စစ်ကိုင်းခရိုင်,t,verified,
6857,6b23b111-7fa1-4947-be07-3514241893bd,ငါန်းဇွန်,6721,မြင်းခြံခရိုင်,t,verified,
6862,ea3e81ce-2849-454d-9517-6733661a27a3,ချောင်းဦး,6823,မုံရွာခရိုင်,t,unverified,
6872,9a4ff5bc-0c18-4f38-849e-9e9a5bec38d8,ဆားလင်းကြီး,6804,ယင်းမာပင်ခရိုင်,t,verified,
6875,9afca375-72dc-417a-8052-fd32bbaa72f8,မြောင်,6861,စစ်ကိုင်းခရိုင်,t,verified,
6883,a567c34c-cdc5-4aa5-b61e-b5910579ced0,ရေစကြို,6912,ပခုက္ကူခရိုင်,t,verified,
6888,21bf0318-9035-4e18-b876-068b00439e2d,မြင်းခြံ,6721,မြင်းခြံခရိုင်,t,verified,
6891,fcba5cec-db26-4dd3-99c3-14559fc484c0,တံတားဦး,6197,ကျောက်ဆည်ခရိုင်,t,verified,
6892,30ca03d5-6bc5-457d-99f0-a5dae4aee99a,နွားထိုးကြီး,6721,မြင်းခြံခရိုင်,t,verified,
6897,ba2d7ed8-46c2-4600-82b0-2ce891dea030,မြေပုံ,7005,မြောက်ဦးခရိုင်,t,unverified,
6898,b5d72b9f-c4a4-4a98-89a3-195891569e96,မလှိုင်,6165,မိတ္ထီလာခရိုင်,t,verified,
6903,18497891-0384-4b32-98c9-08b93feed1f1,တောင်သာ,6721,မြင်းခြံခရိုင်,t,verified,
6905,68baff1b-998c-4994-8244-2fe2d9f63b74,ညောင်ဦး,7049,ညောင်ဦးခရိုင်,t,verified,
6914,972fde85-8ce2-48a4-b973-7faeefd60067,ပခုက္ကူ,6912,ပခုက္ကူခရိုင်,t,verified,
6916,f415d4d3-7d66-47ad-bbae-10e388fd10fa,ဆိပ်ဖြူ,6912,ပခုက္ကူခရိုင်,t,verified,
6922,7edf813a-edf2-48cd-8c2e-aa6fd19e3e18,မတူပီ,6921,မတူပီခရိုင်,t,verified,
6926,35042149-23a3-4a72-a88b-36326069306d,ဆော,6920,ဂန့်ဂေါခရိုင်,t,verified,
6927,231de333-b209-49f7-896e-fb9ce16d9957,ထီးလင်း,6920,ဂန့်ဂေါခရိုင်,t,verified,
6929,0f20a56c-a00d-4b9d-b295-40fec54cf542,ပေါက်,6912,ပခုက္ကူခရိုင်,t,verified,
6931,dc1a9828-8631-4051-bdea-5d3d45b96a86,မြိုင်,6912,ပခုက္ကူခရိုင်,t,verified,
6941,02191b8a-704d-444d-9c61-2fd279e40ed1,ပလက်ဝ,6921,မတူပီခရိုင်,t,verified,
6943,a3d8d95b-e0c8-4973-848a-b62ebf542d3d,မင်းတပ်,6948,မင်းတပ်ခရိုင်,t,verified,
6949,673e6f08-eaff-477b-bc3a-681598f36223,ကန်ပက်လက်,6948,မင်းတပ်ခရိုင်,t,verified,
6950,21053ec0-3c86-497e-9aed-d82667ca8b8a,မင်းပြား,7005,မြောက်ဦးခရိုင်,t,unverified,
6951,9507bdfe-ed00-46b7-9f9e-e4ec83debe07,မြောက်ဦး,7005,မြောက်ဦးခရိုင်,t,verified,
6960,9ad7c7bd-8c9d-48ce-85a4-72b48a60c052,ကျောက်တော်,7005,မြောက်ဦးခရိုင်,t,verified,
6965,775b6bc4-da21-4482-b9b3-c6f3f34965f1,ဘူးသီးတောင်,6967,မောင်တောခရိုင်,t,verified,
6966,6620e7fe-f387-484d-8ebb-58f02975674e,မောင်တော,6967,မောင်တောခရိုင်,t,verified,
6986,9ed96ae9-faa6-4198-9e03-b8db24ee490f,ရသေ့တောင်,6988,စစ်တွေခရိုင်,t,verified,
6987,bcd4d504-e27d-4861-b036-b4b857ff89d4,ပုဏ္ဏားကျွန်း,6988,စစ်တွေခရိုင်,t,verified,
6993,819f7b87-8dbf-4de5-98a2-5486f01ce478,စစ်တွေ,6988,စစ်တွေခရိုင်,t,verified,
7000,c7e446b4-6cbe-490a-8008-e766aa5f520e,ပေါက်တော,6988,စစ်တွေခရိုင်,t,unverified,
7018,781a6371-d321-4408-84f2-36c14d592f4e,မင်းဘူး(စကု)မြို့နယ်,7029,မင်းဘူးခရိုင်,t,verified,
7024,ac82df72-8e20-43e8-afd4-c406250ebe08,ပွင့်ဖြူ,7029,မင်းဘူးခရိုင်,t,verified,
7026,83a38b3f-0d35-44c5-9b40-7a53ef37bdcc,စေတုတ္တရာမြို့နယ်,7029,မင်းဘူးခရိုင်,t,verified,
7028,adc69753-da7e-446d-90d4-d97babb81457,ရေနံချောင်း,7053,မကွေးခရိုင်,t,verified,
7031,e05a66b5-54c8-49a1-ae5c-6c1397b0bb5d,ချောက်,7053,မကွေးခရိုင်,t,verified,
7033,e56e0039-0795-4131-8298-43d0fc96bbc4,စလင်း,7029,မင်းဘူးခရိုင်,t,verified,
7038,6769e22f-6fb0-4531-b2a9-543ea3b22586,နတ်မောက်,7053,မကွေးခရိုင်,t,verified,
7050,3f00393a-8c63-48f6-95ef-86c24469c174,ကျောက်ပန်းတောင်း,7049,ညောင်ဦးခရိုင်,t,verified,
7051,6b70ffb5-9038-49b1-ae7f-684427d4c4d4,မိတ္ထီလာ,6165,မိတ္ထီလာခရိုင်,t,verified,
7052,8f67450f-dd02-45c1-8d9d-d9d41ece6c35,ပျော်ဘွယ်,6068,ရမည်းသင်းခရိုင်,t,verified,
7071,0ed999bd-23c2-4cca-8abf-ebde524131d1,မြို့သစ်,7053,မကွေးခရိုင်,t,verified,
7072,5b67398c-0862-483b-960e-17ccb56205bc,မကွေး,7053,မကွေးခရိုင်,t,verified,
7076,3dbb574f-352d-4102-a2ed-2742a86cea07,တောင်တွင်းကြီး,7053,မကွေးခရိုင်,t,unverified,
7079,dbe4fdae-72a9-46ae-9b5c-31ef4f54acb7,ဥတ္တရသီရိ,6051,ဥတ္တရခရိုင်,t,unverified,
7081,64da25b6-6b6b-4dbe-aeea-7576a5ba3327,ဆင်ပေါင်ဝဲ,7128,ပြည်ခရိုင်,t,verified,
7090,a24a6a70-fe02-408e-9b16-b1957981e3bd,မင်းလှ,7128,ပြည်ခရိုင်,t,verified,
7096,34560ee0-e930-4424-afca-32e5bd27a0a4,ငဖဲ,7029,မင်းဘူးခရိုင်,t,verified,
7098,23fcc105-16fc-44f9-9a18-71955d34e0f2,အမ်း,7185,ကျောက်ဖြူခရိုင်,t,unverified,
7107,932e0135-105f-4d20-86df-4eef4c8eebf5,မင်းတုန်း,7128,ပြည်ခရိုင်,t,verified,
7109,30c03d09-353b-4f6f-bbe1-a748be68445c,တောင်ကုတ်,7173,သံတွဲခရိုင်,t,verified,
7114,c6f57d44-a1b3-40e8-b6d5-b4fefcac8138,ကံမ,7128,ပြည်ခရိုင်,t,verified,
7123,f18402bf-d644-4254-950b-a5120ecc0944,အောင်လံ,7128,ပြည်ခရိုင်,t,verified,
7127,3947a6a8-b983-4238-a4b8-141c76c2e268,သရက်,7128,ပြည်ခရိုင်,t,verified,
7137,7ef50b48-148f-4042-9152-f57229dc8ecf,ပေါက်ခေါင်း,7128,ပြည်ခရိုင်,t,verified,
7139,2f1f583a-5ab0-4e13-9357-13f5b8dc3ad4,ပြည်,7128,ပြည်ခရိုင်,t,verified,
7151,2f844ca1-4eb2-4911-b80b-2987d884fddd,ရွှေတောင်,7128,ပြည်ခရိုင်,t,verified,
7157,1cb6f236-e7e3-4b01-865c-04436c393602,သဲကုန်း,7128,ပြည်ခရိုင်,t,verified,
7160,d25c0246-f943-42a3-a97b-24f20150614f,နတ်တလင်း,7170,သာယာဝတီခရိုင်,t,verified,
7161,964c827f-a171-4b04-b1a7-02b6c2198bde,ပေါင်းတည်,7128,ပြည်ခရိုင်,t,verified,
7162,df682010-f157-4ea8-9528-353045731ea5,ဇီးကုန်း,7170,သာယာဝတီခရိုင်,t,verified,
7163,9fd8601d-df57-4568-b7f9-07bfbee0988f,ကြို့ပင်ကောက်,7170,သာယာဝတီခရိုင်,t,unverified,
7168,5b5b8580-77e5-423a-9e78-c9dee4c12070,အုတ်ဖို,7170,သာယာဝတီခရိုင်,t,verified,
7171,3465bc05-4c64-4087-b9e6-787b2ff029d2,မိုးညို,7170,သာယာဝတီခရိုင်,t,verified,
7172,9363484c-e4e5-45c6-b029-4d5caca66af0,ကြံခင်း,7155,ဟင်္သာတခရိုင်,t,verified,
7176,617a076d-421a-4c29-a5f9-e118e2357ee2,သံတွဲ,7173,သံတွဲခရိုင်,t,verified,
7184,73a6ff73-0d1a-4839-b932-af06688c50f9,ရမ်းဗြဲ,7185,ကျောက်ဖြူခရိုင်,t,unverified,
7186,57660ae1-9f7c-4c08-a4fe-33aa56abe364,သာပေါင်း,7363,ပုသိမ်ခရိုင်,t,verified,
7187,938a79c1-c5f0-4a7a-9f2a-120dff8c8750,ရေကြည်,7363,ပုသိမ်ခရိုင်,t,verified,
7188,c2000745-f2c8-42a4-b31d-a10beb1f5db9,ဂွ,7173,သံတွဲခရိုင်,t,verified,
7194,79a3fb1a-6ac3-4c58-bbe4-60bd582180c8,လေးမျက်နှာ,7155,ဟင်္သာတခရိုင်,t,verified,
7208,c40f3356-d1bc-4113-92bd-c77e20f02dcd,ဟင်္သာတ,7155,ဟင်္သာတခရိုင်,t,verified,
7215,3df6f30f-b6a6-4180-9d69-681c02c7653e,အင်္ဂပူ,7155,ဟင်္သာတခရိုင်,t,verified,
7224,f03b16e4-2bbd-42f2-a62b-ad95b37579d6,မင်းလှ,7170,သာယာဝတီခရိုင်,t,verified,
7225,b5d53caf-38cc-4e4a-a62a-d498b35a6ed7,လက်ပံတန်း,7170,သာယာဝတီခရိုင်,t,verified,
7232,560d526f-96ec-4c02-9e4e-16d7c1fec577,သာယာဝတီ,7170,သာယာဝတီခရိုင်,t,verified,
7233,93303d13-3738-4d01-97f7-5a5b42120022,တိုက်ကြီး,7234,ရန်ကုန်(မြောက်ပိုင်း),t,verified,
7259,9d3a5b63-0902-4dcd-aa02-ddc3480fb3b5,ဇလွန်,7155,ဟင်္သာတခရိုင်,t,verified,
7282,7c7a5171-9546-4ae7-b409-7b184514b5c8,ကျုံပျော်,7363,ပုသိမ်ခရိုင်,t,verified,
7286,fc5fb99f-0ec5-41d1-b5b0-064196e6385f,ကျောင်းကုန်း,7363,ပုသိမ်ခရိုင်,t,verified,
7295,da4ff5bf-c34c-4316-be20-20173fa9c4d6,ဓနုဖြူ,7299,မအူပင်ခရိုင်,t,verified,
7298,3bb35289-a4da-41a6-ba7f-696085af43bc,ထန်းတပင်,7234,ရန်ကုန်(မြောက်ပိုင်း),t,verified,
7300,3661bfa2-9e70-46c2-a089-13e59e14e8fe,တွံတေး,12,ရန်ကုန်(တောင်ပိုင်း),t,verified,
7309,ff251041-06ea-45a0-aa08-431814657fff,ကျိုက်လတ်,7428,ဖျာပုံခရိုင်,t,needs_fix,coremap_manual
7323,c245a4d4-9f3f-4b05-a8ef-9328b86530a4,ဝါးခယ်မ,7324,မြောင်းမြခရိုင်,t,verified,
7326,af8b7d53-f2b7-45de-a5cc-f1259bc0924a,အိမ်မဲ,7324,မြောင်းမြခရိုင်,t,verified,
7332,f860b744-d489-43d5-9d64-db893de498c3,ပန်းတနော်,7299,မအူပင်ခရိုင်,t,needs_fix,coremap_manual
7335,6a059dfe-9f09-4ccb-a201-19c9cc7e04f0,မြောင်းမြ,7324,မြောင်းမြခရိုင်,t,verified,
7344,49549148-8465-4f43-b4d1-e2a4501319b4,ကန်ကြီးထောင့်,7363,ပုသိမ်ခရိုင်,t,verified,
7362,e659ac44-0298-4bfe-a48b-560403168733,ပုသိမ်,7363,ပုသိမ်ခရိုင်,t,verified,
7364,2f51dc29-a19c-48ca-89d9-d951dbd8a8f5,ငပုတော,7363,ပုသိမ်ခရိုင်,t,verified,
7374,96c0f1e6-4ed8-4125-91b5-29c9320f6c01,လပွတ္တာ,7377,လပွတ္တာခရိုင်,t,verified,
7375,80e32d07-58e8-49d5-b202-e8810dea971c,ဖျာပုံ,7428,ဖျာပုံခရိုင်,t,verified,
7376,357de554-ea71-462d-b3b0-76b4508b2792,ဘိုကလေး,7428,ဖျာပုံခရိုင်,t,verified,
7392,51773fa5-fde7-4c90-8c7b-b20a7b4c5cf6,မော်လမြိုင်ကျွန်း,7377,လပွတ္တာခရိုင်,t,verified,
7427,7e15f3d3-627f-4733-b020-b6db87e6b3bf,ဒေးဒရဲ,7428,ဖျာပုံခရိုင်,t,verified,
7439,7c5cfd66-d305-441b-9b16-6e4e98a4844f,ကျွန်းစု,7448,မြိတ်ခရိုင်,t,verified,
7440,62cda449-1708-4491-8e4a-7ae7238b7a34,ကိုကိုးကျွန်း,12,ရန်ကုန်(တောင်ပိုင်း),t,verified,
7444,0ddac6e9-b7fb-4d6b-bf8a-57b1aa03a508,ကော့သောင်မြို့နယ်,7438,ကော့သောင်းခရိုင်,t,verified,
7465,88215f2e-f643-4572-a292-4c9b5b1e5a87,မြိတ်,7448,မြိတ်ခရိုင်,t,verified,
7468,08e5c18f-919d-4121-91a2-3d40bf9f71da,တနင်္သာရီ,7448,မြိတ်ခရိုင်,t,verified,
7469,cbb5dfc0-136f-45a0-924e-c7e0147f1518,ပုလော,7448,မြိတ်ခရိုင်,t,verified,
7470,6e588fe0-2d5f-4809-8b82-dac1c7db5a7e,ထားဝယ်,7509,ထားဝယ်ခရိုင်,t,verified,
7471,122269c9-31d6-4b28-b2cb-f6433e09f2d3,သရက်ချောင်း,7509,ထားဝယ်ခရိုင်,t,verified,
7481,7d006710-763d-4f85-9de7-923011443a8b,လောင်းလုံး,7509,ထားဝယ်ခရိုင်,t,verified,
7482,bfec2286-8963-470f-b164-9357b30d4e04,သံဖြူဇရပ်,5099,မော်လမြိုင်ခရိုင်,t,verified,
7491,a0b70b70-f37d-41ff-9957-313535770a62,ရေး,5099,မော်လမြိုင်ခရိုင်,t,verified,
7502,3fa70d2c-1c6b-4fd3-bf26-ac089771f85a,ကြာအင်းဆိပ်ကြီး,5031,ကော့ကရိတ်ခရိုင်,t,verified,
7503,884fab3e-92ce-4c37-ba27-b1ad2bc2f24c,ရေဖြူ,7509,ထားဝယ်ခရိုင်,t,verified,
7524,7f3491b6-d8c4-4539-99b5-c56c9a9412d4,ညောင်တုန်း,7299,မအူပင်ခရိုင်,t,needs_fix,coremap_manual
7525,01ce4309-c29b-4799-b4de-daee84e99ba4,မအူပင်,7299,မအူပင်ခရိုင်,t,needs_fix,coremap_manual
7526,d675f613-6c3b-4bbb-be7c-aba321288cff,မိုင်းလား,6361,ကျိုင်းတုံခရိုင်,t,needs_fix,coremap_manual
