review_id,source_key,review_decision,selected_core_id,losing_core_ids,name_source,geometry_policy,review_note,updated_at
ward:MMR009001701515:row81:ward_boundary_countrywide_v94.zip_mmr_polbnda_adm5_mimu_v9_4.shp,ward:MMR009001701515:row81:ward_boundary_countrywide_v94.zip_mmr_polbnda_adm5_mimu_v9_4.shp,keep_both,7015,,,,smoke test defer,2026-09-21T10:04:12.798Z
ward:MMR017020701502:row370:ward_boundary_countrywide_v94.zip_mmr_polbnda_adm5_mimu_v9_4.shp,ward:MMR017020701502:row370:ward_boundary_countrywide_v94.zip_mmr_polbnda_adm5_mimu_v9_4.shp,keep_both,7331,,,,Unique,2026-09-21T10:01:22.619Z
ward:MMR005001701502:row434:ward_boundary_countrywide_v94.zip_mmr_polbnda_adm5_mimu_v9_4.shp,ward:MMR005001701502:row434:ward_boundary_countrywide_v94.zip_mmr_polbnda_adm5_mimu_v9_4.shp,match_existing,6849,,,,,2026-09-21T10:04:49.727Z
ward:MMR017020701503:row369:ward_boundary_countrywide_v94.zip_mmr_polbnda_adm5_mimu_v9_4.shp,ward:MMR017020701503:row369:ward_boundary_countrywide_v94.zip_mmr_polbnda_adm5_mimu_v9_4.shp,keep_both,7331,,,,,2026-09-21T10:05:00.949Z
ward:MMR017020701501:row371:ward_boundary_countrywide_v94.zip_mmr_polbnda_adm5_mimu_v9_4.shp,ward:MMR017020701501:row371:ward_boundary_countrywide_v94.zip_mmr_polbnda_adm5_mimu_v9_4.shp,keep_both,7331,,,,,2026-09-21T10:05:09.189Z
ward:MMR011001701526:row506:ward_boundary_countrywide_v94.zip_mmr_polbnda_adm5_mimu_v9_4.shp,ward:MMR011001701526:row506:ward_boundary_countrywide_v94.zip_mmr_polbnda_adm5_mimu_v9_4.shp,keep_both,5087,,,,,2026-09-21T10:05:18.642Z
ward:MMR013002701514:row1043:ward_boundary_countrywide_v94.zip_mmr_polbnda_adm5_mimu_v9_4.shp,ward:MMR013002701514:row1043:ward_boundary_countrywide_v94.zip_mmr_polbnda_adm5_mimu_v9_4.shp,keep_both,5783,,,,,2026-09-21T10:05:23.943Z
ward:MMR013018701526:row1133:ward_boundary_countrywide_v94.zip_mmr_polbnda_adm5_mimu_v9_4.shp,ward:MMR013018701526:row1133:ward_boundary_countrywide_v94.zip_mmr_polbnda_adm5_mimu_v9_4.shp,reject_source_error,,,,,,2026-09-21T10:08:43.945Z
ward:MMR013018701525:row1134:ward_boundary_countrywide_v94.zip_mmr_polbnda_adm5_mimu_v9_4.shp,ward:MMR013018701525:row1134:ward_boundary_countrywide_v94.zip_mmr_polbnda_adm5_mimu_v9_4.shp,reject_source_error,,,,,,2026-09-21T10:09:00.112Z
ward:MMR013021701532:row1213:ward_boundary_countrywide_v94.zip_mmr_polbnda_adm5_mimu_v9_4.shp,ward:MMR013021701532:row1213:ward_boundary_countrywide_v94.zip_mmr_polbnda_adm5_mimu_v9_4.shp,keep_both,5187,,,,,2026-09-21T10:09:05.889Z
ward:MMR013021701534:row1227:ward_boundary_countrywide_v94.zip_mmr_polbnda_adm5_mimu_v9_4.shp,ward:MMR013021701534:row1227:ward_boundary_countrywide_v94.zip_mmr_polbnda_adm5_mimu_v9_4.shp,keep_both,5187,,,,,2026-09-21T10:09:20.477Z
ward:MMR007008701505:row1421:ward_boundary_countrywide_v94.zip_mmr_polbnda_adm5_mimu_v9_4.shp,ward:MMR007008701505:row1421:ward_boundary_countrywide_v94.zip_mmr_polbnda_adm5_mimu_v9_4.shp,reject_source_error,,,,,,2026-09-21T10:09:36.138Z
ward:MMR010018701504:row1546:ward_boundary_countrywide_v94.zip_mmr_polbnda_adm5_mimu_v9_4.shp,ward:MMR010018701504:row1546:ward_boundary_countrywide_v94.zip_mmr_polbnda_adm5_mimu_v9_4.shp,reject_source_error,,,,,,2026-09-21T10:09:41.426Z
ward:MMR018002701510:row1565:ward_boundary_countrywide_v94.zip_mmr_polbnda_adm5_mimu_v9_4.shp,ward:MMR018002701510:row1565:ward_boundary_countrywide_v94.zip_mmr_polbnda_adm5_mimu_v9_4.shp,keep_both,6011,,,,,2026-09-21T10:10:52.772Z
ward:MMR018002701509:row1574:ward_boundary_countrywide_v94.zip_mmr_polbnda_adm5_mimu_v9_4.shp,ward:MMR018002701509:row1574:ward_boundary_countrywide_v94.zip_mmr_polbnda_adm5_mimu_v9_4.shp,reject_source_error,,,,,,2026-09-21T10:10:57.803Z
ward:MMR018002701508:row1572:ward_boundary_countrywide_v94.zip_mmr_polbnda_adm5_mimu_v9_4.shp,ward:MMR018002701508:row1572:ward_boundary_countrywide_v94.zip_mmr_polbnda_adm5_mimu_v9_4.shp,match_existing,6012,,,,,2026-09-21T10:12:25.301Z
ward:MMR018007701506:row1576:ward_boundary_countrywide_v94.zip_mmr_polbnda_adm5_mimu_v9_4.shp,ward:MMR018007701506:row1576:ward_boundary_countrywide_v94.zip_mmr_polbnda_adm5_mimu_v9_4.shp,keep_both,5989,,,,,2026-09-21T10:12:37.850Z
ward:MMR005011701503:row1589:ward_boundary_countrywide_v94.zip_mmr_polbnda_adm5_mimu_v9_4.shp,ward:MMR005011701503:row1589:ward_boundary_countrywide_v94.zip_mmr_polbnda_adm5_mimu_v9_4.shp,reject_source_error,,,,,,2026-09-21T10:12:59.903Z
ward:MMR005011701503:row1611:ward_boundary_countrywide_v94.zip_mmr_polbnda_adm5_mimu_v9_4.shp,ward:MMR005011701503:row1611:ward_boundary_countrywide_v94.zip_mmr_polbnda_adm5_mimu_v9_4.shp,reject_source_error,,,,,,2026-09-21T10:13:06.550Z
ward:MMR018002701507:row1575:ward_boundary_countrywide_v94.zip_mmr_polbnda_adm5_mimu_v9_4.shp,ward:MMR018002701507:row1575:ward_boundary_countrywide_v94.zip_mmr_polbnda_adm5_mimu_v9_4.shp,match_existing,5117,,,,,2026-09-21T10:13:20.224Z
ward:MMR018007701504:row1672:ward_boundary_countrywide_v94.zip_mmr_polbnda_adm5_mimu_v9_4.shp,ward:MMR018007701504:row1672:ward_boundary_countrywide_v94.zip_mmr_polbnda_adm5_mimu_v9_4.shp,keep_both,5989,,,,,2026-09-21T10:13:26.283Z
ward:MMR018007701505:row1674:ward_boundary_countrywide_v94.zip_mmr_polbnda_adm5_mimu_v9_4.shp,ward:MMR018007701505:row1674:ward_boundary_countrywide_v94.zip_mmr_polbnda_adm5_mimu_v9_4.shp,keep_both,5989,,,,,2026-09-21T10:13:30.985Z
ward:MMR018007701502:row1675:ward_boundary_countrywide_v94.zip_mmr_polbnda_adm5_mimu_v9_4.shp,ward:MMR018007701502:row1675:ward_boundary_countrywide_v94.zip_mmr_polbnda_adm5_mimu_v9_4.shp,keep_both,5989,,,,,2026-09-21T10:13:39.927Z
ward:MMR013029701504:row1841:ward_boundary_countrywide_v94.zip_mmr_polbnda_adm5_mimu_v9_4.shp,ward:MMR013029701504:row1841:ward_boundary_countrywide_v94.zip_mmr_polbnda_adm5_mimu_v9_4.shp,match_existing,5119,,,,one_unique: MIMU matches survivor 5119; other CoreMaps merged,2026-09-21T11:22:27.391Z
ward:MMR013029701504:row1840:ward_boundary_countrywide_v94.zip_mmr_polbnda_adm5_mimu_v9_4.shp,ward:MMR013029701504:row1840:ward_boundary_countrywide_v94.zip_mmr_polbnda_adm5_mimu_v9_4.shp,reject_source_error,,,,,,2026-09-21T10:14:08.381Z
ward:MMR018007701503:row1676:ward_boundary_countrywide_v94.zip_mmr_polbnda_adm5_mimu_v9_4.shp,ward:MMR018007701503:row1676:ward_boundary_countrywide_v94.zip_mmr_polbnda_adm5_mimu_v9_4.shp,keep_both,5989,,,,,2026-09-21T10:14:18.632Z
ward:MMR010005701502:row1912:ward_boundary_countrywide_v94.zip_mmr_polbnda_adm5_mimu_v9_4.shp,ward:MMR010005701502:row1912:ward_boundary_countrywide_v94.zip_mmr_polbnda_adm5_mimu_v9_4.shp,match_existing,6211,,,,one_unique: MIMU matches survivor 6211; other CoreMaps merged,2026-09-21T11:20:54.717Z
village_tract:MMR017008050:row33:village_tract_boundary_Ayeyarwady_v94.zip_mmr_ady_polbnda_adm4_mimu_250k.shp,village_tract:MMR017008050:row33:village_tract_boundary_Ayeyarwady_v94.zip_mmr_ady_polbnda_adm4_mimu_250k.shp,keep_both,7200,,,,,2026-09-21T10:14:28.970Z
village_tract:MMR017016002:row415:village_tract_boundary_Ayeyarwady_v94.zip_mmr_ady_polbnda_adm4_mimu_250k.shp,village_tract:MMR017016002:row415:village_tract_boundary_Ayeyarwady_v94.zip_mmr_ady_polbnda_adm4_mimu_250k.shp,keep_both,7347,,,,,2026-09-21T10:14:36.635Z
village_tract:MMR017022056:row556:village_tract_boundary_Ayeyarwady_v94.zip_mmr_ady_polbnda_adm4_mimu_250k.shp,village_tract:MMR017022056:row556:village_tract_boundary_Ayeyarwady_v94.zip_mmr_ady_polbnda_adm4_mimu_250k.shp,keep_both,7249,,,,,2026-09-21T10:14:40.479Z
village_tract:MMR017018019:row613:village_tract_boundary_Ayeyarwady_v94.zip_mmr_ady_polbnda_adm4_mimu_250k.shp,village_tract:MMR017018019:row613:village_tract_boundary_Ayeyarwady_v94.zip_mmr_ady_polbnda_adm4_mimu_250k.shp,keep_both,7387,,,,,2026-09-21T10:14:43.113Z
village_tract:MMR017020015:row787:village_tract_boundary_Ayeyarwady_v94.zip_mmr_ady_polbnda_adm4_mimu_250k.shp,village_tract:MMR017020015:row787:village_tract_boundary_Ayeyarwady_v94.zip_mmr_ady_polbnda_adm4_mimu_250k.shp,keep_both,7331,,,,,2026-09-21T10:14:50.533Z
village_tract:MMR017002008:row1156:village_tract_boundary_Ayeyarwady_v94.zip_mmr_ady_polbnda_adm4_mimu_250k.shp,village_tract:MMR017002008:row1156:village_tract_boundary_Ayeyarwady_v94.zip_mmr_ady_polbnda_adm4_mimu_250k.shp,keep_both,7342,,,,,2026-09-21T10:16:32.247Z
village_tract:MMR017002071:row1169:village_tract_boundary_Ayeyarwady_v94.zip_mmr_ady_polbnda_adm4_mimu_250k.shp,village_tract:MMR017002071:row1169:village_tract_boundary_Ayeyarwady_v94.zip_mmr_ady_polbnda_adm4_mimu_250k.shp,keep_both,7343,,,,,2026-09-21T10:16:41.451Z
village_tract:MMR017002036:row1177:village_tract_boundary_Ayeyarwady_v94.zip_mmr_ady_polbnda_adm4_mimu_250k.shp,village_tract:MMR017002036:row1177:village_tract_boundary_Ayeyarwady_v94.zip_mmr_ady_polbnda_adm4_mimu_250k.shp,keep_both,7338,,,,,2026-09-21T10:16:49.533Z
village_tract:MMR017005060:row1300:village_tract_boundary_Ayeyarwady_v94.zip_mmr_ady_polbnda_adm4_mimu_250k.shp,village_tract:MMR017005060:row1300:village_tract_boundary_Ayeyarwady_v94.zip_mmr_ady_polbnda_adm4_mimu_250k.shp,keep_both,7274,,,,,2026-09-21T10:16:54.156Z
village_tract:MMR017005004:row1315:village_tract_boundary_Ayeyarwady_v94.zip_mmr_ady_polbnda_adm4_mimu_250k.shp,village_tract:MMR017005004:row1315:village_tract_boundary_Ayeyarwady_v94.zip_mmr_ady_polbnda_adm4_mimu_250k.shp,keep_both,7274,,,,,2026-09-21T10:24:17.886Z
village_tract:MMR017001010:row1477:village_tract_boundary_Ayeyarwady_v94.zip_mmr_ady_polbnda_adm4_mimu_250k.shp,village_tract:MMR017001010:row1477:village_tract_boundary_Ayeyarwady_v94.zip_mmr_ady_polbnda_adm4_mimu_250k.shp,keep_both,7361,,,,,2026-09-21T10:24:27.526Z
village_tract:MMR017001034:row1482:village_tract_boundary_Ayeyarwady_v94.zip_mmr_ady_polbnda_adm4_mimu_250k.shp,village_tract:MMR017001034:row1482:village_tract_boundary_Ayeyarwady_v94.zip_mmr_ady_polbnda_adm4_mimu_250k.shp,keep_both,7346,,,,,2026-09-21T10:24:44.994Z
village_tract:MMR017001037:row1491:village_tract_boundary_Ayeyarwady_v94.zip_mmr_ady_polbnda_adm4_mimu_250k.shp,village_tract:MMR017001037:row1491:village_tract_boundary_Ayeyarwady_v94.zip_mmr_ady_polbnda_adm4_mimu_250k.shp,keep_both,7357,,,,,2026-09-21T10:24:51.298Z
village_tract:MMR017001039:row1492:village_tract_boundary_Ayeyarwady_v94.zip_mmr_ady_polbnda_adm4_mimu_250k.shp,village_tract:MMR017001039:row1492:village_tract_boundary_Ayeyarwady_v94.zip_mmr_ady_polbnda_adm4_mimu_250k.shp,keep_both,7330,,,,,2026-09-21T10:25:01.061Z
village_tract:MMR017001030:row1505:village_tract_boundary_Ayeyarwady_v94.zip_mmr_ady_polbnda_adm4_mimu_250k.shp,village_tract:MMR017001030:row1505:village_tract_boundary_Ayeyarwady_v94.zip_mmr_ady_polbnda_adm4_mimu_250k.shp,keep_both,7349,,,,,2026-09-21T10:25:05.795Z
village_tract:MMR017006034:row1593:village_tract_boundary_Ayeyarwady_v94.zip_mmr_ady_polbnda_adm4_mimu_250k.shp,village_tract:MMR017006034:row1593:village_tract_boundary_Ayeyarwady_v94.zip_mmr_ady_polbnda_adm4_mimu_250k.shp,keep_both,7284,,,,,2026-09-21T10:25:11.739Z
village_tract:MMR017020701:row824:village_tract_boundary_Ayeyarwady_v94.zip_mmr_ady_polbnda_adm4_mimu_250k.shp,village_tract:MMR017020701:row824:village_tract_boundary_Ayeyarwady_v94.zip_mmr_ady_polbnda_adm4_mimu_250k.shp,selective_merge,7331,,coremap,union,,2026-09-21T10:28:26.290Z
village_tract:MMR017006038:row1636:village_tract_boundary_Ayeyarwady_v94.zip_mmr_ady_polbnda_adm4_mimu_250k.shp,village_tract:MMR017006038:row1636:village_tract_boundary_Ayeyarwady_v94.zip_mmr_ady_polbnda_adm4_mimu_250k.shp,keep_both,7277,,,,,2026-09-21T10:28:32.459Z
village_tract:MMR017006045:row1642:village_tract_boundary_Ayeyarwady_v94.zip_mmr_ady_polbnda_adm4_mimu_250k.shp,village_tract:MMR017006045:row1642:village_tract_boundary_Ayeyarwady_v94.zip_mmr_ady_polbnda_adm4_mimu_250k.shp,keep_both,7277,,,,,2026-09-21T10:28:38.390Z
village_tract:MMR017006002:row1653:village_tract_boundary_Ayeyarwady_v94.zip_mmr_ady_polbnda_adm4_mimu_250k.shp,village_tract:MMR017006002:row1653:village_tract_boundary_Ayeyarwady_v94.zip_mmr_ady_polbnda_adm4_mimu_250k.shp,keep_both,7268,,,,,2026-09-21T10:28:42.000Z
village_tract:MMR017006055:row1654:village_tract_boundary_Ayeyarwady_v94.zip_mmr_ady_polbnda_adm4_mimu_250k.shp,village_tract:MMR017006055:row1654:village_tract_boundary_Ayeyarwady_v94.zip_mmr_ady_polbnda_adm4_mimu_250k.shp,keep_both,7261,,,,,2026-09-21T10:28:45.188Z
village_tract:MMR017026012:row1757:village_tract_boundary_Ayeyarwady_v94.zip_mmr_ady_polbnda_adm4_mimu_250k.shp,village_tract:MMR017026012:row1757:village_tract_boundary_Ayeyarwady_v94.zip_mmr_ady_polbnda_adm4_mimu_250k.shp,keep_both,7426,,,,,2026-09-21T10:28:49.593Z
village_tract:MMR017025063:row1869:village_tract_boundary_Ayeyarwady_v94.zip_mmr_ady_polbnda_adm4_mimu_250k.shp,village_tract:MMR017025063:row1869:village_tract_boundary_Ayeyarwady_v94.zip_mmr_ady_polbnda_adm4_mimu_250k.shp,keep_both,7422,,,,,2026-09-21T10:28:53.044Z
village_tract:MMR017025066:row1918:village_tract_boundary_Ayeyarwady_v94.zip_mmr_ady_polbnda_adm4_mimu_250k.shp,village_tract:MMR017025066:row1918:village_tract_boundary_Ayeyarwady_v94.zip_mmr_ady_polbnda_adm4_mimu_250k.shp,keep_both,7421,,,,,2026-09-21T10:28:55.137Z
village_tract:MMR008006018:row2195:village_tract_boundary_Bago_v94.zip_mmr_bgo_polbnda_adm4_mimu_250k_1.shp,village_tract:MMR008006018:row2195:village_tract_boundary_Bago_v94.zip_mmr_bgo_polbnda_adm4_mimu_250k_1.shp,keep_both,7141,,,,,2026-09-21T10:29:01.684Z
village_tract:MMR008002004:row2039:village_tract_boundary_Bago_v94.zip_mmr_bgo_polbnda_adm4_mimu_250k_1.shp,village_tract:MMR008002004:row2039:village_tract_boundary_Bago_v94.zip_mmr_bgo_polbnda_adm4_mimu_250k_1.shp,keep_both,7113,,,,,2026-09-21T10:29:04.168Z
village_tract:MMR008006009:row2205:village_tract_boundary_Bago_v94.zip_mmr_bgo_polbnda_adm4_mimu_250k_1.shp,village_tract:MMR008006009:row2205:village_tract_boundary_Bago_v94.zip_mmr_bgo_polbnda_adm4_mimu_250k_1.shp,keep_both,7142,,,,,2026-09-21T10:29:06.899Z
village_tract:MMR008005017:row2256:village_tract_boundary_Bago_v94.zip_mmr_bgo_polbnda_adm4_mimu_250k_1.shp,village_tract:MMR008005017:row2256:village_tract_boundary_Bago_v94.zip_mmr_bgo_polbnda_adm4_mimu_250k_1.shp,keep_both,7159,,,,,2026-09-21T10:29:10.082Z
village_tract:MMR008005003:row2276:village_tract_boundary_Bago_v94.zip_mmr_bgo_polbnda_adm4_mimu_250k_1.shp,village_tract:MMR008005003:row2276:village_tract_boundary_Bago_v94.zip_mmr_bgo_polbnda_adm4_mimu_250k_1.shp,keep_both,7138,,,,,2026-09-21T10:29:13.216Z
village_tract:MMR008005001:row2277:village_tract_boundary_Bago_v94.zip_mmr_bgo_polbnda_adm4_mimu_250k_1.shp,village_tract:MMR008005001:row2277:village_tract_boundary_Bago_v94.zip_mmr_bgo_polbnda_adm4_mimu_250k_1.shp,keep_both,7140,,,,,2026-09-21T10:29:15.532Z
village_tract:MMR007007033:row2807:village_tract_boundary_Bago_v94.zip_mmr_bgo_polbnda_adm4_mimu_250k_1.shp,village_tract:MMR007007033:row2807:village_tract_boundary_Bago_v94.zip_mmr_bgo_polbnda_adm4_mimu_250k_1.shp,keep_both,5912,,,,auto: unique weak-link (no_exact_name + 1 cand + weak spatial) → keep_both,2026-09-21T10:33:07.005757Z
village_tract:MMR007007001:row2817:village_tract_boundary_Bago_v94.zip_mmr_bgo_polbnda_adm4_mimu_250k_1.shp,village_tract:MMR007007001:row2817:village_tract_boundary_Bago_v94.zip_mmr_bgo_polbnda_adm4_mimu_250k_1.shp,keep_both,5918,,,,auto: unique weak-link (no_exact_name + 1 cand + weak spatial) → keep_both,2026-09-21T10:33:07.005757Z
village_tract:MMR007002008:row3101:village_tract_boundary_Bago_v94.zip_mmr_bgo_polbnda_adm4_mimu_250k_1.shp,village_tract:MMR007002008:row3101:village_tract_boundary_Bago_v94.zip_mmr_bgo_polbnda_adm4_mimu_250k_1.shp,keep_both,5859,,,,auto: unique weak-link (no_exact_name + 1 cand + weak spatial) → keep_both,2026-09-21T10:33:07.005757Z
village_tract:MMR007002004:row3143:village_tract_boundary_Bago_v94.zip_mmr_bgo_polbnda_adm4_mimu_250k_1.shp,village_tract:MMR007002004:row3143:village_tract_boundary_Bago_v94.zip_mmr_bgo_polbnda_adm4_mimu_250k_1.shp,keep_both,5864,,,,auto: unique weak-link (no_exact_name + 1 cand + weak spatial) → keep_both,2026-09-21T10:33:07.005757Z
village_tract:MMR007004007:row3179:village_tract_boundary_Bago_v94.zip_mmr_bgo_polbnda_adm4_mimu_250k_1.shp,village_tract:MMR007004007:row3179:village_tract_boundary_Bago_v94.zip_mmr_bgo_polbnda_adm4_mimu_250k_1.shp,keep_both,5870,,,,auto: unique weak-link (no_exact_name + 1 cand + weak spatial) → keep_both,2026-09-21T10:33:07.005757Z
village_tract:MMR007009018:row3381:village_tract_boundary_Bago_v94.zip_mmr_bgo_polbnda_adm4_mimu_250k_1.shp,village_tract:MMR007009018:row3381:village_tract_boundary_Bago_v94.zip_mmr_bgo_polbnda_adm4_mimu_250k_1.shp,keep_both,5946,,,,auto: unique weak-link (no_exact_name + 1 cand + weak spatial) → keep_both,2026-09-21T10:33:07.005757Z
village_tract:MMR004001011:row3475:village_tract_boundary_Chin_v94.zip_mmr_chn_polbnda_adm4_mimu_250k.shp,village_tract:MMR004001011:row3475:village_tract_boundary_Chin_v94.zip_mmr_chn_polbnda_adm4_mimu_250k.shp,keep_both,6711,,,,auto: unique weak-link (no_exact_name + 1 cand + weak spatial) → keep_both,2026-09-21T10:33:07.005757Z
village_tract:MMR001012001:row4080:village_tract_boundary_Kachin_v94.zip_mmr_kch_polbnda_adm4_mimu_250k.shp,village_tract:MMR001012001:row4080:village_tract_boundary_Kachin_v94.zip_mmr_kch_polbnda_adm4_mimu_250k.shp,keep_both,6611,,,,auto: unique weak-link (no_exact_name + 1 cand + weak spatial) → keep_both,2026-09-21T10:33:07.005757Z
village_tract:MMR003001037:row4798:village_tract_boundary_Kayin_v94.zip_mmr_kyn_polbnda_adm4_unhcr_mimu_250k.shp,village_tract:MMR003001037:row4798:village_tract_boundary_Kayin_v94.zip_mmr_kyn_polbnda_adm4_unhcr_mimu_250k.shp,keep_both,5042,,,,auto: unique weak-link (no_exact_name + 1 cand + weak spatial) → keep_both,2026-09-21T10:33:07.005757Z
village_tract:MMR003001073:row4817:village_tract_boundary_Kayin_v94.zip_mmr_kyn_polbnda_adm4_unhcr_mimu_250k.shp,village_tract:MMR003001073:row4817:village_tract_boundary_Kayin_v94.zip_mmr_kyn_polbnda_adm4_unhcr_mimu_250k.shp,keep_both,5039,,,,auto: unique weak-link (no_exact_name + 1 cand + weak spatial) → keep_both,2026-09-21T10:33:07.005757Z
village_tract:MMR009004013:row5549:village_tract_boundary_Magway_v94.zip_mmr_mgy_polbnda_adm4_wfp_mimu_250k_1.shp,village_tract:MMR009004013:row5549:village_tract_boundary_Magway_v94.zip_mmr_mgy_polbnda_adm4_wfp_mimu_250k_1.shp,keep_both,7070,,,,auto: unique weak-link (no_exact_name + 1 cand + weak spatial) → keep_both,2026-09-21T10:33:07.005757Z
village_tract:MMR009009008:row5693:village_tract_boundary_Magway_v94.zip_mmr_mgy_polbnda_adm4_wfp_mimu_250k_1.shp,village_tract:MMR009009008:row5693:village_tract_boundary_Magway_v94.zip_mmr_mgy_polbnda_adm4_wfp_mimu_250k_1.shp,keep_both,7014,,,,auto: unique weak-link (no_exact_name + 1 cand + weak spatial) → keep_both,2026-09-21T10:33:07.005757Z
village_tract:MMR009010005:row5783:village_tract_boundary_Magway_v94.zip_mmr_mgy_polbnda_adm4_wfp_mimu_250k_1.shp,village_tract:MMR009010005:row5783:village_tract_boundary_Magway_v94.zip_mmr_mgy_polbnda_adm4_wfp_mimu_250k_1.shp,keep_both,7037,,,,auto: unique weak-link (no_exact_name + 1 cand + weak spatial) → keep_both,2026-09-21T10:33:07.005757Z
village_tract:MMR009010010:row5834:village_tract_boundary_Magway_v94.zip_mmr_mgy_polbnda_adm4_wfp_mimu_250k_1.shp,village_tract:MMR009010010:row5834:village_tract_boundary_Magway_v94.zip_mmr_mgy_polbnda_adm4_wfp_mimu_250k_1.shp,keep_both,7037,,,,auto: unique weak-link (no_exact_name + 1 cand + weak spatial) → keep_both,2026-09-21T10:33:07.005757Z
village_tract:MMR009019017:row6219:village_tract_boundary_Magway_v94.zip_mmr_mgy_polbnda_adm4_wfp_mimu_250k_1.shp,village_tract:MMR009019017:row6219:village_tract_boundary_Magway_v94.zip_mmr_mgy_polbnda_adm4_wfp_mimu_250k_1.shp,keep_both,6878,,,,auto: unique weak-link (no_exact_name + 1 cand + weak spatial) → keep_both,2026-09-21T10:33:07.005757Z
village_tract:MMR009016005:row6296:village_tract_boundary_Magway_v94.zip_mmr_mgy_polbnda_adm4_wfp_mimu_250k_1.shp,village_tract:MMR009016005:row6296:village_tract_boundary_Magway_v94.zip_mmr_mgy_polbnda_adm4_wfp_mimu_250k_1.shp,keep_both,7130,,,,auto: unique weak-link (no_exact_name + 1 cand + weak spatial) → keep_both,2026-09-21T10:33:07.005757Z
village_tract:MMR009016004:row6314:village_tract_boundary_Magway_v94.zip_mmr_mgy_polbnda_adm4_wfp_mimu_250k_1.shp,village_tract:MMR009016004:row6314:village_tract_boundary_Magway_v94.zip_mmr_mgy_polbnda_adm4_wfp_mimu_250k_1.shp,keep_both,7124,,,,auto: unique weak-link (no_exact_name + 1 cand + weak spatial) → keep_both,2026-09-21T10:33:07.005757Z
village_tract:MMR009014011:row6453:village_tract_boundary_Magway_v94.zip_mmr_mgy_polbnda_adm4_wfp_mimu_250k_1.shp,village_tract:MMR009014011:row6453:village_tract_boundary_Magway_v94.zip_mmr_mgy_polbnda_adm4_wfp_mimu_250k_1.shp,keep_both,7102,,,,auto: unique weak-link (no_exact_name + 1 cand + weak spatial) → keep_both,2026-09-21T10:33:07.005757Z
village_tract:MMR010015037:row6761:village_tract_boundary_Mandalay_v94.zip_mmr_mdy_polbnda_adm4_mimu_250k.shp,village_tract:MMR010015037:row6761:village_tract_boundary_Mandalay_v94.zip_mmr_mdy_polbnda_adm4_mimu_250k.shp,keep_both,6201,,,,auto: unique weak-link (no_exact_name + 1 cand + weak spatial) → keep_both,2026-09-21T10:33:07.005757Z
village_tract:MMR010015041:row6786:village_tract_boundary_Mandalay_v94.zip_mmr_mdy_polbnda_adm4_mimu_250k.shp,village_tract:MMR010015041:row6786:village_tract_boundary_Mandalay_v94.zip_mmr_mdy_polbnda_adm4_mimu_250k.shp,keep_both,6189,,,,auto: unique weak-link (no_exact_name + 1 cand + weak spatial) → keep_both,2026-09-21T10:33:07.005757Z
village_tract:MMR010029002:row7060:village_tract_boundary_Mandalay_v94.zip_mmr_mdy_polbnda_adm4_mimu_250k.shp,village_tract:MMR010029002:row7060:village_tract_boundary_Mandalay_v94.zip_mmr_mdy_polbnda_adm4_mimu_250k.shp,keep_both,6893,,,,auto: unique weak-link (no_exact_name + 1 cand + weak spatial) → keep_both,2026-09-21T10:33:07.005757Z
village_tract:MMR010030008:row7181:village_tract_boundary_Mandalay_v94.zip_mmr_mdy_polbnda_adm4_mimu_250k.shp,village_tract:MMR010030008:row7181:village_tract_boundary_Mandalay_v94.zip_mmr_mdy_polbnda_adm4_mimu_250k.shp,keep_both,6168,,,,auto: unique weak-link (no_exact_name + 1 cand + weak spatial) → keep_both,2026-09-21T10:33:07.005757Z
village_tract:MMR010031061:row7274:village_tract_boundary_Mandalay_v94.zip_mmr_mdy_polbnda_adm4_mimu_250k.shp,village_tract:MMR010031061:row7274:village_tract_boundary_Mandalay_v94.zip_mmr_mdy_polbnda_adm4_mimu_250k.shp,keep_both,6172,,,,auto: unique weak-link (no_exact_name + 1 cand + weak spatial) → keep_both,2026-09-21T10:33:07.005757Z
village_tract:MMR010018013:row7526:village_tract_boundary_Mandalay_v94.zip_mmr_mdy_polbnda_adm4_mimu_250k.shp,village_tract:MMR010018013:row7526:village_tract_boundary_Mandalay_v94.zip_mmr_mdy_polbnda_adm4_mimu_250k.shp,keep_both,6906,,,,auto: unique weak-link (no_exact_name + 1 cand + weak spatial) → keep_both,2026-09-21T10:33:07.005757Z
village_tract:MMR010018011:row7535:village_tract_boundary_Mandalay_v94.zip_mmr_mdy_polbnda_adm4_mimu_250k.shp,village_tract:MMR010018011:row7535:village_tract_boundary_Mandalay_v94.zip_mmr_mdy_polbnda_adm4_mimu_250k.shp,keep_both,6902,,,,auto: unique weak-link (no_exact_name + 1 cand + weak spatial) → keep_both,2026-09-21T10:33:07.005757Z
village_tract:MMR011003025:row8139:village_tract_boundary_Mon_v94.zip_mmr_mon_polbnda_adm4_unicef_mimu_250k.shp,village_tract:MMR011003025:row8139:village_tract_boundary_Mon_v94.zip_mmr_mon_polbnda_adm4_unicef_mimu_250k.shp,keep_both,5088,,,,auto: unique weak-link (no_exact_name + 1 cand + weak spatial) → keep_both,2026-09-21T10:33:07.005757Z
village_tract:MMR011003017:row8146:village_tract_boundary_Mon_v94.zip_mmr_mon_polbnda_adm4_unicef_mimu_250k.shp,village_tract:MMR011003017:row8146:village_tract_boundary_Mon_v94.zip_mmr_mon_polbnda_adm4_unicef_mimu_250k.shp,keep_both,5085,,,,auto: unique weak-link (no_exact_name + 1 cand + weak spatial) → keep_both,2026-09-21T10:33:07.005757Z
village_tract:MMR011002004:row8161:village_tract_boundary_Mon_v94.zip_mmr_mon_polbnda_adm4_unicef_mimu_250k.shp,village_tract:MMR011002004:row8161:village_tract_boundary_Mon_v94.zip_mmr_mon_polbnda_adm4_unicef_mimu_250k.shp,keep_both,5083,,,,auto: unique weak-link (no_exact_name + 1 cand + weak spatial) → keep_both,2026-09-21T10:33:07.005757Z
village_tract:MMR011005010:row8243:village_tract_boundary_Mon_v94.zip_mmr_mon_polbnda_adm4_unicef_mimu_250k.shp,village_tract:MMR011005010:row8243:village_tract_boundary_Mon_v94.zip_mmr_mon_polbnda_adm4_unicef_mimu_250k.shp,keep_both,5097,,,,auto: unique weak-link (no_exact_name + 1 cand + weak spatial) → keep_both,2026-09-21T10:33:07.005757Z
village_tract:MMR011004001:row8269:village_tract_boundary_Mon_v94.zip_mmr_mon_polbnda_adm4_unicef_mimu_250k.shp,village_tract:MMR011004001:row8269:village_tract_boundary_Mon_v94.zip_mmr_mon_polbnda_adm4_unicef_mimu_250k.shp,keep_both,5096,,,,auto: unique weak-link (no_exact_name + 1 cand + weak spatial) → keep_both,2026-09-21T10:33:07.005757Z
village_tract:MMR011006009:row8295:village_tract_boundary_Mon_v94.zip_mmr_mon_polbnda_adm4_unicef_mimu_250k.shp,village_tract:MMR011006009:row8295:village_tract_boundary_Mon_v94.zip_mmr_mon_polbnda_adm4_unicef_mimu_250k.shp,keep_both,7493,,,,auto: unique weak-link (no_exact_name + 1 cand + weak spatial) → keep_both,2026-09-21T10:33:07.005757Z
village_tract:MMR011010006:row8322:village_tract_boundary_Mon_v94.zip_mmr_mon_polbnda_adm4_unicef_mimu_250k.shp,village_tract:MMR011010006:row8322:village_tract_boundary_Mon_v94.zip_mmr_mon_polbnda_adm4_unicef_mimu_250k.shp,keep_both,5875,,,,auto: unique weak-link (no_exact_name + 1 cand + weak spatial) → keep_both,2026-09-21T10:33:07.005757Z
village_tract:MMR011010032:row8351:village_tract_boundary_Mon_v94.zip_mmr_mon_polbnda_adm4_unicef_mimu_250k.shp,village_tract:MMR011010032:row8351:village_tract_boundary_Mon_v94.zip_mmr_mon_polbnda_adm4_unicef_mimu_250k.shp,keep_both,5866,,,,auto: unique weak-link (no_exact_name + 1 cand + weak spatial) → keep_both,2026-09-21T10:33:07.005757Z
village_tract:MMR011007026:row8480:village_tract_boundary_Mon_v94.zip_mmr_mon_polbnda_adm4_unicef_mimu_250k.shp,village_tract:MMR011007026:row8480:village_tract_boundary_Mon_v94.zip_mmr_mon_polbnda_adm4_unicef_mimu_250k.shp,keep_both,5037,,,,auto: unique weak-link (no_exact_name + 1 cand + weak spatial) → keep_both,2026-09-21T10:33:07.005757Z
village_tract:MMR018007015:row8546:village_tract_boundary_Nay_Pyi_Taw_v94.zip_mmr_npt_polbnda_adm4_250k_mimu_1.shp,village_tract:MMR018007015:row8546:village_tract_boundary_Nay_Pyi_Taw_v94.zip_mmr_npt_polbnda_adm4_250k_mimu_1.shp,keep_both,5989,,,,auto: unique weak-link (no_exact_name + 1 cand + weak spatial) → keep_both,2026-09-21T10:33:07.005757Z
village_tract:MMR018007701:row8570:village_tract_boundary_Nay_Pyi_Taw_v94.zip_mmr_npt_polbnda_adm4_250k_mimu_1.shp,village_tract:MMR018007701:row8570:village_tract_boundary_Nay_Pyi_Taw_v94.zip_mmr_npt_polbnda_adm4_250k_mimu_1.shp,keep_both,5989,,,,auto: unique weak-link (no_exact_name + 1 cand + weak spatial) → keep_both,2026-09-21T10:33:07.005757Z
village_tract:MMR018002002:row8584:village_tract_boundary_Nay_Pyi_Taw_v94.zip_mmr_npt_polbnda_adm4_250k_mimu_1.shp,village_tract:MMR018002002:row8584:village_tract_boundary_Nay_Pyi_Taw_v94.zip_mmr_npt_polbnda_adm4_250k_mimu_1.shp,keep_both,6036,,,,auto: unique weak-link (no_exact_name + 1 cand + weak spatial) → keep_both,2026-09-21T10:33:07.005757Z
village_tract:MMR018002001:row8585:village_tract_boundary_Nay_Pyi_Taw_v94.zip_mmr_npt_polbnda_adm4_250k_mimu_1.shp,village_tract:MMR018002001:row8585:village_tract_boundary_Nay_Pyi_Taw_v94.zip_mmr_npt_polbnda_adm4_250k_mimu_1.shp,keep_both,6034,,,,auto: unique weak-link (no_exact_name + 1 cand + weak spatial) → keep_both,2026-09-21T10:33:07.005757Z
village_tract:MMR018005002:row8617:village_tract_boundary_Nay_Pyi_Taw_v94.zip_mmr_npt_polbnda_adm4_250k_mimu_1.shp,village_tract:MMR018005002:row8617:village_tract_boundary_Nay_Pyi_Taw_v94.zip_mmr_npt_polbnda_adm4_250k_mimu_1.shp,keep_both,6030,,,,auto: unique weak-link (no_exact_name + 1 cand + weak spatial) → keep_both,2026-09-21T10:33:07.005757Z
village_tract:MMR018005012:row8618:village_tract_boundary_Nay_Pyi_Taw_v94.zip_mmr_npt_polbnda_adm4_250k_mimu_1.shp,village_tract:MMR018005012:row8618:village_tract_boundary_Nay_Pyi_Taw_v94.zip_mmr_npt_polbnda_adm4_250k_mimu_1.shp,keep_both,6048,,,,auto: unique weak-link (no_exact_name + 1 cand + weak spatial) → keep_both,2026-09-21T10:33:07.005757Z
village_tract:MMR018008001:row8622:village_tract_boundary_Nay_Pyi_Taw_v94.zip_mmr_npt_polbnda_adm4_250k_mimu_1.shp,village_tract:MMR018008001:row8622:village_tract_boundary_Nay_Pyi_Taw_v94.zip_mmr_npt_polbnda_adm4_250k_mimu_1.shp,keep_both,6055,,,,auto: unique weak-link (no_exact_name + 1 cand + weak spatial) → keep_both,2026-09-21T10:33:07.005757Z
village_tract:MMR018005018:row8630:village_tract_boundary_Nay_Pyi_Taw_v94.zip_mmr_npt_polbnda_adm4_250k_mimu_1.shp,village_tract:MMR018005018:row8630:village_tract_boundary_Nay_Pyi_Taw_v94.zip_mmr_npt_polbnda_adm4_250k_mimu_1.shp,keep_both,6056,,,,auto: unique weak-link (no_exact_name + 1 cand + weak spatial) → keep_both,2026-09-21T10:33:07.005757Z
village_tract:MMR018003904:row8644:village_tract_boundary_Nay_Pyi_Taw_v94.zip_mmr_npt_polbnda_adm4_250k_mimu_1.shp,village_tract:MMR018003904:row8644:village_tract_boundary_Nay_Pyi_Taw_v94.zip_mmr_npt_polbnda_adm4_250k_mimu_1.shp,keep_both,6061,,,,auto: unique weak-link (no_exact_name + 1 cand + weak spatial) → keep_both,2026-09-21T10:33:07.005757Z
village_tract:MMR012010033:row8918:village_tract_boundary_Rakhine_v94.zip_mmr_rke_polbnda_adm4_mimu_who_250k.shp,village_tract:MMR012010033:row8918:village_tract_boundary_Rakhine_v94.zip_mmr_rke_polbnda_adm4_mimu_who_250k.shp,keep_both,6964,,,,auto: unique weak-link (no_exact_name + 1 cand + weak spatial) → keep_both,2026-09-21T10:33:07.005757Z
village_tract:MMR012009064:row9014:village_tract_boundary_Rakhine_v94.zip_mmr_rke_polbnda_adm4_mimu_who_250k.shp,village_tract:MMR012009064:row9014:village_tract_boundary_Rakhine_v94.zip_mmr_rke_polbnda_adm4_mimu_who_250k.shp,keep_both,6985,,,,auto: unique weak-link (no_exact_name + 1 cand + weak spatial) → keep_both,2026-09-21T10:33:07.005757Z
village_tract:MMR012005008:row9141:village_tract_boundary_Rakhine_v94.zip_mmr_rke_polbnda_adm4_mimu_who_250k.shp,village_tract:MMR012005008:row9141:village_tract_boundary_Rakhine_v94.zip_mmr_rke_polbnda_adm4_mimu_who_250k.shp,keep_both,7008,,,,auto: unique weak-link (no_exact_name + 1 cand + weak spatial) → keep_both,2026-09-21T10:33:07.005757Z
village_tract:MMR012005001:row9153:village_tract_boundary_Rakhine_v94.zip_mmr_rke_polbnda_adm4_mimu_who_250k.shp,village_tract:MMR012005001:row9153:village_tract_boundary_Rakhine_v94.zip_mmr_rke_polbnda_adm4_mimu_who_250k.shp,keep_both,7007,,,,auto: unique weak-link (no_exact_name + 1 cand + weak spatial) → keep_both,2026-09-21T10:33:07.005757Z
village_tract:MMR012003015:row9229:village_tract_boundary_Rakhine_v94.zip_mmr_rke_polbnda_adm4_mimu_who_250k.shp,village_tract:MMR012003015:row9229:village_tract_boundary_Rakhine_v94.zip_mmr_rke_polbnda_adm4_mimu_who_250k.shp,keep_both,6955,,,,auto: unique weak-link (no_exact_name + 1 cand + weak spatial) → keep_both,2026-09-21T10:33:07.005757Z
village_tract:MMR012003014:row9245:village_tract_boundary_Rakhine_v94.zip_mmr_rke_polbnda_adm4_mimu_who_250k.shp,village_tract:MMR012003014:row9245:village_tract_boundary_Rakhine_v94.zip_mmr_rke_polbnda_adm4_mimu_who_250k.shp,keep_both,6954,,,,auto: unique weak-link (no_exact_name + 1 cand + weak spatial) → keep_both,2026-09-21T10:33:07.005757Z
village_tract:MMR012002059:row9449:village_tract_boundary_Rakhine_v94.zip_mmr_rke_polbnda_adm4_mimu_who_250k.shp,village_tract:MMR012002059:row9449:village_tract_boundary_Rakhine_v94.zip_mmr_rke_polbnda_adm4_mimu_who_250k.shp,keep_both,7004,,,,auto: unique weak-link (no_exact_name + 1 cand + weak spatial) → keep_both,2026-09-21T10:33:07.005757Z
village_tract:MMR012002068:row9495:village_tract_boundary_Rakhine_v94.zip_mmr_rke_polbnda_adm4_mimu_who_250k.shp,village_tract:MMR012002068:row9495:village_tract_boundary_Rakhine_v94.zip_mmr_rke_polbnda_adm4_mimu_who_250k.shp,keep_both,7001,,,,auto: unique weak-link (no_exact_name + 1 cand + weak spatial) → keep_both,2026-09-21T10:33:07.005757Z
village_tract:MMR012008060:row9558:village_tract_boundary_Rakhine_v94.zip_mmr_rke_polbnda_adm4_mimu_who_250k.shp,village_tract:MMR012008060:row9558:village_tract_boundary_Rakhine_v94.zip_mmr_rke_polbnda_adm4_mimu_who_250k.shp,keep_both,6984,,,,auto: unique weak-link (no_exact_name + 1 cand + weak spatial) → keep_both,2026-09-21T10:33:07.005757Z
village_tract:MMR012001007:row9602:village_tract_boundary_Rakhine_v94.zip_mmr_rke_polbnda_adm4_mimu_who_250k.shp,village_tract:MMR012001007:row9602:village_tract_boundary_Rakhine_v94.zip_mmr_rke_polbnda_adm4_mimu_who_250k.shp,keep_both,6811,,,,auto: unique weak-link (no_exact_name + 1 cand + weak spatial) → keep_both,2026-09-21T10:33:07.005757Z
village_tract:MMR012001024:row9616:village_tract_boundary_Rakhine_v94.zip_mmr_rke_polbnda_adm4_mimu_who_250k.shp,village_tract:MMR012001024:row9616:village_tract_boundary_Rakhine_v94.zip_mmr_rke_polbnda_adm4_mimu_who_250k.shp,keep_both,6992,,,,auto: unique weak-link (no_exact_name + 1 cand + weak spatial) → keep_both,2026-09-21T10:33:07.005757Z
village_tract:MMR005024019:row10324:village_tract_boundary_Sagaing_v94.zip_mmr_sag_polbnda_adm4_250k_mimu_1.shp,village_tract:MMR005024019:row10324:village_tract_boundary_Sagaing_v94.zip_mmr_sag_polbnda_adm4_250k_mimu_1.shp,keep_both,6753,,,,auto: unique weak-link (no_exact_name + 1 cand + weak spatial) → keep_both,2026-09-21T10:33:07.005757Z
village_tract:MMR005025010:row10436:village_tract_boundary_Sagaing_v94.zip_mmr_sag_polbnda_adm4_250k_mimu_1.shp,village_tract:MMR005025010:row10436:village_tract_boundary_Sagaing_v94.zip_mmr_sag_polbnda_adm4_250k_mimu_1.shp,keep_both,6756,,,,auto: unique weak-link (no_exact_name + 1 cand + weak spatial) → keep_both,2026-09-21T10:33:07.005757Z
village_tract:MMR005001012:row10927:village_tract_boundary_Sagaing_v94.zip_mmr_sag_polbnda_adm4_250k_mimu_1.shp,village_tract:MMR005001012:row10927:village_tract_boundary_Sagaing_v94.zip_mmr_sag_polbnda_adm4_250k_mimu_1.shp,keep_both,6844,,,,auto: unique weak-link (no_exact_name + 1 cand + weak spatial) → keep_both,2026-09-21T10:33:07.005757Z
village_tract:MMR005001016:row10941:village_tract_boundary_Sagaing_v94.zip_mmr_sag_polbnda_adm4_250k_mimu_1.shp,village_tract:MMR005001016:row10941:village_tract_boundary_Sagaing_v94.zip_mmr_sag_polbnda_adm4_250k_mimu_1.shp,keep_both,6835,,,,auto: unique weak-link (no_exact_name + 1 cand + weak spatial) → keep_both,2026-09-21T10:33:07.005757Z
village_tract:MMR005001008:row10943:village_tract_boundary_Sagaing_v94.zip_mmr_sag_polbnda_adm4_250k_mimu_1.shp,village_tract:MMR005001008:row10943:village_tract_boundary_Sagaing_v94.zip_mmr_sag_polbnda_adm4_250k_mimu_1.shp,keep_both,6844,,,,auto: unique weak-link (no_exact_name + 1 cand + weak spatial) → keep_both,2026-09-21T10:33:07.005757Z
village_tract:MMR005005035:row11039:village_tract_boundary_Sagaing_v94.zip_mmr_sag_polbnda_adm4_250k_mimu_1.shp,village_tract:MMR005005035:row11039:village_tract_boundary_Sagaing_v94.zip_mmr_sag_polbnda_adm4_250k_mimu_1.shp,keep_both,6776,,,,auto: unique weak-link (no_exact_name + 1 cand + weak spatial) → keep_both,2026-09-21T10:33:07.005757Z
village_tract:MMR005011012:row11222:village_tract_boundary_Sagaing_v94.zip_mmr_sag_polbnda_adm4_250k_mimu_1.shp,village_tract:MMR005011012:row11222:village_tract_boundary_Sagaing_v94.zip_mmr_sag_polbnda_adm4_250k_mimu_1.shp,keep_both,6796,,,,auto: unique weak-link (no_exact_name + 1 cand + weak spatial) → keep_both,2026-09-21T10:33:07.005757Z
village_tract:MMR005019003:row11466:village_tract_boundary_Sagaing_v94.zip_mmr_sag_polbnda_adm4_250k_mimu_1.shp,village_tract:MMR005019003:row11466:village_tract_boundary_Sagaing_v94.zip_mmr_sag_polbnda_adm4_250k_mimu_1.shp,keep_both,6904,,,,auto: unique weak-link (no_exact_name + 1 cand + weak spatial) → keep_both,2026-09-21T10:33:07.005757Z
village_tract:MMR005016003:row11594:village_tract_boundary_Sagaing_v94.zip_mmr_sag_polbnda_adm4_250k_mimu_1.shp,village_tract:MMR005016003:row11594:village_tract_boundary_Sagaing_v94.zip_mmr_sag_polbnda_adm4_250k_mimu_1.shp,keep_both,6817,,,,auto: unique weak-link (no_exact_name + 1 cand + weak spatial) → keep_both,2026-09-21T10:33:07.005757Z
village_tract:MMR016001002:row11624:village_tract_boundary_Shan_v94.zip_mmr_shn_polbnda_adm4_250k_mimu_1.shp,village_tract:MMR016001002:row11624:village_tract_boundary_Shan_v94.zip_mmr_shn_polbnda_adm4_250k_mimu_1.shp,keep_both,6358,,,,auto: unique weak-link (no_exact_name + 1 cand + weak spatial) → keep_both,2026-09-21T10:33:07.005757Z
village_tract:MMR016001001:row11636:village_tract_boundary_Shan_v94.zip_mmr_shn_polbnda_adm4_250k_mimu_1.shp,village_tract:MMR016001001:row11636:village_tract_boundary_Shan_v94.zip_mmr_shn_polbnda_adm4_250k_mimu_1.shp,keep_both,6352,,,,auto: unique weak-link (no_exact_name + 1 cand + weak spatial) → keep_both,2026-09-21T10:33:07.005757Z
village_tract:MMR015012001:row12047:village_tract_boundary_Shan_v94.zip_mmr_shn_polbnda_adm4_250k_mimu_1.shp,village_tract:MMR015012001:row12047:village_tract_boundary_Shan_v94.zip_mmr_shn_polbnda_adm4_250k_mimu_1.shp,keep_both,6504,,,,auto: unique weak-link (no_exact_name + 1 cand + weak spatial) → keep_both,2026-09-21T10:33:07.005757Z
village_tract:MMR015011003:row12550:village_tract_boundary_Shan_v94.zip_mmr_shn_polbnda_adm4_250k_mimu_1.shp,village_tract:MMR015011003:row12550:village_tract_boundary_Shan_v94.zip_mmr_shn_polbnda_adm4_250k_mimu_1.shp,keep_both,6568,,,,auto: unique weak-link (no_exact_name + 1 cand + weak spatial) → keep_both,2026-09-21T10:33:07.005757Z
village_tract:MMR015019016:row12735:village_tract_boundary_Shan_v94.zip_mmr_shn_polbnda_adm4_250k_mimu_1.shp,village_tract:MMR015019016:row12735:village_tract_boundary_Shan_v94.zip_mmr_shn_polbnda_adm4_250k_mimu_1.shp,keep_both,6576,,,,auto: unique weak-link (no_exact_name + 1 cand + weak spatial) → keep_both,2026-09-21T10:33:07.005757Z
village_tract:MMR015016001:row12772:village_tract_boundary_Shan_v94.zip_mmr_shn_polbnda_adm4_250k_mimu_1.shp,village_tract:MMR015016001:row12772:village_tract_boundary_Shan_v94.zip_mmr_shn_polbnda_adm4_250k_mimu_1.shp,keep_both,6365,,,,auto: unique weak-link (no_exact_name + 1 cand + weak spatial) → keep_both,2026-09-21T10:33:07.005757Z
village_tract:MMR014011001:row12965:village_tract_boundary_Shan_v94.zip_mmr_shn_polbnda_adm4_250k_mimu_1.shp,village_tract:MMR014011001:row12965:village_tract_boundary_Shan_v94.zip_mmr_shn_polbnda_adm4_250k_mimu_1.shp,keep_both,6125,,,,auto: unique weak-link (no_exact_name + 1 cand + weak spatial) → keep_both,2026-09-21T10:33:07.005757Z
village_tract:MMR014005003:row13118:village_tract_boundary_Shan_v94.zip_mmr_shn_polbnda_adm4_250k_mimu_1.shp,village_tract:MMR014005003:row13118:village_tract_boundary_Shan_v94.zip_mmr_shn_polbnda_adm4_250k_mimu_1.shp,keep_both,6149,,,,auto: unique weak-link (no_exact_name + 1 cand + weak spatial) → keep_both,2026-09-21T10:33:07.005757Z
village_tract:MMR006002001:row13277:village_tract_boundary_Tanintharyi_v94.zip_mmr_tni_polbnda_adm4_unhcr_mimu_250k.,village_tract:MMR006002001:row13277:village_tract_boundary_Tanintharyi_v94.zip_mmr_tni_polbnda_adm4_unhcr_mimu_250k.,keep_both,7478,,,,auto: unique weak-link (no_exact_name + 1 cand + weak spatial) → keep_both,2026-09-21T10:33:07.005757Z
village_tract:MMR006003013:row13326:village_tract_boundary_Tanintharyi_v94.zip_mmr_tni_polbnda_adm4_unhcr_mimu_250k.,village_tract:MMR006003013:row13326:village_tract_boundary_Tanintharyi_v94.zip_mmr_tni_polbnda_adm4_unhcr_mimu_250k.,keep_both,7473,,,,auto: unique weak-link (no_exact_name + 1 cand + weak spatial) → keep_both,2026-09-21T10:33:07.005757Z
village_tract:MMR013020002:row13520:village_tract_boundary_Yangon_v94.zip_mmr_ygn_polbnda_adm4_mimu_250k_1.shp,village_tract:MMR013020002:row13520:village_tract_boundary_Yangon_v94.zip_mmr_ygn_polbnda_adm4_mimu_250k_1.shp,keep_both,5164,,,,auto: unique weak-link (no_exact_name + 1 cand + weak spatial) → keep_both,2026-09-21T10:33:07.005757Z
village_tract:MMR013003010:row13602:village_tract_boundary_Yangon_v94.zip_mmr_ygn_polbnda_adm4_mimu_250k_1.shp,village_tract:MMR013003010:row13602:village_tract_boundary_Yangon_v94.zip_mmr_ygn_polbnda_adm4_mimu_250k_1.shp,keep_both,5831,,,,auto: unique weak-link (no_exact_name + 1 cand + weak spatial) → keep_both,2026-09-21T10:33:07.005757Z
village_tract:MMR013003025:row13621:village_tract_boundary_Yangon_v94.zip_mmr_ygn_polbnda_adm4_mimu_250k_1.shp,village_tract:MMR013003025:row13621:village_tract_boundary_Yangon_v94.zip_mmr_ygn_polbnda_adm4_mimu_250k_1.shp,keep_both,5834,,,,auto: unique weak-link (no_exact_name + 1 cand + weak spatial) → keep_both,2026-09-21T10:33:07.005757Z
village_tract:MMR013003001:row13625:village_tract_boundary_Yangon_v94.zip_mmr_ygn_polbnda_adm4_mimu_250k_1.shp,village_tract:MMR013003001:row13625:village_tract_boundary_Yangon_v94.zip_mmr_ygn_polbnda_adm4_mimu_250k_1.shp,keep_both,5833,,,,auto: unique weak-link (no_exact_name + 1 cand + weak spatial) → keep_both,2026-09-21T10:33:07.005757Z
village_tract:MMR013002002:row13692:village_tract_boundary_Yangon_v94.zip_mmr_ygn_polbnda_adm4_mimu_250k_1.shp,village_tract:MMR013002002:row13692:village_tract_boundary_Yangon_v94.zip_mmr_ygn_polbnda_adm4_mimu_250k_1.shp,keep_both,5845,,,,auto: unique weak-link (no_exact_name + 1 cand + weak spatial) → keep_both,2026-09-21T10:33:07.005757Z
village_tract:MMR013028033:row13827:village_tract_boundary_Yangon_v94.zip_mmr_ygn_polbnda_adm4_mimu_250k_1.shp,village_tract:MMR013028033:row13827:village_tract_boundary_Yangon_v94.zip_mmr_ygn_polbnda_adm4_mimu_250k_1.shp,keep_both,5118,,,,auto: unique weak-link (no_exact_name + 1 cand + weak spatial) → keep_both,2026-09-21T10:33:07.005757Z
village_tract:MMR013026026:row13864:village_tract_boundary_Yangon_v94.zip_mmr_ygn_polbnda_adm4_mimu_250k_1.shp,village_tract:MMR013026026:row13864:village_tract_boundary_Yangon_v94.zip_mmr_ygn_polbnda_adm4_mimu_250k_1.shp,keep_both,5147,,,,auto: unique weak-link (no_exact_name + 1 cand + weak spatial) → keep_both,2026-09-21T10:33:07.005757Z
village_tract:MMR013029039:row13956:village_tract_boundary_Yangon_v94.zip_mmr_ygn_polbnda_adm4_mimu_250k_1.shp,village_tract:MMR013029039:row13956:village_tract_boundary_Yangon_v94.zip_mmr_ygn_polbnda_adm4_mimu_250k_1.shp,keep_both,5111,,,,auto: unique weak-link (no_exact_name + 1 cand + weak spatial) → keep_both,2026-09-21T10:33:07.005757Z
village_tract:MMR013024027:row13985:village_tract_boundary_Yangon_v94.zip_mmr_ygn_polbnda_adm4_mimu_250k_1.shp,village_tract:MMR013024027:row13985:village_tract_boundary_Yangon_v94.zip_mmr_ygn_polbnda_adm4_mimu_250k_1.shp,keep_both,9,,,,auto: unique weak-link (no_exact_name + 1 cand + weak spatial) → keep_both,2026-09-21T10:33:07.005757Z
village_tract:MMR013024019:row13994:village_tract_boundary_Yangon_v94.zip_mmr_ygn_polbnda_adm4_mimu_250k_1.shp,village_tract:MMR013024019:row13994:village_tract_boundary_Yangon_v94.zip_mmr_ygn_polbnda_adm4_mimu_250k_1.shp,keep_both,5,,,,auto: unique weak-link (no_exact_name + 1 cand + weak spatial) → keep_both,2026-09-21T10:33:07.005757Z
village_tract:MMR013024007:row13995:village_tract_boundary_Yangon_v94.zip_mmr_ygn_polbnda_adm4_mimu_250k_1.shp,village_tract:MMR013024007:row13995:village_tract_boundary_Yangon_v94.zip_mmr_ygn_polbnda_adm4_mimu_250k_1.shp,keep_both,9,,,,auto: unique weak-link (no_exact_name + 1 cand + weak spatial) → keep_both,2026-09-21T10:33:07.005757Z
village_tract:MMR015005039:row11728:village_tract_boundary_Shan_v94.zip_mmr_shn_polbnda_adm4_250k_mimu_1.shp,village_tract:MMR015005039:row11728:village_tract_boundary_Shan_v94.zip_mmr_shn_polbnda_adm4_250k_mimu_1.shp,create_new,,,,,auto: no CoreMap candidate → create_new,2026-09-21T10:33:25.018844Z
village_tract:nopcode:row12402:village_tract_boundary_Shan_v94.zip_mmr_shn_polbnda_adm4_250k_mimu_1.shp,village_tract:nopcode:row12402:village_tract_boundary_Shan_v94.zip_mmr_shn_polbnda_adm4_250k_mimu_1.shp,create_new,,,,,auto: no CoreMap candidate → create_new,2026-09-21T10:33:25.018844Z
village_tract:MMR015005058:row12403:village_tract_boundary_Shan_v94.zip_mmr_shn_polbnda_adm4_250k_mimu_1.shp,village_tract:MMR015005058:row12403:village_tract_boundary_Shan_v94.zip_mmr_shn_polbnda_adm4_250k_mimu_1.shp,create_new,,,,,auto: no CoreMap candidate → create_new,2026-09-21T10:33:25.018844Z
village_tract:MMR015005071:row12404:village_tract_boundary_Shan_v94.zip_mmr_shn_polbnda_adm4_250k_mimu_1.shp,village_tract:MMR015005071:row12404:village_tract_boundary_Shan_v94.zip_mmr_shn_polbnda_adm4_250k_mimu_1.shp,create_new,,,,,auto: no CoreMap candidate → create_new,2026-09-21T10:33:25.018844Z
village_tract:MMR015317003:row12405:village_tract_boundary_Shan_v94.zip_mmr_shn_polbnda_adm4_250k_mimu_1.shp,village_tract:MMR015317003:row12405:village_tract_boundary_Shan_v94.zip_mmr_shn_polbnda_adm4_250k_mimu_1.shp,create_new,,,,,auto: no CoreMap candidate → create_new,2026-09-21T10:33:25.018844Z
village_tract:MMR015005073:row12406:village_tract_boundary_Shan_v94.zip_mmr_shn_polbnda_adm4_250k_mimu_1.shp,village_tract:MMR015005073:row12406:village_tract_boundary_Shan_v94.zip_mmr_shn_polbnda_adm4_250k_mimu_1.shp,create_new,,,,,auto: no CoreMap candidate → create_new,2026-09-21T10:33:25.018844Z
village_tract:MMR015005033:row12407:village_tract_boundary_Shan_v94.zip_mmr_shn_polbnda_adm4_250k_mimu_1.shp,village_tract:MMR015005033:row12407:village_tract_boundary_Shan_v94.zip_mmr_shn_polbnda_adm4_250k_mimu_1.shp,create_new,,,,,auto: no CoreMap candidate → create_new,2026-09-21T10:33:25.018844Z
village_tract:MMR015005026:row12408:village_tract_boundary_Shan_v94.zip_mmr_shn_polbnda_adm4_250k_mimu_1.shp,village_tract:MMR015005026:row12408:village_tract_boundary_Shan_v94.zip_mmr_shn_polbnda_adm4_250k_mimu_1.shp,create_new,,,,,auto: no CoreMap candidate → create_new,2026-09-21T10:33:25.018844Z
village_tract:MMR015005082:row12409:village_tract_boundary_Shan_v94.zip_mmr_shn_polbnda_adm4_250k_mimu_1.shp,village_tract:MMR015005082:row12409:village_tract_boundary_Shan_v94.zip_mmr_shn_polbnda_adm4_250k_mimu_1.shp,create_new,,,,,auto: no CoreMap candidate → create_new,2026-09-21T10:33:25.018844Z
village_tract:MMR015005064:row12410:village_tract_boundary_Shan_v94.zip_mmr_shn_polbnda_adm4_250k_mimu_1.shp,village_tract:MMR015005064:row12410:village_tract_boundary_Shan_v94.zip_mmr_shn_polbnda_adm4_250k_mimu_1.shp,create_new,,,,,auto: no CoreMap candidate → create_new,2026-09-21T10:33:25.018844Z
village_tract:MMR015005084:row12411:village_tract_boundary_Shan_v94.zip_mmr_shn_polbnda_adm4_250k_mimu_1.shp,village_tract:MMR015005084:row12411:village_tract_boundary_Shan_v94.zip_mmr_shn_polbnda_adm4_250k_mimu_1.shp,create_new,,,,,auto: no CoreMap candidate → create_new,2026-09-21T10:33:25.018844Z
village_tract:MMR015005060:row12412:village_tract_boundary_Shan_v94.zip_mmr_shn_polbnda_adm4_250k_mimu_1.shp,village_tract:MMR015005060:row12412:village_tract_boundary_Shan_v94.zip_mmr_shn_polbnda_adm4_250k_mimu_1.shp,create_new,,,,,auto: no CoreMap candidate → create_new,2026-09-21T10:33:25.018844Z
village_tract:MMR015005054:row12413:village_tract_boundary_Shan_v94.zip_mmr_shn_polbnda_adm4_250k_mimu_1.shp,village_tract:MMR015005054:row12413:village_tract_boundary_Shan_v94.zip_mmr_shn_polbnda_adm4_250k_mimu_1.shp,create_new,,,,,auto: no CoreMap candidate → create_new,2026-09-21T10:33:25.018844Z
village_tract:MMR015005081:row12414:village_tract_boundary_Shan_v94.zip_mmr_shn_polbnda_adm4_250k_mimu_1.shp,village_tract:MMR015005081:row12414:village_tract_boundary_Shan_v94.zip_mmr_shn_polbnda_adm4_250k_mimu_1.shp,create_new,,,,,auto: no CoreMap candidate → create_new,2026-09-21T10:33:25.018844Z
village_tract:MMR015005079:row12415:village_tract_boundary_Shan_v94.zip_mmr_shn_polbnda_adm4_250k_mimu_1.shp,village_tract:MMR015005079:row12415:village_tract_boundary_Shan_v94.zip_mmr_shn_polbnda_adm4_250k_mimu_1.shp,create_new,,,,,auto: no CoreMap candidate → create_new,2026-09-21T10:33:25.018844Z
village_tract:MMR015005051:row12416:village_tract_boundary_Shan_v94.zip_mmr_shn_polbnda_adm4_250k_mimu_1.shp,village_tract:MMR015005051:row12416:village_tract_boundary_Shan_v94.zip_mmr_shn_polbnda_adm4_250k_mimu_1.shp,create_new,,,,,auto: no CoreMap candidate → create_new,2026-09-21T10:33:25.018844Z
village_tract:MMR015005010:row12417:village_tract_boundary_Shan_v94.zip_mmr_shn_polbnda_adm4_250k_mimu_1.shp,village_tract:MMR015005010:row12417:village_tract_boundary_Shan_v94.zip_mmr_shn_polbnda_adm4_250k_mimu_1.shp,create_new,,,,,auto: no CoreMap candidate → create_new,2026-09-21T10:33:25.018844Z
village_tract:MMR015005072:row12418:village_tract_boundary_Shan_v94.zip_mmr_shn_polbnda_adm4_250k_mimu_1.shp,village_tract:MMR015005072:row12418:village_tract_boundary_Shan_v94.zip_mmr_shn_polbnda_adm4_250k_mimu_1.shp,create_new,,,,,auto: no CoreMap candidate → create_new,2026-09-21T10:33:25.018844Z
village_tract:MMR015317005:row12419:village_tract_boundary_Shan_v94.zip_mmr_shn_polbnda_adm4_250k_mimu_1.shp,village_tract:MMR015317005:row12419:village_tract_boundary_Shan_v94.zip_mmr_shn_polbnda_adm4_250k_mimu_1.shp,create_new,,,,,auto: no CoreMap candidate → create_new,2026-09-21T10:33:25.018844Z
village_tract:MMR015005005:row12420:village_tract_boundary_Shan_v94.zip_mmr_shn_polbnda_adm4_250k_mimu_1.shp,village_tract:MMR015005005:row12420:village_tract_boundary_Shan_v94.zip_mmr_shn_polbnda_adm4_250k_mimu_1.shp,create_new,,,,,auto: no CoreMap candidate → create_new,2026-09-21T10:33:25.018844Z
village_tract:MMR015005009:row12421:village_tract_boundary_Shan_v94.zip_mmr_shn_polbnda_adm4_250k_mimu_1.shp,village_tract:MMR015005009:row12421:village_tract_boundary_Shan_v94.zip_mmr_shn_polbnda_adm4_250k_mimu_1.shp,create_new,,,,,auto: no CoreMap candidate → create_new,2026-09-21T10:33:25.018844Z
village_tract:MMR015005067:row12422:village_tract_boundary_Shan_v94.zip_mmr_shn_polbnda_adm4_250k_mimu_1.shp,village_tract:MMR015005067:row12422:village_tract_boundary_Shan_v94.zip_mmr_shn_polbnda_adm4_250k_mimu_1.shp,create_new,,,,,auto: no CoreMap candidate → create_new,2026-09-21T10:33:25.018844Z
village_tract:MMR015005061:row12423:village_tract_boundary_Shan_v94.zip_mmr_shn_polbnda_adm4_250k_mimu_1.shp,village_tract:MMR015005061:row12423:village_tract_boundary_Shan_v94.zip_mmr_shn_polbnda_adm4_250k_mimu_1.shp,create_new,,,,,auto: no CoreMap candidate → create_new,2026-09-21T10:33:25.018844Z
village_tract:MMR015005015:row12424:village_tract_boundary_Shan_v94.zip_mmr_shn_polbnda_adm4_250k_mimu_1.shp,village_tract:MMR015005015:row12424:village_tract_boundary_Shan_v94.zip_mmr_shn_polbnda_adm4_250k_mimu_1.shp,create_new,,,,,auto: no CoreMap candidate → create_new,2026-09-21T10:33:25.018844Z
village_tract:MMR015005046:row12425:village_tract_boundary_Shan_v94.zip_mmr_shn_polbnda_adm4_250k_mimu_1.shp,village_tract:MMR015005046:row12425:village_tract_boundary_Shan_v94.zip_mmr_shn_polbnda_adm4_250k_mimu_1.shp,create_new,,,,,auto: no CoreMap candidate → create_new,2026-09-21T10:33:25.018844Z
village_tract:MMR015005012:row12426:village_tract_boundary_Shan_v94.zip_mmr_shn_polbnda_adm4_250k_mimu_1.shp,village_tract:MMR015005012:row12426:village_tract_boundary_Shan_v94.zip_mmr_shn_polbnda_adm4_250k_mimu_1.shp,create_new,,,,,auto: no CoreMap candidate → create_new,2026-09-21T10:33:25.018844Z
village_tract:MMR015005038:row12427:village_tract_boundary_Shan_v94.zip_mmr_shn_polbnda_adm4_250k_mimu_1.shp,village_tract:MMR015005038:row12427:village_tract_boundary_Shan_v94.zip_mmr_shn_polbnda_adm4_250k_mimu_1.shp,create_new,,,,,auto: no CoreMap candidate → create_new,2026-09-21T10:33:25.018844Z
village_tract:MMR015005023:row12428:village_tract_boundary_Shan_v94.zip_mmr_shn_polbnda_adm4_250k_mimu_1.shp,village_tract:MMR015005023:row12428:village_tract_boundary_Shan_v94.zip_mmr_shn_polbnda_adm4_250k_mimu_1.shp,create_new,,,,,auto: no CoreMap candidate → create_new,2026-09-21T10:33:25.018844Z
village_tract:MMR015005011:row12429:village_tract_boundary_Shan_v94.zip_mmr_shn_polbnda_adm4_250k_mimu_1.shp,village_tract:MMR015005011:row12429:village_tract_boundary_Shan_v94.zip_mmr_shn_polbnda_adm4_250k_mimu_1.shp,create_new,,,,,auto: no CoreMap candidate → create_new,2026-09-21T10:33:25.018844Z
village_tract:MMR015005001:row12430:village_tract_boundary_Shan_v94.zip_mmr_shn_polbnda_adm4_250k_mimu_1.shp,village_tract:MMR015005001:row12430:village_tract_boundary_Shan_v94.zip_mmr_shn_polbnda_adm4_250k_mimu_1.shp,create_new,,,,,auto: no CoreMap candidate → create_new,2026-09-21T10:33:25.018844Z
village_tract:MMR015005042:row12431:village_tract_boundary_Shan_v94.zip_mmr_shn_polbnda_adm4_250k_mimu_1.shp,village_tract:MMR015005042:row12431:village_tract_boundary_Shan_v94.zip_mmr_shn_polbnda_adm4_250k_mimu_1.shp,create_new,,,,,auto: no CoreMap candidate → create_new,2026-09-21T10:33:25.018844Z
village_tract:MMR015005047:row12432:village_tract_boundary_Shan_v94.zip_mmr_shn_polbnda_adm4_250k_mimu_1.shp,village_tract:MMR015005047:row12432:village_tract_boundary_Shan_v94.zip_mmr_shn_polbnda_adm4_250k_mimu_1.shp,create_new,,,,,auto: no CoreMap candidate → create_new,2026-09-21T10:33:25.018844Z
village_tract:MMR015005076:row12433:village_tract_boundary_Shan_v94.zip_mmr_shn_polbnda_adm4_250k_mimu_1.shp,village_tract:MMR015005076:row12433:village_tract_boundary_Shan_v94.zip_mmr_shn_polbnda_adm4_250k_mimu_1.shp,create_new,,,,,auto: no CoreMap candidate → create_new,2026-09-21T10:33:25.018844Z
village_tract:MMR015005018:row12434:village_tract_boundary_Shan_v94.zip_mmr_shn_polbnda_adm4_250k_mimu_1.shp,village_tract:MMR015005018:row12434:village_tract_boundary_Shan_v94.zip_mmr_shn_polbnda_adm4_250k_mimu_1.shp,create_new,,,,,auto: no CoreMap candidate → create_new,2026-09-21T10:33:25.018844Z
village_tract:MMR015317004:row12435:village_tract_boundary_Shan_v94.zip_mmr_shn_polbnda_adm4_250k_mimu_1.shp,village_tract:MMR015317004:row12435:village_tract_boundary_Shan_v94.zip_mmr_shn_polbnda_adm4_250k_mimu_1.shp,create_new,,,,,auto: no CoreMap candidate → create_new,2026-09-21T10:33:25.018844Z
village_tract:MMR015005014:row12436:village_tract_boundary_Shan_v94.zip_mmr_shn_polbnda_adm4_250k_mimu_1.shp,village_tract:MMR015005014:row12436:village_tract_boundary_Shan_v94.zip_mmr_shn_polbnda_adm4_250k_mimu_1.shp,create_new,,,,,auto: no CoreMap candidate → create_new,2026-09-21T10:33:25.018844Z
village_tract:MMR015005024:row12437:village_tract_boundary_Shan_v94.zip_mmr_shn_polbnda_adm4_250k_mimu_1.shp,village_tract:MMR015005024:row12437:village_tract_boundary_Shan_v94.zip_mmr_shn_polbnda_adm4_250k_mimu_1.shp,create_new,,,,,auto: no CoreMap candidate → create_new,2026-09-21T10:33:25.018844Z
village_tract:MMR015005017:row12438:village_tract_boundary_Shan_v94.zip_mmr_shn_polbnda_adm4_250k_mimu_1.shp,village_tract:MMR015005017:row12438:village_tract_boundary_Shan_v94.zip_mmr_shn_polbnda_adm4_250k_mimu_1.shp,create_new,,,,,auto: no CoreMap candidate → create_new,2026-09-21T10:33:25.018844Z
village_tract:MMR015005041:row12439:village_tract_boundary_Shan_v94.zip_mmr_shn_polbnda_adm4_250k_mimu_1.shp,village_tract:MMR015005041:row12439:village_tract_boundary_Shan_v94.zip_mmr_shn_polbnda_adm4_250k_mimu_1.shp,create_new,,,,,auto: no CoreMap candidate → create_new,2026-09-21T10:33:25.018844Z
village_tract:MMR015005040:row12440:village_tract_boundary_Shan_v94.zip_mmr_shn_polbnda_adm4_250k_mimu_1.shp,village_tract:MMR015005040:row12440:village_tract_boundary_Shan_v94.zip_mmr_shn_polbnda_adm4_250k_mimu_1.shp,create_new,,,,,auto: no CoreMap candidate → create_new,2026-09-21T10:33:25.018844Z
village_tract:MMR015005078:row12441:village_tract_boundary_Shan_v94.zip_mmr_shn_polbnda_adm4_250k_mimu_1.shp,village_tract:MMR015005078:row12441:village_tract_boundary_Shan_v94.zip_mmr_shn_polbnda_adm4_250k_mimu_1.shp,create_new,,,,,auto: no CoreMap candidate → create_new,2026-09-21T10:33:25.018844Z
village_tract:MMR015005019:row12442:village_tract_boundary_Shan_v94.zip_mmr_shn_polbnda_adm4_250k_mimu_1.shp,village_tract:MMR015005019:row12442:village_tract_boundary_Shan_v94.zip_mmr_shn_polbnda_adm4_250k_mimu_1.shp,create_new,,,,,auto: no CoreMap candidate → create_new,2026-09-21T10:33:25.018844Z
village_tract:MMR015005002:row12443:village_tract_boundary_Shan_v94.zip_mmr_shn_polbnda_adm4_250k_mimu_1.shp,village_tract:MMR015005002:row12443:village_tract_boundary_Shan_v94.zip_mmr_shn_polbnda_adm4_250k_mimu_1.shp,create_new,,,,,auto: no CoreMap candidate → create_new,2026-09-21T10:33:25.018844Z
village_tract:MMR015005007:row12444:village_tract_boundary_Shan_v94.zip_mmr_shn_polbnda_adm4_250k_mimu_1.shp,village_tract:MMR015005007:row12444:village_tract_boundary_Shan_v94.zip_mmr_shn_polbnda_adm4_250k_mimu_1.shp,create_new,,,,,auto: no CoreMap candidate → create_new,2026-09-21T10:33:25.018844Z
village_tract:MMR015005037:row12445:village_tract_boundary_Shan_v94.zip_mmr_shn_polbnda_adm4_250k_mimu_1.shp,village_tract:MMR015005037:row12445:village_tract_boundary_Shan_v94.zip_mmr_shn_polbnda_adm4_250k_mimu_1.shp,create_new,,,,,auto: no CoreMap candidate → create_new,2026-09-21T10:33:25.018844Z
village_tract:MMR015005031:row12446:village_tract_boundary_Shan_v94.zip_mmr_shn_polbnda_adm4_250k_mimu_1.shp,village_tract:MMR015005031:row12446:village_tract_boundary_Shan_v94.zip_mmr_shn_polbnda_adm4_250k_mimu_1.shp,create_new,,,,,auto: no CoreMap candidate → create_new,2026-09-21T10:33:25.018844Z
village_tract:MMR015317006:row12447:village_tract_boundary_Shan_v94.zip_mmr_shn_polbnda_adm4_250k_mimu_1.shp,village_tract:MMR015317006:row12447:village_tract_boundary_Shan_v94.zip_mmr_shn_polbnda_adm4_250k_mimu_1.shp,create_new,,,,,auto: no CoreMap candidate → create_new,2026-09-21T10:33:25.018844Z
village_tract:MMR015005059:row12448:village_tract_boundary_Shan_v94.zip_mmr_shn_polbnda_adm4_250k_mimu_1.shp,village_tract:MMR015005059:row12448:village_tract_boundary_Shan_v94.zip_mmr_shn_polbnda_adm4_250k_mimu_1.shp,create_new,,,,,auto: no CoreMap candidate → create_new,2026-09-21T10:33:25.018844Z
village_tract:MMR015005052:row12449:village_tract_boundary_Shan_v94.zip_mmr_shn_polbnda_adm4_250k_mimu_1.shp,village_tract:MMR015005052:row12449:village_tract_boundary_Shan_v94.zip_mmr_shn_polbnda_adm4_250k_mimu_1.shp,create_new,,,,,auto: no CoreMap candidate → create_new,2026-09-21T10:33:25.018844Z
village_tract:MMR015005032:row12450:village_tract_boundary_Shan_v94.zip_mmr_shn_polbnda_adm4_250k_mimu_1.shp,village_tract:MMR015005032:row12450:village_tract_boundary_Shan_v94.zip_mmr_shn_polbnda_adm4_250k_mimu_1.shp,create_new,,,,,auto: no CoreMap candidate → create_new,2026-09-21T10:33:25.018844Z
village_tract:MMR015005025:row12451:village_tract_boundary_Shan_v94.zip_mmr_shn_polbnda_adm4_250k_mimu_1.shp,village_tract:MMR015005025:row12451:village_tract_boundary_Shan_v94.zip_mmr_shn_polbnda_adm4_250k_mimu_1.shp,create_new,,,,,auto: no CoreMap candidate → create_new,2026-09-21T10:33:25.018844Z
village_tract:MMR015005045:row12452:village_tract_boundary_Shan_v94.zip_mmr_shn_polbnda_adm4_250k_mimu_1.shp,village_tract:MMR015005045:row12452:village_tract_boundary_Shan_v94.zip_mmr_shn_polbnda_adm4_250k_mimu_1.shp,create_new,,,,,auto: no CoreMap candidate → create_new,2026-09-21T10:33:25.018844Z
village_tract:MMR015005085:row12453:village_tract_boundary_Shan_v94.zip_mmr_shn_polbnda_adm4_250k_mimu_1.shp,village_tract:MMR015005085:row12453:village_tract_boundary_Shan_v94.zip_mmr_shn_polbnda_adm4_250k_mimu_1.shp,create_new,,,,,auto: no CoreMap candidate → create_new,2026-09-21T10:33:25.018844Z
village_tract:MMR015005029:row12454:village_tract_boundary_Shan_v94.zip_mmr_shn_polbnda_adm4_250k_mimu_1.shp,village_tract:MMR015005029:row12454:village_tract_boundary_Shan_v94.zip_mmr_shn_polbnda_adm4_250k_mimu_1.shp,create_new,,,,,auto: no CoreMap candidate → create_new,2026-09-21T10:33:25.018844Z
village_tract:MMR015005030:row12455:village_tract_boundary_Shan_v94.zip_mmr_shn_polbnda_adm4_250k_mimu_1.shp,village_tract:MMR015005030:row12455:village_tract_boundary_Shan_v94.zip_mmr_shn_polbnda_adm4_250k_mimu_1.shp,create_new,,,,,auto: no CoreMap candidate → create_new,2026-09-21T10:33:25.018844Z
village_tract:MMR015005013:row12456:village_tract_boundary_Shan_v94.zip_mmr_shn_polbnda_adm4_250k_mimu_1.shp,village_tract:MMR015005013:row12456:village_tract_boundary_Shan_v94.zip_mmr_shn_polbnda_adm4_250k_mimu_1.shp,create_new,,,,,auto: no CoreMap candidate → create_new,2026-09-21T10:33:25.018844Z
village_tract:MMR015005028:row12457:village_tract_boundary_Shan_v94.zip_mmr_shn_polbnda_adm4_250k_mimu_1.shp,village_tract:MMR015005028:row12457:village_tract_boundary_Shan_v94.zip_mmr_shn_polbnda_adm4_250k_mimu_1.shp,create_new,,,,,auto: no CoreMap candidate → create_new,2026-09-21T10:33:25.018844Z
village_tract:MMR015316001:row12458:village_tract_boundary_Shan_v94.zip_mmr_shn_polbnda_adm4_250k_mimu_1.shp,village_tract:MMR015316001:row12458:village_tract_boundary_Shan_v94.zip_mmr_shn_polbnda_adm4_250k_mimu_1.shp,create_new,,,,,auto: no CoreMap candidate → create_new,2026-09-21T10:33:25.018844Z
village_tract:MMR015317001:row12459:village_tract_boundary_Shan_v94.zip_mmr_shn_polbnda_adm4_250k_mimu_1.shp,village_tract:MMR015317001:row12459:village_tract_boundary_Shan_v94.zip_mmr_shn_polbnda_adm4_250k_mimu_1.shp,create_new,,,,,auto: no CoreMap candidate → create_new,2026-09-21T10:33:25.018844Z
village_tract:MMR015005016:row12460:village_tract_boundary_Shan_v94.zip_mmr_shn_polbnda_adm4_250k_mimu_1.shp,village_tract:MMR015005016:row12460:village_tract_boundary_Shan_v94.zip_mmr_shn_polbnda_adm4_250k_mimu_1.shp,create_new,,,,,auto: no CoreMap candidate → create_new,2026-09-21T10:33:25.018844Z
village_tract:MMR015314002:row12461:village_tract_boundary_Shan_v94.zip_mmr_shn_polbnda_adm4_250k_mimu_1.shp,village_tract:MMR015314002:row12461:village_tract_boundary_Shan_v94.zip_mmr_shn_polbnda_adm4_250k_mimu_1.shp,create_new,,,,,auto: no CoreMap candidate → create_new,2026-09-21T10:33:25.018844Z
village_tract:MMR015005004:row12462:village_tract_boundary_Shan_v94.zip_mmr_shn_polbnda_adm4_250k_mimu_1.shp,village_tract:MMR015005004:row12462:village_tract_boundary_Shan_v94.zip_mmr_shn_polbnda_adm4_250k_mimu_1.shp,create_new,,,,,auto: no CoreMap candidate → create_new,2026-09-21T10:33:25.018844Z
village_tract:MMR015005022:row12463:village_tract_boundary_Shan_v94.zip_mmr_shn_polbnda_adm4_250k_mimu_1.shp,village_tract:MMR015005022:row12463:village_tract_boundary_Shan_v94.zip_mmr_shn_polbnda_adm4_250k_mimu_1.shp,create_new,,,,,auto: no CoreMap candidate → create_new,2026-09-21T10:33:25.018844Z
village_tract:MMR015005035:row12464:village_tract_boundary_Shan_v94.zip_mmr_shn_polbnda_adm4_250k_mimu_1.shp,village_tract:MMR015005035:row12464:village_tract_boundary_Shan_v94.zip_mmr_shn_polbnda_adm4_250k_mimu_1.shp,create_new,,,,,auto: no CoreMap candidate → create_new,2026-09-21T10:33:25.018844Z
village_tract:MMR015316002:row12465:village_tract_boundary_Shan_v94.zip_mmr_shn_polbnda_adm4_250k_mimu_1.shp,village_tract:MMR015316002:row12465:village_tract_boundary_Shan_v94.zip_mmr_shn_polbnda_adm4_250k_mimu_1.shp,create_new,,,,,auto: no CoreMap candidate → create_new,2026-09-21T10:33:25.018844Z
village_tract:MMR015005020:row12466:village_tract_boundary_Shan_v94.zip_mmr_shn_polbnda_adm4_250k_mimu_1.shp,village_tract:MMR015005020:row12466:village_tract_boundary_Shan_v94.zip_mmr_shn_polbnda_adm4_250k_mimu_1.shp,create_new,,,,,auto: no CoreMap candidate → create_new,2026-09-21T10:33:25.018844Z
village_tract:MMR015005080:row12467:village_tract_boundary_Shan_v94.zip_mmr_shn_polbnda_adm4_250k_mimu_1.shp,village_tract:MMR015005080:row12467:village_tract_boundary_Shan_v94.zip_mmr_shn_polbnda_adm4_250k_mimu_1.shp,create_new,,,,,auto: no CoreMap candidate → create_new,2026-09-21T10:33:25.018844Z
village_tract:MMR015005021:row12468:village_tract_boundary_Shan_v94.zip_mmr_shn_polbnda_adm4_250k_mimu_1.shp,village_tract:MMR015005021:row12468:village_tract_boundary_Shan_v94.zip_mmr_shn_polbnda_adm4_250k_mimu_1.shp,create_new,,,,,auto: no CoreMap candidate → create_new,2026-09-21T10:33:25.018844Z
village_tract:MMR015005036:row12469:village_tract_boundary_Shan_v94.zip_mmr_shn_polbnda_adm4_250k_mimu_1.shp,village_tract:MMR015005036:row12469:village_tract_boundary_Shan_v94.zip_mmr_shn_polbnda_adm4_250k_mimu_1.shp,create_new,,,,,auto: no CoreMap candidate → create_new,2026-09-21T10:33:25.018844Z
village_tract:MMR015005068:row12470:village_tract_boundary_Shan_v94.zip_mmr_shn_polbnda_adm4_250k_mimu_1.shp,village_tract:MMR015005068:row12470:village_tract_boundary_Shan_v94.zip_mmr_shn_polbnda_adm4_250k_mimu_1.shp,create_new,,,,,auto: no CoreMap candidate → create_new,2026-09-21T10:33:25.018844Z
village_tract:MMR015005063:row12471:village_tract_boundary_Shan_v94.zip_mmr_shn_polbnda_adm4_250k_mimu_1.shp,village_tract:MMR015005063:row12471:village_tract_boundary_Shan_v94.zip_mmr_shn_polbnda_adm4_250k_mimu_1.shp,create_new,,,,,auto: no CoreMap candidate → create_new,2026-09-21T10:33:25.018844Z
village_tract:MMR015005056:row12472:village_tract_boundary_Shan_v94.zip_mmr_shn_polbnda_adm4_250k_mimu_1.shp,village_tract:MMR015005056:row12472:village_tract_boundary_Shan_v94.zip_mmr_shn_polbnda_adm4_250k_mimu_1.shp,create_new,,,,,auto: no CoreMap candidate → create_new,2026-09-21T10:33:25.018844Z
village_tract:MMR015005053:row12473:village_tract_boundary_Shan_v94.zip_mmr_shn_polbnda_adm4_250k_mimu_1.shp,village_tract:MMR015005053:row12473:village_tract_boundary_Shan_v94.zip_mmr_shn_polbnda_adm4_250k_mimu_1.shp,create_new,,,,,auto: no CoreMap candidate → create_new,2026-09-21T10:33:25.018844Z
village_tract:MMR015314004:row12474:village_tract_boundary_Shan_v94.zip_mmr_shn_polbnda_adm4_250k_mimu_1.shp,village_tract:MMR015314004:row12474:village_tract_boundary_Shan_v94.zip_mmr_shn_polbnda_adm4_250k_mimu_1.shp,create_new,,,,,auto: no CoreMap candidate → create_new,2026-09-21T10:33:25.018844Z
village_tract:MMR015005083:row12475:village_tract_boundary_Shan_v94.zip_mmr_shn_polbnda_adm4_250k_mimu_1.shp,village_tract:MMR015005083:row12475:village_tract_boundary_Shan_v94.zip_mmr_shn_polbnda_adm4_250k_mimu_1.shp,create_new,,,,,auto: no CoreMap candidate → create_new,2026-09-21T10:33:25.018844Z
village_tract:MMR015005075:row12476:village_tract_boundary_Shan_v94.zip_mmr_shn_polbnda_adm4_250k_mimu_1.shp,village_tract:MMR015005075:row12476:village_tract_boundary_Shan_v94.zip_mmr_shn_polbnda_adm4_250k_mimu_1.shp,create_new,,,,,auto: no CoreMap candidate → create_new,2026-09-21T10:33:25.018844Z
village_tract:MMR015005050:row12477:village_tract_boundary_Shan_v94.zip_mmr_shn_polbnda_adm4_250k_mimu_1.shp,village_tract:MMR015005050:row12477:village_tract_boundary_Shan_v94.zip_mmr_shn_polbnda_adm4_250k_mimu_1.shp,create_new,,,,,auto: no CoreMap candidate → create_new,2026-09-21T10:33:25.018844Z
village_tract:MMR015005048:row12478:village_tract_boundary_Shan_v94.zip_mmr_shn_polbnda_adm4_250k_mimu_1.shp,village_tract:MMR015005048:row12478:village_tract_boundary_Shan_v94.zip_mmr_shn_polbnda_adm4_250k_mimu_1.shp,create_new,,,,,auto: no CoreMap candidate → create_new,2026-09-21T10:33:25.018844Z
village_tract:MMR015005701:row12479:village_tract_boundary_Shan_v94.zip_mmr_shn_polbnda_adm4_250k_mimu_1.shp,village_tract:MMR015005701:row12479:village_tract_boundary_Shan_v94.zip_mmr_shn_polbnda_adm4_250k_mimu_1.shp,create_new,,,,,auto: no CoreMap candidate → create_new,2026-09-21T10:33:25.018844Z
village_tract:MMR015005702:row12480:village_tract_boundary_Shan_v94.zip_mmr_shn_polbnda_adm4_250k_mimu_1.shp,village_tract:MMR015005702:row12480:village_tract_boundary_Shan_v94.zip_mmr_shn_polbnda_adm4_250k_mimu_1.shp,create_new,,,,,auto: no CoreMap candidate → create_new,2026-09-21T10:33:25.018844Z
village_tract:MMR015316003:row12481:village_tract_boundary_Shan_v94.zip_mmr_shn_polbnda_adm4_250k_mimu_1.shp,village_tract:MMR015316003:row12481:village_tract_boundary_Shan_v94.zip_mmr_shn_polbnda_adm4_250k_mimu_1.shp,create_new,,,,,auto: no CoreMap candidate → create_new,2026-09-21T10:33:25.018844Z
village_tract:MMR015314001:row12482:village_tract_boundary_Shan_v94.zip_mmr_shn_polbnda_adm4_250k_mimu_1.shp,village_tract:MMR015314001:row12482:village_tract_boundary_Shan_v94.zip_mmr_shn_polbnda_adm4_250k_mimu_1.shp,create_new,,,,,auto: no CoreMap candidate → create_new,2026-09-21T10:33:25.018844Z
village_tract:MMR015005027:row12483:village_tract_boundary_Shan_v94.zip_mmr_shn_polbnda_adm4_250k_mimu_1.shp,village_tract:MMR015005027:row12483:village_tract_boundary_Shan_v94.zip_mmr_shn_polbnda_adm4_250k_mimu_1.shp,create_new,,,,,auto: no CoreMap candidate → create_new,2026-09-21T10:33:25.018844Z
village_tract:MMR015005034:row12484:village_tract_boundary_Shan_v94.zip_mmr_shn_polbnda_adm4_250k_mimu_1.shp,village_tract:MMR015005034:row12484:village_tract_boundary_Shan_v94.zip_mmr_shn_polbnda_adm4_250k_mimu_1.shp,create_new,,,,,auto: no CoreMap candidate → create_new,2026-09-21T10:33:25.018844Z
village_tract:MMR015005074:row12485:village_tract_boundary_Shan_v94.zip_mmr_shn_polbnda_adm4_250k_mimu_1.shp,village_tract:MMR015005074:row12485:village_tract_boundary_Shan_v94.zip_mmr_shn_polbnda_adm4_250k_mimu_1.shp,create_new,,,,,auto: no CoreMap candidate → create_new,2026-09-21T10:33:25.018844Z
village_tract:MMR015317002:row12486:village_tract_boundary_Shan_v94.zip_mmr_shn_polbnda_adm4_250k_mimu_1.shp,village_tract:MMR015317002:row12486:village_tract_boundary_Shan_v94.zip_mmr_shn_polbnda_adm4_250k_mimu_1.shp,create_new,,,,,auto: no CoreMap candidate → create_new,2026-09-21T10:33:25.018844Z
village_tract:MMR015005003:row12487:village_tract_boundary_Shan_v94.zip_mmr_shn_polbnda_adm4_250k_mimu_1.shp,village_tract:MMR015005003:row12487:village_tract_boundary_Shan_v94.zip_mmr_shn_polbnda_adm4_250k_mimu_1.shp,create_new,,,,,auto: no CoreMap candidate → create_new,2026-09-21T10:33:25.018844Z
village_tract:MMR015005057:row12488:village_tract_boundary_Shan_v94.zip_mmr_shn_polbnda_adm4_250k_mimu_1.shp,village_tract:MMR015005057:row12488:village_tract_boundary_Shan_v94.zip_mmr_shn_polbnda_adm4_250k_mimu_1.shp,create_new,,,,,auto: no CoreMap candidate → create_new,2026-09-21T10:33:25.018844Z
village_tract:MMR009010004:row5797:village_tract_boundary_Magway_v94.zip_mmr_mgy_polbnda_adm4_wfp_mimu_250k_1.shp,village_tract:MMR009010004:row5797:village_tract_boundary_Magway_v94.zip_mmr_mgy_polbnda_adm4_wfp_mimu_250k_1.shp,keep_both,7036,,,,,2026-09-21T10:34:47.008Z
village_tract:MMR001013025:row4035:village_tract_boundary_Kachin_v94.zip_mmr_kch_polbnda_adm4_mimu_250k.shp,village_tract:MMR001013025:row4035:village_tract_boundary_Kachin_v94.zip_mmr_kch_polbnda_adm4_mimu_250k.shp,selective_merge,6583,,mimu,coremap,match to CoreMap; use MIMU name (CoreMap candidate name is Chinese/CJK),2026-09-21T10:38:43.600Z
village_tract:MMR018004701:row8508:village_tract_boundary_Nay_Pyi_Taw_v94.zip_mmr_npt_polbnda_adm4_250k_mimu_1.shp,village_tract:MMR018004701:row8508:village_tract_boundary_Nay_Pyi_Taw_v94.zip_mmr_npt_polbnda_adm4_250k_mimu_1.shp,selective_merge,6033,,coremap,union,,2026-09-21T10:38:16.109Z
village_tract:MMR013005012:row13758:village_tract_boundary_Yangon_v94.zip_mmr_ygn_polbnda_adm4_mimu_250k_1.shp,village_tract:MMR013005012:row13758:village_tract_boundary_Yangon_v94.zip_mmr_ygn_polbnda_adm4_mimu_250k_1.shp,keep_both,7230,,,,,2026-09-21T10:39:23.198Z
village_tract:MMR015004041:row12301:village_tract_boundary_Shan_v94.zip_mmr_shn_polbnda_adm4_250k_mimu_1.shp,village_tract:MMR015004041:row12301:village_tract_boundary_Shan_v94.zip_mmr_shn_polbnda_adm4_250k_mimu_1.shp,create_new,,,,,"create_new + clip CoreMap 6493: keep existing row, subtract MIMU overlap from CoreMap polygon (preview only; no DB write) | clip_preview=reports/admin-reconciliation-v2/phase3-clip-previews/clip_Kawng_Sang_6493.geojson",2026-09-21T11:36:50.978Z
village_tract:MMR015004003:row12302:village_tract_boundary_Shan_v94.zip_mmr_shn_polbnda_adm4_250k_mimu_1.shp,village_tract:MMR015004003:row12302:village_tract_boundary_Shan_v94.zip_mmr_shn_polbnda_adm4_250k_mimu_1.shp,create_new,,,,,"create_new + clip CoreMap 6493: keep existing row, subtract MIMU overlap from CoreMap polygon (preview only; no DB write) | clip_preview=reports/admin-reconciliation-v2/phase3-clip-previews/clip_Kone_Mon_6493.geojson",2026-09-21T11:36:50.978Z
village_tract:MMR015004049:row12304:village_tract_boundary_Shan_v94.zip_mmr_shn_polbnda_adm4_250k_mimu_1.shp,village_tract:MMR015004049:row12304:village_tract_boundary_Shan_v94.zip_mmr_shn_polbnda_adm4_250k_mimu_1.shp,create_new,,,,,"create_new + clip CoreMap 6493: keep existing row, subtract MIMU overlap from CoreMap polygon (preview only; no DB write) | clip_preview=reports/admin-reconciliation-v2/phase3-clip-previews/clip_Loi_Pyet_6493.geojson",2026-09-21T11:36:50.978Z
village_tract:MMR015004048:row12306:village_tract_boundary_Shan_v94.zip_mmr_shn_polbnda_adm4_250k_mimu_1.shp,village_tract:MMR015004048:row12306:village_tract_boundary_Shan_v94.zip_mmr_shn_polbnda_adm4_250k_mimu_1.shp,create_new,,,,,"create_new + clip CoreMap 6493: keep existing row, subtract MIMU overlap from CoreMap polygon (preview only; no DB write) | clip_preview=reports/admin-reconciliation-v2/phase3-clip-previews/clip_Loi_Waw_6493.geojson",2026-09-21T11:36:50.978Z
village_tract:MMR015004005:row12309:village_tract_boundary_Shan_v94.zip_mmr_shn_polbnda_adm4_250k_mimu_1.shp,village_tract:MMR015004005:row12309:village_tract_boundary_Shan_v94.zip_mmr_shn_polbnda_adm4_250k_mimu_1.shp,create_new,,,,,"create_new + clip CoreMap 6493: keep existing row, subtract MIMU overlap from CoreMap polygon (preview only; no DB write) | clip_preview=reports/admin-reconciliation-v2/phase3-clip-previews/clip_Man_Kat_6493.geojson",2026-09-21T11:36:50.978Z
village_tract:MMR015004045:row12311:village_tract_boundary_Shan_v94.zip_mmr_shn_polbnda_adm4_250k_mimu_1.shp,village_tract:MMR015004045:row12311:village_tract_boundary_Shan_v94.zip_mmr_shn_polbnda_adm4_250k_mimu_1.shp,create_new,,,,,"create_new + clip CoreMap 6493: keep existing row, subtract MIMU overlap from CoreMap polygon (preview only; no DB write) | clip_preview=reports/admin-reconciliation-v2/phase3-clip-previews/clip_Man_Kawng_Mu_6493.geojson",2026-09-21T11:36:50.978Z
village_tract:MMR015004042:row12318:village_tract_boundary_Shan_v94.zip_mmr_shn_polbnda_adm4_250k_mimu_1.shp,village_tract:MMR015004042:row12318:village_tract_boundary_Shan_v94.zip_mmr_shn_polbnda_adm4_250k_mimu_1.shp,create_new,,,,,"create_new + clip CoreMap 6493: keep existing row, subtract MIMU overlap from CoreMap polygon (preview only; no DB write) | clip_preview=reports/admin-reconciliation-v2/phase3-clip-previews/clip_Nam_Hu_6493.geojson",2026-09-21T11:36:50.978Z
village_tract:MMR015004047:row12321:village_tract_boundary_Shan_v94.zip_mmr_shn_polbnda_adm4_250k_mimu_1.shp,village_tract:MMR015004047:row12321:village_tract_boundary_Shan_v94.zip_mmr_shn_polbnda_adm4_250k_mimu_1.shp,create_new,,,,,"create_new + clip CoreMap 6493: keep existing row, subtract MIMU overlap from CoreMap polygon (preview only; no DB write) | clip_preview=reports/admin-reconciliation-v2/phase3-clip-previews/clip_Nam_Muse_6493.geojson",2026-09-21T11:36:50.978Z
village_tract:MMR015004044:row12330:village_tract_boundary_Shan_v94.zip_mmr_shn_polbnda_adm4_250k_mimu_1.shp,village_tract:MMR015004044:row12330:village_tract_boundary_Shan_v94.zip_mmr_shn_polbnda_adm4_250k_mimu_1.shp,create_new,,,,,"create_new + clip CoreMap 6493: keep existing row, subtract MIMU overlap from CoreMap polygon (preview only; no DB write) | clip_preview=reports/admin-reconciliation-v2/phase3-clip-previews/clip_Nawng_Hkam_Mong_Htwun__6493.geojson",2026-09-21T11:36:50.978Z
village_tract:MMR015004046:row12331:village_tract_boundary_Shan_v94.zip_mmr_shn_polbnda_adm4_250k_mimu_1.shp,village_tract:MMR015004046:row12331:village_tract_boundary_Shan_v94.zip_mmr_shn_polbnda_adm4_250k_mimu_1.shp,create_new,,,,,"create_new + clip CoreMap 6493: keep existing row, subtract MIMU overlap from CoreMap polygon (preview only; no DB write) | clip_preview=reports/admin-reconciliation-v2/phase3-clip-previews/clip_Nawng_Hkam_Mong_Mar__6493.geojson",2026-09-21T11:36:50.978Z
village_tract:MMR015004040:row12335:village_tract_boundary_Shan_v94.zip_mmr_shn_polbnda_adm4_250k_mimu_1.shp,village_tract:MMR015004040:row12335:village_tract_boundary_Shan_v94.zip_mmr_shn_polbnda_adm4_250k_mimu_1.shp,create_new,,,,,"create_new + clip CoreMap 6493: keep existing row, subtract MIMU overlap from CoreMap polygon (preview only; no DB write) | clip_preview=reports/admin-reconciliation-v2/phase3-clip-previews/clip_Nawng_Lai_6493.geojson",2026-09-21T11:36:50.978Z
village_tract:MMR015004043:row12337:village_tract_boundary_Shan_v94.zip_mmr_shn_polbnda_adm4_250k_mimu_1.shp,village_tract:MMR015004043:row12337:village_tract_boundary_Shan_v94.zip_mmr_shn_polbnda_adm4_250k_mimu_1.shp,create_new,,,,,"create_new + clip CoreMap 6493: keep existing row, subtract MIMU overlap from CoreMap polygon (preview only; no DB write) | clip_preview=reports/admin-reconciliation-v2/phase3-clip-previews/clip_Pang_Lawng_6493.geojson",2026-09-21T11:36:50.978Z
village_tract:MMR015004014:row12339:village_tract_boundary_Shan_v94.zip_mmr_shn_polbnda_adm4_250k_mimu_1.shp,village_tract:MMR015004014:row12339:village_tract_boundary_Shan_v94.zip_mmr_shn_polbnda_adm4_250k_mimu_1.shp,create_new,,,,,"create_new + clip CoreMap 6493: keep existing row, subtract MIMU overlap from CoreMap polygon (preview only; no DB write) | clip_preview=reports/admin-reconciliation-v2/phase3-clip-previews/clip_Pang_Nyawng_6493.geojson",2026-09-21T11:36:50.978Z
village_tract:MMR015009027:row12618:village_tract_boundary_Shan_v94.zip_mmr_shn_polbnda_adm4_250k_mimu_1.shp,village_tract:MMR015009027:row12618:village_tract_boundary_Shan_v94.zip_mmr_shn_polbnda_adm4_250k_mimu_1.shp,create_new,,,,,"create_new + clip CoreMap 6619: keep existing row, subtract MIMU overlap from CoreMap polygon (preview only; no DB write) | clip_preview=reports/admin-reconciliation-v2/phase3-clip-previews/clip_Kying_Yang_Ton_6619.geojson",2026-09-21T11:36:50.978Z
village_tract:MMR015009001:row12648:village_tract_boundary_Shan_v94.zip_mmr_shn_polbnda_adm4_250k_mimu_1.shp,village_tract:MMR015009001:row12648:village_tract_boundary_Shan_v94.zip_mmr_shn_polbnda_adm4_250k_mimu_1.shp,create_new,,,,,"create_new + clip CoreMap 6619: keep existing row, subtract MIMU overlap from CoreMap polygon (preview only; no DB write) | clip_preview=reports/admin-reconciliation-v2/phase3-clip-previews/clip_Nam_Pang_6619.geojson",2026-09-21T11:36:50.978Z
village_tract:MMR006001015:row13228:village_tract_boundary_Tanintharyi_v94.zip_mmr_tni_polbnda_adm4_unhcr_mimu_250k.,village_tract:MMR006001015:row13228:village_tract_boundary_Tanintharyi_v94.zip_mmr_tni_polbnda_adm4_unhcr_mimu_250k.,create_new,,,,,"create_new + clip CoreMap 7522: keep existing row, subtract MIMU overlap from CoreMap polygon (preview only; no DB write) | clip_preview=reports/admin-reconciliation-v2/phase3-clip-previews/clip_Ka_Naing_Dar_7522.geojson",2026-09-21T11:36:50.978Z
village_tract:MMR006001016:row13238:village_tract_boundary_Tanintharyi_v94.zip_mmr_tni_polbnda_adm4_unhcr_mimu_250k.,village_tract:MMR006001016:row13238:village_tract_boundary_Tanintharyi_v94.zip_mmr_tni_polbnda_adm4_unhcr_mimu_250k.,create_new,,,,,"create_new + clip CoreMap 7522: keep existing row, subtract MIMU overlap from CoreMap polygon (preview only; no DB write) | clip_preview=reports/admin-reconciliation-v2/phase3-clip-previews/clip_Shin_Moke_Tee_7522.geojson",2026-09-21T11:36:50.978Z
ward:MMR009001701512:row89:ward_boundary_countrywide_v94.zip_mmr_polbnda_adm5_mimu_v9_4.shp,ward:MMR009001701512:row89:ward_boundary_countrywide_v94.zip_mmr_polbnda_adm5_mimu_v9_4.shp,keep_both,7013,,,,,2026-09-21T11:45:34.093Z
ward:MMR009001701516:row82:ward_boundary_countrywide_v94.zip_mmr_polbnda_adm5_mimu_v9_4.shp,ward:MMR009001701516:row82:ward_boundary_countrywide_v94.zip_mmr_polbnda_adm5_mimu_v9_4.shp,keep_both,7015,,,,,2026-09-21T11:45:36.862Z
ward:MMR009001701514:row86:ward_boundary_countrywide_v94.zip_mmr_polbnda_adm5_mimu_v9_4.shp,ward:MMR009001701514:row86:ward_boundary_countrywide_v94.zip_mmr_polbnda_adm5_mimu_v9_4.shp,keep_both,7010,,,,,2026-09-21T11:45:39.662Z
