id,geom_md5
5985,abed0304c579f67256e97a5672da965b
5986,c2c293038da26e95d4a0d74310f9b5f2
6073,8316f78e018eb199d946d61a5e78e7b5
6091,72639e6e337c19bdb729124ee776e4c0
6115,04c5c25db33704e1984f7c96557eba1c
6144,a6a659f584d90d69ede36dc965973a9e
6187,055828a1385e306c574f67fc5d103320
6192,41530091f7b4f58b7b7cf0f23afe1f95
6310,4b76b804980f6eedd453e6b8a0431b47
6329,58f790c1d94ef31511128d52370eb4d5
6378,e85b9915d1eeeb73f08ad7de3e71d5f2
6394,3776be60a36890dc9f0cd7fe48e57032
6410,06d325200cf2f83e10546f3a63d8ac34
6411,56236d42ab61fd74eed4f7b49c8f40ba
6485,49baa1dcfb7c7fdfae9056bd93ca05e6
6527,b5e0b9453c3af53f57fc61ad1ef6394f
6674,5c112131042de36049ec91c8eab932e7
6675,05a8d5ef4a000bc322e4e98324b4faef
6692,7b8c3e6556d2dea3795eebdf4061461d
6693,6435eee84395c2d4160f2256399bb18c
6699,06c00089d2aa14a60a7570e42d7ae0b6
6703,5861bc251b1db07c048721c0560136b3
6734,b08cae67b9679f690868065a2351a1ed
6735,a19779383fec53797b1b0a8e2909717a
6778,1d23a9cb6f03443dfa12439297004eae
7139,957c30c7d8d496320d811066b99edf35
7151,3876b101662a66dbfeaff930d1a29118
7169,5b100479e624c80d7b51578f16a05ce7
