source_level,source_subtype,source_official,source_gad_status,mimu_pcode,parent_pcode,coremap_id,candidate_coremap_ids,current_name,target_name_en,target_name_my,current_parent_id,current_parent_name,target_parent_id,target_parent_name,match_method,geometry_overlap_evidence,proposed_geometry_source,proposed_action,confidence_score,review_reason,core_geom_md5_before
ward_village_tract,ward,True,Active,MMR006009701501,MMR006009,,,,Shwe Hin Thar Ward,ရွှေဟင်္သာရပ်ကွက်,,,,,osm_pcode_exact_polygon,exact_pcode_osm_polygon;a39155987:MultiPolygon,osm_odbl,create_missing,100,No CoreMap match; exact MIMU PCode exists on OSM polygon a39155987,
ward_village_tract,ward,True,Active,MMR006009701502,MMR006009,,,,Ah Nan War Ward,အဏ္ဏဝါရပ်ကွက်,,,,,osm_pcode_exact_polygon,exact_pcode_osm_polygon;a39155991:MultiPolygon,osm_odbl,create_missing,100,No CoreMap match; exact MIMU PCode exists on OSM polygon a39155991,
ward_village_tract,ward,True,Active,MMR006009701503,MMR006009,,,,Pi Tauk Shwe War Ward,ပိတောက်ရွှေဝါရပ်ကွက်,,,,,osm_pcode_exact_polygon,exact_pcode_osm_polygon;a39155989:MultiPolygon,osm_odbl,create_missing,100,No CoreMap match; exact MIMU PCode exists on OSM polygon a39155989,
ward_village_tract,ward,True,Active,MMR006009701504,MMR006009,,,,Ba Yint Naung Ward,ဘုရင့်နောင်ရပ်ကွက်,,,,,osm_pcode_exact_polygon,exact_pcode_osm_polygon;a39155993:MultiPolygon,osm_odbl,create_missing,100,No CoreMap match; exact MIMU PCode exists on OSM polygon a39155993,
ward_village_tract,ward,True,Active,MMR006009701505,MMR006009,,,,Aung Thu Kha Ward,အောင်သုခရပ်ကွက်,,,,,osm_pcode_exact_polygon,exact_pcode_osm_polygon;a39155995:MultiPolygon,osm_odbl,create_missing,100,No CoreMap match; exact MIMU PCode exists on OSM polygon a39155995,
ward_village_tract,ward,True,Active,MMR006009701506,MMR006009,,,,Aye Mya Kan Thar Ward,အေးမြကန်သာရပ်ကွက်,,,,,osm_pcode_exact_polygon,exact_pcode_osm_polygon;a39155997:MultiPolygon,osm_odbl,create_missing,100,No CoreMap match; exact MIMU PCode exists on OSM polygon a39155997,
ward_village_tract,ward,True,Active,MMR006009701507,MMR006009,,,,Thi Ri Myaing Ward,သီရိမြိုင်ရပ်ကွက်,,,,,osm_pcode_exact_polygon,exact_pcode_osm_polygon;a39155999:MultiPolygon,osm_odbl,create_missing,100,No CoreMap match; exact MIMU PCode exists on OSM polygon a39155999,
ward_village_tract,ward,True,Active,MMR006009701508,MMR006009,,,,Shwe Zin Yaw Ward,ရွှေဇင်ယော်ရပ်ကွက်,,,,,osm_pcode_exact_polygon,exact_pcode_osm_polygon;a39155985:MultiPolygon,osm_odbl,create_missing,100,No CoreMap match; exact MIMU PCode exists on OSM polygon a39155985,
ward_village_tract,ward,True,Active,MMR006009701509,MMR006009,,,,Aye Yeik Nyein Ward,အေးရိပ်ငြိမ်ရပ်ကွက်,,,,,osm_pcode_exact_polygon,exact_pcode_osm_polygon;a39156001:MultiPolygon,osm_odbl,create_missing,100,No CoreMap match; exact MIMU PCode exists on OSM polygon a39156001,
ward_village_tract,ward,True,Active,MMR006009701510,MMR006009,,,,Shwe Pyi Thar Ward,ရွှေပြည်သာရပ်ကွက်,,,,,osm_pcode_exact_polygon,exact_pcode_osm_polygon;a39156003:MultiPolygon,osm_odbl,create_missing,100,No CoreMap match; exact MIMU PCode exists on OSM polygon a39156003,
ward_village_tract,ward,True,Active,MMR009013701502,MMR009013,,,,Myo Ma Ward,မြို့မရပ်ကွက်,,,7090,အထက်မင်းလှမြို့နယ်,osm_pcode_exact_polygon,exact_pcode_osm_polygon;a39186059:MultiPolygon,osm_odbl,create_missing,100,No CoreMap match; exact MIMU PCode exists on OSM polygon a39186059,
ward_village_tract,ward,True,Active,MMR010003701511,MMR010003,,,,Tet Ka Tho Ward,တက္ကသိုလ်ရပ်ကွက်,,,6259,မဟာအောင်မြေ,osm_pcode_exact_polygon,exact_pcode_osm_polygon;a39097299:MultiPolygon,osm_odbl,create_missing,100,No CoreMap match; exact MIMU PCode exists on OSM polygon a39097299,
ward_village_tract,ward,True,Active,MMR010005701516,MMR010005,,,,(Za Myin Zwe) Ward,(ဈ) ရပ်ကွက်,,,6203,ပြည်ကြီးတံခွန်,osm_pcode_exact_polygon,exact_pcode_osm_polygon;a39097859:MultiPolygon,osm_odbl,create_missing,100,No CoreMap match; exact MIMU PCode exists on OSM polygon a39097859,
ward_village_tract,ward,True,Active,MMR011001701515,MMR011001,,,,Zay Kyo Ward,ဈေးကြိုရပ်ကွက်,,,5070,မော်လမြိုင်,osm_pcode_exact_polygon,exact_pcode_osm_polygon;a39155051:MultiPolygon,osm_odbl,create_missing,100,No CoreMap match; exact MIMU PCode exists on OSM polygon a39155051,
ward_village_tract,ward,True,Active,MMR011001701526,MMR011001,,,,Naung Kha Ri Ward,နောင်ခရီရပ်ကွက်,,,5070,မော်လမြိုင်,osm_pcode_exact_polygon,exact_pcode_osm_polygon;a39155037:MultiPolygon,osm_odbl,create_missing,100,No CoreMap match; exact MIMU PCode exists on OSM polygon a39155037,
ward_village_tract,ward,True,Active,MMR011001701529,MMR011001,,,,Nyaung Pin Seik Ward,ညောင်ပင်ဆိပ်ရပ်ကွက်,,,5070,မော်လမြိုင်,osm_pcode_exact_polygon,exact_pcode_osm_polygon;a39155091:MultiPolygon,osm_odbl,create_missing,100,No CoreMap match; exact MIMU PCode exists on OSM polygon a39155091,
ward_village_tract,ward,True,Active,MMR013002701514,MMR013002,,,,Kyan Khin Su Ward,ကြံခင်းစုရပ်ကွက်,,,5801,မင်္ဂလာဒုံ,osm_pcode_exact_polygon,exact_pcode_osm_polygon;a39344973:MultiPolygon,osm_odbl,create_missing,100,No CoreMap match; exact MIMU PCode exists on OSM polygon a39344973,
ward_village_tract,ward,True,Active,MMR013002702510,MMR013002,,,,Lan Son Paing Ward,လမ်းဆုံပိုင်းရပ်ကွက်,,,5801,မင်္ဂလာဒုံ,osm_pcode_exact_polygon,exact_pcode_osm_polygon;a39344935:MultiPolygon,osm_odbl,create_missing,100,No CoreMap match; exact MIMU PCode exists on OSM polygon a39344935,
ward_village_tract,ward,True,Active,MMR013002702511,MMR013002,,,,Zay Paing Ward,စျေးပိုင်းရပ်ကွက်,,,5801,မင်္ဂလာဒုံ,osm_pcode_exact_polygon,exact_pcode_osm_polygon;a39344937:MultiPolygon,osm_odbl,create_missing,100,No CoreMap match; exact MIMU PCode exists on OSM polygon a39344937,
ward_village_tract,ward,True,Active,MMR013002702512,MMR013002,,,,Ywar Ma Paing Ward,ရွာမပိုင်းရပ်ကွက်,,,5801,မင်္ဂလာဒုံ,osm_pcode_exact_polygon,exact_pcode_osm_polygon;a39344921:MultiPolygon,osm_odbl,create_missing,100,No CoreMap match; exact MIMU PCode exists on OSM polygon a39344921,
ward_village_tract,ward,True,Active,MMR013009701527,MMR013009,,,,Thu Wa Na - (24) Ward,သုဝဏ္ဏ - (၂၄) ရပ်ကွက်,,,5344,သင်္ဃန်းကျွန်း,osm_pcode_exact_polygon,exact_pcode_osm_polygon;a39325831:MultiPolygon,osm_odbl,create_missing,100,No CoreMap match; exact MIMU PCode exists on OSM polygon a39325831,
ward_village_tract,ward,True,Active,MMR013009701528,MMR013009,,,,Thu Wa Na - (25) Ward,သုဝဏ္ဏ - (၂၅) ရပ်ကွက်,,,5344,သင်္ဃန်းကျွန်း,osm_pcode_exact_polygon,exact_pcode_osm_polygon;a39325827:MultiPolygon,osm_odbl,create_missing,100,No CoreMap match; exact MIMU PCode exists on OSM polygon a39325827,
ward_village_tract,ward,True,Active,MMR013009701529,MMR013009,,,,Thu Wa Na - (29) Ward,သုဝဏ္ဏ - (၂၉) ရပ်ကွက်,,,5344,သင်္ဃန်းကျွန်း,osm_pcode_exact_polygon,exact_pcode_osm_polygon;a39325829:MultiPolygon,osm_odbl,create_missing,100,No CoreMap match; exact MIMU PCode exists on OSM polygon a39325829,
ward_village_tract,ward,True,Active,MMR013011701513,MMR013011,,,,No (15) Ward,အမှတ် (၁၅) ရပ်ကွက်,,,5267,တောင်ဥက္ကလာပ,osm_pcode_exact_polygon,exact_pcode_osm_polygon;a39325473:MultiPolygon,osm_odbl,create_missing,100,No CoreMap match; exact MIMU PCode exists on OSM polygon a39325473,
ward_village_tract,ward,True,Active,MMR013017701511,MMR013017,,,,Seik Kan Mi Thar Su Yeik Thar Ward,ဆိပ်ကမ်းမိသားစုရိပ်သာရပ်ကွက်,,,5446,ဗိုလ်တထောင်,osm_pcode_exact_polygon,exact_pcode_osm_polygon;a39262205:MultiPolygon,osm_odbl,create_missing,100,No CoreMap match; exact MIMU PCode exists on OSM polygon a39262205,
ward_village_tract,ward,True,Active,MMR013018701540,MMR013018,,,,Ywar Thar Gyi (South) Ward,ရွာသာကြီး (တောင်ပိုင်း) ရပ်ကွက်,,,5231,ဒဂုံမြို့သစ်တောင်ပိုင်း,osm_pcode_exact_polygon,exact_pcode_osm_polygon;a39331953:MultiPolygon,osm_odbl,create_missing,100,No CoreMap match; exact MIMU PCode exists on OSM polygon a39331953,
ward_village_tract,ward,True,Active,MMR013018701541,MMR013018,,,,Thone Gwa (South) Ward,သုံးခွ (တောင်ပိုင်း) ရပ်ကွက်,,,5231,ဒဂုံမြို့သစ်တောင်ပိုင်း,osm_pcode_exact_polygon,exact_pcode_osm_polygon;a39331945:MultiPolygon,osm_odbl,create_missing,100,No CoreMap match; exact MIMU PCode exists on OSM polygon a39331945,
ward_village_tract,ward,True,Active,MMR013018701542,MMR013018,,,,Lay Daunt Kan (South) Ward,လေးဒေါင့်ကန် (တောင်ပိုင်း) ရပ်ကွက်,,,5231,ဒဂုံမြို့သစ်တောင်ပိုင်း,osm_pcode_exact_polygon,exact_pcode_osm_polygon;a39331941:MultiPolygon,osm_odbl,create_missing,100,No CoreMap match; exact MIMU PCode exists on OSM polygon a39331941,
ward_village_tract,ward,True,Active,MMR013018701543,MMR013018,,,,Saik Pyo Mway Myu Yay No.(1) Ward,စိုက်ပျိုးမွေးမြူရေး အမှတ် (၁)  ရပ်ကွက်,,,5231,ဒဂုံမြို့သစ်တောင်ပိုင်း,osm_pcode_exact_polygon,exact_pcode_osm_polygon;a39331943:MultiPolygon,osm_odbl,create_missing,100,No CoreMap match; exact MIMU PCode exists on OSM polygon a39331943,
ward_village_tract,ward,True,Active,MMR013018701544,MMR013018,,,,Shan Te Gyi (South) Ward,ရှမ်းတဲကြီး (တောင်ပိုင်း) ရပ်ကွက်,,,5231,ဒဂုံမြို့သစ်တောင်ပိုင်း,osm_pcode_exact_polygon,exact_pcode_osm_polygon;a39331939:MultiPolygon,osm_odbl,create_missing,100,No CoreMap match; exact MIMU PCode exists on OSM polygon a39331939,
ward_village_tract,ward,True,Active,MMR013021701501,MMR013021,,,,No (58) Ward,အမှတ် (၅၈) ရပ်ကွက်,,,5213,ဒဂုံဆိပ်ကမ်း,osm_pcode_exact_polygon,exact_pcode_osm_polygon;a39339121:MultiPolygon,osm_odbl,create_missing,100,No CoreMap match; exact MIMU PCode exists on OSM polygon a39339121,
ward_village_tract,ward,True,Active,MMR013021701532,MMR013021,,,,No (149) Ward,အမှတ် (၁၄၉) ရပ်ကွက်,,,5213,ဒဂုံဆိပ်ကမ်း,osm_pcode_exact_polygon,exact_pcode_osm_polygon;a39339087:MultiPolygon,osm_odbl,create_missing,100,No CoreMap match; exact MIMU PCode exists on OSM polygon a39339087,
ward_village_tract,ward,True,Active,MMR013021701533,MMR013021,,,,No (150) Ward,အမှတ် (၁၅၀) ရပ်ကွက်,,,5213,ဒဂုံဆိပ်ကမ်း,osm_pcode_exact_polygon,exact_pcode_osm_polygon;a39339083:MultiPolygon,osm_odbl,create_missing,100,No CoreMap match; exact MIMU PCode exists on OSM polygon a39339083,
ward_village_tract,ward,True,Active,MMR013021701534,MMR013021,,,,No (151) Ward,အမှတ် (၁၅၁) ရပ်ကွက်,,,5213,ဒဂုံဆိပ်ကမ်း,osm_pcode_exact_polygon,exact_pcode_osm_polygon;a39339085:MultiPolygon,osm_odbl,create_missing,100,No CoreMap match; exact MIMU PCode exists on OSM polygon a39339085,
ward_village_tract,ward,True,Active,MMR013037701502,MMR013037,,,,Saw Yan Paing_West Ward,စောရန်ပိုင်အနောက်ရပ်ကွက်,,,5494,အလုံ,osm_pcode_exact_polygon,exact_pcode_osm_polygon;a39261853:MultiPolygon,osm_odbl,create_missing,100,No CoreMap match; exact MIMU PCode exists on OSM polygon a39261853,
ward_village_tract,ward,True,Active,MMR013037701503,MMR013037,,,,Saw Yan Paing_East Ward,စောရန်ပိုင်(အရှေ့) ရပ်ကွက်,,,5494,အလုံ,osm_pcode_exact_polygon,exact_pcode_osm_polygon;a39261855:MultiPolygon,osm_odbl,create_missing,100,No CoreMap match; exact MIMU PCode exists on OSM polygon a39261855,
ward_village_tract,ward,True,Active,MMR013037701504,MMR013037,,,,Saw Yan Paing_South Ward,စောရန်ပိုင်တောင်ရပ်ကွက်,,,5494,အလုံ,osm_pcode_exact_polygon,exact_pcode_osm_polygon;a39261857:MultiPolygon,osm_odbl,create_missing,100,No CoreMap match; exact MIMU PCode exists on OSM polygon a39261857,
ward_village_tract,ward,True,Active,MMR013037701506,MMR013037,,,,Saw Yan Paing_North Ward,စောရန်ပိုင်မြောက်ရပ်ကွက်,,,5494,အလုံ,osm_pcode_exact_polygon,exact_pcode_osm_polygon;a39261865:MultiPolygon,osm_odbl,create_missing,100,No CoreMap match; exact MIMU PCode exists on OSM polygon a39261865,
ward_village_tract,ward,True,Active,MMR013038701501,MMR013038,,,,Tha Yet Taw (North) Ward,သရက်တော (မြောက်) ရပ်ကွက်,,,,,osm_pcode_exact_polygon,exact_pcode_osm_polygon;a39317873:MultiPolygon,osm_odbl,create_missing,100,No CoreMap match; exact MIMU PCode exists on OSM polygon a39317873,
ward_village_tract,ward,True,Active,MMR013038701502,MMR013038,,,,Tha Yet Taw (South) Ward,သရက်တော (တောင်) ရပ်ကွက်,,,,,osm_pcode_exact_polygon,exact_pcode_osm_polygon;a39317877:MultiPolygon,osm_odbl,create_missing,100,No CoreMap match; exact MIMU PCode exists on OSM polygon a39317877,
ward_village_tract,ward,True,Active,MMR013038701503,MMR013038,,,,Thar Du (East) Ward,သာဓု (အရှေ့) ရပ်ကွက်,,,,,osm_pcode_exact_polygon,exact_pcode_osm_polygon;a39317879:MultiPolygon,osm_odbl,create_missing,100,No CoreMap match; exact MIMU PCode exists on OSM polygon a39317879,
ward_village_tract,ward,True,Active,MMR013038701504,MMR013038,,,,Thar Du (West) Ward,သာဓု (အနောက်) ရပ်ကွက်,,,,,osm_pcode_exact_polygon,exact_pcode_osm_polygon;a39317875:MultiPolygon,osm_odbl,create_missing,100,No CoreMap match; exact MIMU PCode exists on OSM polygon a39317875,
ward_village_tract,ward,True,Active,MMR013038701505,MMR013038,,,,Ma Gyi Tan (North/East) Ward,မကျည်းတန်း (မြောက်/အရှေ့) ရပ်ကွက်,,,,,osm_pcode_exact_polygon,exact_pcode_osm_polygon;a39317883:MultiPolygon,osm_odbl,create_missing,100,No CoreMap match; exact MIMU PCode exists on OSM polygon a39317883,
ward_village_tract,ward,True,Active,MMR013038701506,MMR013038,,,,Ma Gyi Tan (North/West) Ward,မကျည်းတန်း (မြောက်/အနောက်) ရပ်ကွက်,,,,,osm_pcode_exact_polygon,exact_pcode_osm_polygon;a39317881:MultiPolygon,osm_odbl,create_missing,100,No CoreMap match; exact MIMU PCode exists on OSM polygon a39317881,
ward_village_tract,ward,True,Active,MMR013038701507,MMR013038,,,,Ma Gyi Tan (South/East) Ward,မကျည်းတန်း (တောင်/အရှေ့) ရပ်ကွက်,,,,,osm_pcode_exact_polygon,exact_pcode_osm_polygon;a39317887:MultiPolygon,osm_odbl,create_missing,100,No CoreMap match; exact MIMU PCode exists on OSM polygon a39317887,
ward_village_tract,ward,True,Active,MMR013038701508,MMR013038,,,,Ma Gyi Tan (South/West) Ward,မကျည်းတန်း (တောင်/အနောက်) ရပ်ကွက်,,,,,osm_pcode_exact_polygon,exact_pcode_osm_polygon;a39317885:MultiPolygon,osm_odbl,create_missing,100,No CoreMap match; exact MIMU PCode exists on OSM polygon a39317885,
ward_village_tract,ward,True,Active,MMR013038701509,MMR013038,,,,Zay Gyi (East) Ward,ဈေးကြီး (အရှေ့) ရပ်ကွက်,,,,,osm_pcode_exact_polygon,exact_pcode_osm_polygon;a39317889:MultiPolygon,osm_odbl,create_missing,100,No CoreMap match; exact MIMU PCode exists on OSM polygon a39317889,
ward_village_tract,ward,True,Active,MMR013038701510,MMR013038,,,,Zay Gyi (West) Ward,ဈေးကြီး (အနောက်) ရပ်ကွက်,,,,,osm_pcode_exact_polygon,exact_pcode_osm_polygon;a39317891:MultiPolygon,osm_odbl,create_missing,100,No CoreMap match; exact MIMU PCode exists on OSM polygon a39317891,
ward_village_tract,ward,True,Active,MMR013038701511,MMR013038,,,,Oe Bo Ward,အိုးဘိုရပ်ကွက်,,,,,osm_pcode_exact_polygon,exact_pcode_osm_polygon;a39317893:MultiPolygon,osm_odbl,create_missing,100,No CoreMap match; exact MIMU PCode exists on OSM polygon a39317893,
ward_village_tract,ward,True,Active,MMR013038701512,MMR013038,,,,Baw Ga Ward,ဘောဂရပ်ကွက်,,,,,osm_pcode_exact_polygon,exact_pcode_osm_polygon;a39317897:MultiPolygon,osm_odbl,create_missing,100,No CoreMap match; exact MIMU PCode exists on OSM polygon a39317897,
ward_village_tract,ward,True,Active,MMR013038701513,MMR013038,,,,Zay Ka Lay Ward,ဈေးကလေးရပ်ကွက်,,,,,osm_pcode_exact_polygon,exact_pcode_osm_polygon;a39317895:MultiPolygon,osm_odbl,create_missing,100,No CoreMap match; exact MIMU PCode exists on OSM polygon a39317895,
ward_village_tract,ward,True,Active,MMR013038701514,MMR013038,,,,Pan Hlaing Ward,ပန်းလှိုင်ရပ်ကွက်,,,,,osm_pcode_exact_polygon,exact_pcode_osm_polygon;a39317899:MultiPolygon,osm_odbl,create_missing,100,No CoreMap match; exact MIMU PCode exists on OSM polygon a39317899,
ward_village_tract,ward,True,Active,MMR013038701515,MMR013038,,,,Htee Tan Set Myay Ward,ထီးတန်းစက်မြေရပ်ကွက်,,,,,osm_pcode_exact_polygon,exact_pcode_osm_polygon;a39317907:MultiPolygon,osm_odbl,create_missing,100,No CoreMap match; exact MIMU PCode exists on OSM polygon a39317907,
ward_village_tract,ward,True,Active,MMR013038701516,MMR013038,,,,Kayin Ah Myo Thar Ward,ကရင်အမျိုးသားရပ်ကွက်,,,,,osm_pcode_exact_polygon,exact_pcode_osm_polygon;a39317901:MultiPolygon,osm_odbl,create_missing,100,No CoreMap match; exact MIMU PCode exists on OSM polygon a39317901,
ward_village_tract,ward,True,Active,MMR013038701517,MMR013038,,,,Say Yoe Tan Nyein Chan Yay Ward,ဆေးရိုးတန်းငြိမ်းချမ်းရေးရပ်ကွက်,,,,,osm_pcode_exact_polygon,exact_pcode_osm_polygon;a39317905:MultiPolygon,osm_odbl,create_missing,100,No CoreMap match; exact MIMU PCode exists on OSM polygon a39317905,
ward_village_tract,ward,True,Active,MMR013038701518,MMR013038,,,,Thi Dar Ward,သီတာရပ်ကွက်,,,,,osm_pcode_exact_polygon,exact_pcode_osm_polygon;a39317871:MultiPolygon,osm_odbl,create_missing,100,No CoreMap match; exact MIMU PCode exists on OSM polygon a39317871,
ward_village_tract,ward,True,Active,MMR013038701519,MMR013038,,,,Aye Ywar Ba Loke Nyut Set Ka Lay Ward,အေးရွာဘလုတ်ညွန့်စက်ကလေးရပ်ကွက်,,,,,osm_pcode_exact_polygon,exact_pcode_osm_polygon;a39317865:MultiPolygon,osm_odbl,create_missing,100,No CoreMap match; exact MIMU PCode exists on OSM polygon a39317865,
ward_village_tract,ward,True,Active,MMR013038701520,MMR013038,,,,Set San Auk Yon Ah Lat Chaung Ward,စက်ဆန်းအောက်ရုံအလတ်ချောင်းရပ်ကွက်,,,,,osm_pcode_exact_polygon,exact_pcode_osm_polygon;a39317867:MultiPolygon,osm_odbl,create_missing,100,No CoreMap match; exact MIMU PCode exists on OSM polygon a39317867,
ward_village_tract,ward,True,Active,MMR013038701521,MMR013038,,,,Seik Gyi U Mya Ngar Sin Ward,ဆိပ်ကြီးဦးမြငါးစင်ရပ်ကွက်,,,,,osm_pcode_exact_polygon,exact_pcode_osm_polygon;a39317869:MultiPolygon,osm_odbl,create_missing,100,No CoreMap match; exact MIMU PCode exists on OSM polygon a39317869,
ward_village_tract,ward,True,Active,MMR013038701522,MMR013038,,,,War Yon Seik/Aye Ywar (West) Ward,ဝါးရုံဆိပ်/အေးရွာ (အနောက်) ရပ်ကွက်,,,,,osm_pcode_exact_polygon,exact_pcode_osm_polygon;a39317903:MultiPolygon,osm_odbl,create_missing,100,No CoreMap match; exact MIMU PCode exists on OSM polygon a39317903,
ward_village_tract,ward,True,Active,MMR013044701501,MMR013044,,,,Myo Ma Ward,မြို့မရပ်ကွက်,,,5565,ဗဟန်း,osm_pcode_exact_polygon,exact_pcode_osm_polygon;a39318213:MultiPolygon,osm_odbl,create_missing,100,No CoreMap match; exact MIMU PCode exists on OSM polygon a39318213,
ward_village_tract,ward,True,Active,MMR013044701519,MMR013044,,,,Bo Cho No (1) Ward,ဗိုလ်ချိုအမှတ် (၁) ရပ်ကွက်,,,5565,ဗဟန်း,osm_pcode_exact_polygon,exact_pcode_osm_polygon;a39318199:MultiPolygon,osm_odbl,create_missing,100,No CoreMap match; exact MIMU PCode exists on OSM polygon a39318199,
ward_village_tract,ward,True,Active,MMR013044701520,MMR013044,,,,Bo Cho No (2) Ward,ဗိုလ်ချိုအမှတ် (၂) ရပ်ကွက်,,,5565,ဗဟန်း,osm_pcode_exact_polygon,exact_pcode_osm_polygon;a39318197:MultiPolygon,osm_odbl,create_missing,100,No CoreMap match; exact MIMU PCode exists on OSM polygon a39318197,
ward_village_tract,ward,True,Active,MMR013044701521,MMR013044,,,,Sa Yar San Ward,ဆရာစံရပ်ကွက်,,,5565,ဗဟန်း,osm_pcode_exact_polygon,exact_pcode_osm_polygon;a39318171:MultiPolygon,osm_odbl,create_missing,100,No CoreMap match; exact MIMU PCode exists on OSM polygon a39318171,
ward_village_tract,ward,True,Active,MMR015009701501,MMR015009,,,,Christan Ward,ခရစ်ယာန်ရပ်ကွက်,,,6600,မူဆယ်မြို့နယ်,osm_pcode_exact_polygon,exact_pcode_osm_polygon;a39824139:MultiPolygon,osm_odbl,create_missing,100,No CoreMap match; exact MIMU PCode exists on OSM polygon a39824139,
ward_village_tract,ward,True,Active,MMR015009701502,MMR015009,,,,Zay Ward,ဈေးရပ်ကွက်,,,6600,မူဆယ်မြို့နယ်,osm_pcode_exact_polygon,exact_pcode_osm_polygon;a39824141:MultiPolygon,osm_odbl,create_missing,100,No CoreMap match; exact MIMU PCode exists on OSM polygon a39824141,
ward_village_tract,ward,True,Active,MMR015009701503,MMR015009,,,,Taung Ward,တောင်ရပ်ကွက်,,,6600,မူဆယ်မြို့နယ်,osm_pcode_exact_polygon,exact_pcode_osm_polygon;a39824143:MultiPolygon,osm_odbl,create_missing,100,No CoreMap match; exact MIMU PCode exists on OSM polygon a39824143,
ward_village_tract,ward,True,Active,MMR015009701504,MMR015009,,,,Ho Mun Ward,ဟိုမွန်ရပ်ကွက်,,,6600,မူဆယ်မြို့နယ်,osm_pcode_exact_polygon,exact_pcode_osm_polygon;a39824149:MultiPolygon,osm_odbl,create_missing,100,No CoreMap match; exact MIMU PCode exists on OSM polygon a39824149,
ward_village_tract,ward,True,Active,MMR015009701505,MMR015009,,,,Myauk Ward,မြောက်ရပ်ကွက်,,,6600,မူဆယ်မြို့နယ်,osm_pcode_exact_polygon,exact_pcode_osm_polygon;a39824147:MultiPolygon,osm_odbl,create_missing,100,No CoreMap match; exact MIMU PCode exists on OSM polygon a39824147,
ward_village_tract,ward,True,Active,MMR015009701506,MMR015009,,,,Kawng Nawng Ward,ကောင်းနောင်ရပ်ကွက်,,,6600,မူဆယ်မြို့နယ်,osm_pcode_exact_polygon,exact_pcode_osm_polygon;a39824145:MultiPolygon,osm_odbl,create_missing,100,No CoreMap match; exact MIMU PCode exists on OSM polygon a39824145,
ward_village_tract,ward,True,Active,MMR015009701507,MMR015009,,,,Sum Taw Ward,စွမ်တော်ရပ်ကွက်,,,6600,မူဆယ်မြို့နယ်,osm_pcode_exact_polygon,exact_pcode_osm_polygon;a39824153:MultiPolygon,osm_odbl,create_missing,100,No CoreMap match; exact MIMU PCode exists on OSM polygon a39824153,
ward_village_tract,ward,True,Active,MMR015009701508,MMR015009,,,,Taw Ywet Ward,တော်ရွက်ရပ်ကွက်,,,6600,မူဆယ်မြို့နယ်,osm_pcode_exact_polygon,exact_pcode_osm_polygon;a39824137:MultiPolygon,osm_odbl,create_missing,100,No CoreMap match; exact MIMU PCode exists on OSM polygon a39824137,
ward_village_tract,ward,True,Active,MMR015009701509,MMR015009,,,,Kawng Hmu Ton Ward,ကောင်းမူးတုံရပ်ကွက်,,,6600,မူဆယ်မြို့နယ်,osm_pcode_exact_polygon,exact_pcode_osm_polygon;a39824151:MultiPolygon,osm_odbl,create_missing,100,No CoreMap match; exact MIMU PCode exists on OSM polygon a39824151,
ward_village_tract,ward,True,Active,MMR015021701501,MMR015021,,,,Ho Pang Ward,ဟိုပန်ရပ်ကွက်,,,6432,ပန်လုံမြို့နယ်,osm_pcode_exact_polygon,exact_pcode_osm_polygon;a39806977:MultiPolygon,osm_odbl,create_missing,100,No CoreMap match; exact MIMU PCode exists on OSM polygon a39806977,
ward_village_tract,ward,True,Active,MMR015021701502,MMR015021,,,,Kawng Hone Ward,ကောင်းဟုန်းရပ်ကွက်,,,6432,ပန်လုံမြို့နယ်,osm_pcode_exact_polygon,exact_pcode_osm_polygon;a39806973:MultiPolygon,osm_odbl,create_missing,100,No CoreMap match; exact MIMU PCode exists on OSM polygon a39806973,
ward_village_tract,ward,True,Active,MMR015021701503,MMR015021,,,,Man Khun Ward,မန်ခွန်ရပ်ကွက်,,,6432,ပန်လုံမြို့နယ်,osm_pcode_exact_polygon,exact_pcode_osm_polygon;a39806963:MultiPolygon,osm_odbl,create_missing,100,No CoreMap match; exact MIMU PCode exists on OSM polygon a39806963,
ward_village_tract,ward,True,Active,MMR015021701504,MMR015021,,,,Zay Ward,ဈေးရပ်ကွက်,,,6432,ပန်လုံမြို့နယ်,osm_pcode_exact_polygon,exact_pcode_osm_polygon;a39806965:MultiPolygon,osm_odbl,create_missing,100,No CoreMap match; exact MIMU PCode exists on OSM polygon a39806965,
ward_village_tract,ward,True,Active,MMR015021701505,MMR015021,,,,Pang Long Lan Ward,ပန်လုံလမ်းရပ်ကွက်,,,6432,ပန်လုံမြို့နယ်,osm_pcode_exact_polygon,exact_pcode_osm_polygon;a39806967:MultiPolygon,osm_odbl,create_missing,100,No CoreMap match; exact MIMU PCode exists on OSM polygon a39806967,
ward_village_tract,ward,True,Active,MMR015021701506,MMR015021,,,,Yone Kone Ward,ရုံးကုန်းရပ်ကွက်,,,6432,ပန်လုံမြို့နယ်,osm_pcode_exact_polygon,exact_pcode_osm_polygon;a39806975:MultiPolygon,osm_odbl,create_missing,100,No CoreMap match; exact MIMU PCode exists on OSM polygon a39806975,
ward_village_tract,ward,True,Active,MMR015021701507,MMR015021,,,,Mein Pan Ward,မိန်းပန်းရပ်ကွက်,,,6432,ပန်လုံမြို့နယ်,osm_pcode_exact_polygon,exact_pcode_osm_polygon;a39806971:MultiPolygon,osm_odbl,create_missing,100,No CoreMap match; exact MIMU PCode exists on OSM polygon a39806971,
ward_village_tract,ward,True,Active,MMR015021701508,MMR015021,,,,Nam Hlan Ward,နမ့်လျံရပ်ကွက်,,,6432,ပန်လုံမြို့နယ်,osm_pcode_exact_polygon,exact_pcode_osm_polygon;a39806961:MultiPolygon,osm_odbl,create_missing,100,No CoreMap match; exact MIMU PCode exists on OSM polygon a39806961,
ward_village_tract,ward,True,Active,MMR015021701509,MMR015021,,,,Man Mai Ward,မန်မိုင်ရပ်ကွက်,,,6432,ပန်လုံမြို့နယ်,osm_pcode_exact_polygon,exact_pcode_osm_polygon;a39806959:MultiPolygon,osm_odbl,create_missing,100,No CoreMap match; exact MIMU PCode exists on OSM polygon a39806959,
ward_village_tract,ward,True,Active,MMR015021701510,MMR015021,,,,Mong Pan (Lwe La) Ward,မိုင်းပန်း (လွယ်လ) ရပ်ကွက်,,,6432,ပန်လုံမြို့နယ်,osm_pcode_exact_polygon,exact_pcode_osm_polygon;a39806969:MultiPolygon,osm_odbl,create_missing,100,No CoreMap match; exact MIMU PCode exists on OSM polygon a39806969,
ward_village_tract,ward,True,Active,MMR016003701501,MMR016003,,,,Mun Ke Ward,မွန်ကဲရပ်ကွက်,,,6460,ဟိုတောင်းမြို့နယ်,osm_pcode_exact_polygon,exact_pcode_osm_polygon;a39817103:MultiPolygon,osm_odbl,create_missing,100,No CoreMap match; exact MIMU PCode exists on OSM polygon a39817103,
ward_village_tract,ward,True,Active,MMR016003701502,MMR016003,,,,Haw Ke Ward,ဟော်ကဲရပ်ကွက်,,,6460,ဟိုတောင်းမြို့နယ်,osm_pcode_exact_polygon,exact_pcode_osm_polygon;a39817107:MultiPolygon,osm_odbl,create_missing,100,No CoreMap match; exact MIMU PCode exists on OSM polygon a39817107,
ward_village_tract,ward,True,Active,MMR016003701503,MMR016003,,,,Haw Haik Ward,ဟော်ဟိုက်ရပ်ကွက်,,,6460,ဟိုတောင်းမြို့နယ်,osm_pcode_exact_polygon,exact_pcode_osm_polygon;a39817099:MultiPolygon,osm_odbl,create_missing,100,No CoreMap match; exact MIMU PCode exists on OSM polygon a39817099,
ward_village_tract,ward,True,Active,MMR016003701504,MMR016003,,,,Zay Tan Ward,ဈေးတန်းရပ်ကွက်,,,6460,ဟိုတောင်းမြို့နယ်,osm_pcode_exact_polygon,exact_pcode_osm_polygon;a39817101:MultiPolygon,osm_odbl,create_missing,100,No CoreMap match; exact MIMU PCode exists on OSM polygon a39817101,
ward_village_tract,ward,True,Active,MMR016003701505,MMR016003,,,,Wein Leik Ward,ဝိန်းလိတ်ရပ်ကွက်,,,6460,ဟိုတောင်းမြို့နယ်,osm_pcode_exact_polygon,exact_pcode_osm_polygon;a39817087:MultiPolygon,osm_odbl,create_missing,100,No CoreMap match; exact MIMU PCode exists on OSM polygon a39817087,
ward_village_tract,ward,True,Active,MMR016003701506,MMR016003,,,,Ho Kat Ward,ဟိုကပ်ရပ်ကွက်,,,6460,ဟိုတောင်းမြို့နယ်,osm_pcode_exact_polygon,exact_pcode_osm_polygon;a39817095:MultiPolygon,osm_odbl,create_missing,100,No CoreMap match; exact MIMU PCode exists on OSM polygon a39817095,
ward_village_tract,ward,True,Active,MMR016003701507,MMR016003,,,,Kyein Hin Ward,ကျိန်းဟင်ရပ်ကွက်,,,6460,ဟိုတောင်းမြို့နယ်,osm_pcode_exact_polygon,exact_pcode_osm_polygon;a39817093:MultiPolygon,osm_odbl,create_missing,100,No CoreMap match; exact MIMU PCode exists on OSM polygon a39817093,
ward_village_tract,ward,True,Active,MMR016003701508,MMR016003,,,,Mauk Mai Ward,မောက်မိုင်ရပ်ကွက်,,,6460,ဟိုတောင်းမြို့နယ်,osm_pcode_exact_polygon,exact_pcode_osm_polygon;a39817097:MultiPolygon,osm_odbl,create_missing,100,No CoreMap match; exact MIMU PCode exists on OSM polygon a39817097,
ward_village_tract,ward,True,Active,MMR016003701509,MMR016003,,,,Par Mai Ward,ပါမိုင်ရပ်ကွက်,,,6460,ဟိုတောင်းမြို့နယ်,osm_pcode_exact_polygon,exact_pcode_osm_polygon;a39817105:MultiPolygon,osm_odbl,create_missing,100,No CoreMap match; exact MIMU PCode exists on OSM polygon a39817105,
ward_village_tract,ward,True,Active,MMR016003701510,MMR016003,,,,Mong Ping Ward,မိုင်းပိန်းရပ်ကွက်,,,6460,ဟိုတောင်းမြို့နယ်,osm_pcode_exact_polygon,exact_pcode_osm_polygon;a39817091:MultiPolygon,osm_odbl,create_missing,100,No CoreMap match; exact MIMU PCode exists on OSM polygon a39817091,
ward_village_tract,ward,True,Active,MMR016003701511,MMR016003,,,,Par Nwan Ward,ပါနွမ်းရပ်ကွက်,,,6460,ဟိုတောင်းမြို့နယ်,osm_pcode_exact_polygon,exact_pcode_osm_polygon;a39817089:MultiPolygon,osm_odbl,create_missing,100,No CoreMap match; exact MIMU PCode exists on OSM polygon a39817089,
ward_village_tract,ward,True,Active,MMR016008702503,MMR016008,,,,No (3) Ward,အမှတ် (၃) ရပ်ကွက်,,,6385,မိုင်းတုံမြို့နယ်,osm_pcode_exact_polygon,exact_pcode_osm_polygon;a34455035:MultiPolygon,osm_odbl,create_missing,100,No CoreMap match; exact MIMU PCode exists on OSM polygon a34455035,
ward_village_tract,ward,True,Active,MMR016008702504,MMR016008,,,,No (4) Ward,အမှတ် (၄) ရပ်ကွက်,,,6385,မိုင်းတုံမြို့နယ်,osm_pcode_exact_polygon,exact_pcode_osm_polygon;a35173525:MultiPolygon,osm_odbl,create_missing,100,No CoreMap match; exact MIMU PCode exists on OSM polygon a35173525,
ward_village_tract,ward,True,Active,MMR016008702505,MMR016008,,,,No (5) Ward,အမှတ် (၅) ရပ်ကွက်,,,6385,မိုင်းတုံမြို့နယ်,osm_pcode_exact_polygon,exact_pcode_osm_polygon;a34455033:MultiPolygon,osm_odbl,create_missing,100,No CoreMap match; exact MIMU PCode exists on OSM polygon a34455033,
ward_village_tract,ward,True,Active,MMR017001701511,MMR017001,,,,No (11) Ward (Kan To Min Nei Myay),အမှတ် (၁၁) ရပ်ကွက်(ကန်တိုမင်နယ်မြေ),,,7362,ပုသိမ်မြို့နယ်,osm_pcode_exact_polygon,exact_pcode_osm_polygon;a39165783:MultiPolygon,osm_odbl,create_missing,100,No CoreMap match; exact MIMU PCode exists on OSM polygon a39165783,
ward_village_tract,ward,True,Active,MMR017019701501,MMR017019,,,,Sar Yay Kone Ward,စာရေးကုန်းရပ်ကွက်,,,7525,မအူပင်မြို့နယ်,osm_pcode_exact_polygon,exact_pcode_osm_polygon;a39165113:MultiPolygon,osm_odbl,create_missing,100,No CoreMap match; exact MIMU PCode exists on OSM polygon a39165113,
ward_village_tract,ward,True,Active,MMR017019701502,MMR017019,,,,Baw Lone Kwin Ward,ဘောလုံးကွင်းရပ်ကွက်,,,7525,မအူပင်မြို့နယ်,osm_pcode_exact_polygon,exact_pcode_osm_polygon;a39165125:MultiPolygon,osm_odbl,create_missing,100,No CoreMap match; exact MIMU PCode exists on OSM polygon a39165125,
ward_village_tract,ward,True,Active,MMR017019701503,MMR017019,,,,Zay Ward,ဈေးရပ်ကွက်,,,7525,မအူပင်မြို့နယ်,osm_pcode_exact_polygon,exact_pcode_osm_polygon;a39165109:MultiPolygon,osm_odbl,create_missing,100,No CoreMap match; exact MIMU PCode exists on OSM polygon a39165109,
ward_village_tract,ward,True,Active,MMR017019701504,MMR017019,,,,Myo Lel Kyaung Ward,မြို့လယ်ကျောင်းရပ်ကွက်,,,7525,မအူပင်မြို့နယ်,osm_pcode_exact_polygon,exact_pcode_osm_polygon;a39165117:MultiPolygon,osm_odbl,create_missing,100,No CoreMap match; exact MIMU PCode exists on OSM polygon a39165117,
ward_village_tract,ward,True,Active,MMR017019701505,MMR017019,,,,Say Yon Ward,ဆေးရုံရပ်ကွက်,,,7525,မအူပင်မြို့နယ်,osm_pcode_exact_polygon,exact_pcode_osm_polygon;a39165111:MultiPolygon,osm_odbl,create_missing,100,No CoreMap match; exact MIMU PCode exists on OSM polygon a39165111,
ward_village_tract,ward,True,Active,MMR017019701506,MMR017019,,,,Ah Hta Ka (1) Kyaung Ward,အထက (၁) ကျောင်းရပ်ကွက်,,,7525,မအူပင်မြို့နယ်,osm_pcode_exact_polygon,exact_pcode_osm_polygon;a39165131:MultiPolygon,osm_odbl,create_missing,100,No CoreMap match; exact MIMU PCode exists on OSM polygon a39165131,
ward_village_tract,ward,True,Active,MMR017019701507,MMR017019,,,,Hlay Seik Myauk Paing Ward,လှေဆိပ်မြောက်ပိုင်းရပ်ကွက်,,,7525,မအူပင်မြို့နယ်,osm_pcode_exact_polygon,exact_pcode_osm_polygon;a39165121:MultiPolygon,osm_odbl,create_missing,100,No CoreMap match; exact MIMU PCode exists on OSM polygon a39165121,
ward_village_tract,ward,True,Active,MMR017019701508,MMR017019,,,,Hlay Seik Taung Paing Ward,လှေဆိပ်တောင်ပိုင်းရပ်ကွက်,,,7525,မအူပင်မြို့နယ်,osm_pcode_exact_polygon,exact_pcode_osm_polygon;a39165123:MultiPolygon,osm_odbl,create_missing,100,No CoreMap match; exact MIMU PCode exists on OSM polygon a39165123,
ward_village_tract,ward,True,Active,MMR017019701509,MMR017019,,,,Aung Myay Thar Zi Ward,အောင်မြေသာဇီရပ်ကွက်,,,7525,မအူပင်မြို့နယ်,osm_pcode_exact_polygon,exact_pcode_osm_polygon;a39165129:MultiPolygon,osm_odbl,create_missing,100,No CoreMap match; exact MIMU PCode exists on OSM polygon a39165129,
ward_village_tract,ward,True,Active,MMR017019701510,MMR017019,,,,Ma Har Baw Di Ward,မဟာဗောဓိရပ်ကွက်,,,7525,မအူပင်မြို့နယ်,osm_pcode_exact_polygon,exact_pcode_osm_polygon;a39165119:MultiPolygon,osm_odbl,create_missing,100,No CoreMap match; exact MIMU PCode exists on OSM polygon a39165119,
ward_village_tract,ward,True,Active,MMR017019701511,MMR017019,,,,Ah Hta Ka (2) Kyaung Ward,အထက (၂) ကျောင်းရပ်ကွက်,,,7525,မအူပင်မြို့နယ်,osm_pcode_exact_polygon,exact_pcode_osm_polygon;a39165127:MultiPolygon,osm_odbl,create_missing,100,No CoreMap match; exact MIMU PCode exists on OSM polygon a39165127,
ward_village_tract,ward,True,Active,MMR017019701512,MMR017019,,,,Paw Taw Mu Ward,ပေါ်တော်မူရပ်ကွက်,,,7525,မအူပင်မြို့နယ်,osm_pcode_exact_polygon,exact_pcode_osm_polygon;a39165115:MultiPolygon,osm_odbl,create_missing,100,No CoreMap match; exact MIMU PCode exists on OSM polygon a39165115,
ward_village_tract,ward,True,Active,MMR017020701501,MMR017020,,,,Ah Shey Paing Ward,အရှေ့ပိုင်းရပ်ကွက်,,,7332,ပန်းတနော်မြို့နယ်,osm_pcode_exact_polygon,exact_pcode_osm_polygon;a39165463:MultiPolygon,osm_odbl,create_missing,100,No CoreMap match; exact MIMU PCode exists on OSM polygon a39165463,
ward_village_tract,ward,True,Active,MMR017020701502,MMR017020,,,,Ah Lel Paing Ward,အလယ်ပိုင်းရပ်ကွက်,,,7332,ပန်းတနော်မြို့နယ်,osm_pcode_exact_polygon,exact_pcode_osm_polygon;a39165461:MultiPolygon,osm_odbl,create_missing,100,No CoreMap match; exact MIMU PCode exists on OSM polygon a39165461,
ward_village_tract,ward,True,Active,MMR017020701503,MMR017020,,,,Ah Nauk Paing Ward,အနောက်ပိုင်းရပ်ကွက်,,,7332,ပန်းတနော်မြို့နယ်,osm_pcode_exact_polygon,exact_pcode_osm_polygon;a39165459:MultiPolygon,osm_odbl,create_missing,100,No CoreMap match; exact MIMU PCode exists on OSM polygon a39165459,
ward_village_tract,ward,True,Active,MMR017021701501,MMR017021,,,,No (1) Ward,အမှတ် (၁) ရပ်ကွက်,,,7524,ညောင်တုန်းမြို့နယ်,osm_pcode_exact_polygon,exact_pcode_osm_polygon;a39165443:MultiPolygon,osm_odbl,create_missing,100,No CoreMap match; exact MIMU PCode exists on OSM polygon a39165443,
ward_village_tract,ward,True,Active,MMR017021701502,MMR017021,,,,No (2) Ward,အမှတ် (၂) ရပ်ကွက်,,,7524,ညောင်တုန်းမြို့နယ်,osm_pcode_exact_polygon,exact_pcode_osm_polygon;a39165433:MultiPolygon,osm_odbl,create_missing,100,No CoreMap match; exact MIMU PCode exists on OSM polygon a39165433,
ward_village_tract,ward,True,Active,MMR017021701503,MMR017021,,,,No (3) Ward,အမှတ် (၃) ရပ်ကွက်,,,7524,ညောင်တုန်းမြို့နယ်,osm_pcode_exact_polygon,exact_pcode_osm_polygon;a39165431:MultiPolygon,osm_odbl,create_missing,100,No CoreMap match; exact MIMU PCode exists on OSM polygon a39165431,
ward_village_tract,ward,True,Active,MMR017021701504,MMR017021,,,,No (4) Ward,အမှတ် (၄) ရပ်ကွက်,,,7524,ညောင်တုန်းမြို့နယ်,osm_pcode_exact_polygon,exact_pcode_osm_polygon;a39165429:MultiPolygon,osm_odbl,create_missing,100,No CoreMap match; exact MIMU PCode exists on OSM polygon a39165429,
ward_village_tract,ward,True,Active,MMR017021701505,MMR017021,,,,No (5) Ward,အမှတ် (၅) ရပ်ကွက်,,,7524,ညောင်တုန်းမြို့နယ်,osm_pcode_exact_polygon,exact_pcode_osm_polygon;a39165427:MultiPolygon,osm_odbl,create_missing,100,No CoreMap match; exact MIMU PCode exists on OSM polygon a39165427,
ward_village_tract,ward,True,Active,MMR017021701506,MMR017021,,,,No (6) Ward,အမှတ် (၆) ရပ်ကွက်,,,7524,ညောင်တုန်းမြို့နယ်,osm_pcode_exact_polygon,exact_pcode_osm_polygon;a39165425:MultiPolygon,osm_odbl,create_missing,100,No CoreMap match; exact MIMU PCode exists on OSM polygon a39165425,
ward_village_tract,ward,True,Active,MMR017021701507,MMR017021,,,,No (7) Ward,အမှတ် (၇) ရပ်ကွက်,,,7524,ညောင်တုန်းမြို့နယ်,osm_pcode_exact_polygon,exact_pcode_osm_polygon;a39165437:MultiPolygon,osm_odbl,create_missing,100,No CoreMap match; exact MIMU PCode exists on OSM polygon a39165437,
ward_village_tract,ward,True,Active,MMR017021701508,MMR017021,,,,No (8) Ward,အမှတ် (၈) ရပ်ကွက်,,,7524,ညောင်တုန်းမြို့နယ်,osm_pcode_exact_polygon,exact_pcode_osm_polygon;a39165435:MultiPolygon,osm_odbl,create_missing,100,No CoreMap match; exact MIMU PCode exists on OSM polygon a39165435,
ward_village_tract,ward,True,Active,MMR017021701509,MMR017021,,,,No (9) Ward,အမှတ် (၉) ရပ်ကွက်,,,7524,ညောင်တုန်းမြို့နယ်,osm_pcode_exact_polygon,exact_pcode_osm_polygon;a39165441:MultiPolygon,osm_odbl,create_missing,100,No CoreMap match; exact MIMU PCode exists on OSM polygon a39165441,
ward_village_tract,ward,True,Active,MMR017021701510,MMR017021,,,,No (10) Ward,အမှတ် (၁၀) ရပ်ကွက်,,,7524,ညောင်တုန်းမြို့နယ်,osm_pcode_exact_polygon,exact_pcode_osm_polygon;a39165439:MultiPolygon,osm_odbl,create_missing,100,No CoreMap match; exact MIMU PCode exists on OSM polygon a39165439,
ward_village_tract,ward,True,Active,MMR018004701502,MMR018004,,,,Shwe In Gyin Ward,ရွှေအင်ကြင်းရပ်ကွက်,,,6032,ဒက္ခိဏသီရိမြို့နယ်,osm_pcode_exact_polygon,exact_pcode_osm_polygon;a39122099:MultiPolygon,osm_odbl,create_missing,100,No CoreMap match; exact MIMU PCode exists on OSM polygon a39122099,
