duplicate_type,admin_level,parent_id,normalized_name,admin_area_ids,name_row_ids,row_count,review_reason
exact_duplicate_name_rows,,,မော်လိုက်,5021,7133;7882,2,Remove exact duplicate name rows while preserving one row and useful aliases
exact_duplicate_name_rows,,,မော်လိုက်,5022,7293;7854,2,Remove exact duplicate name rows while preserving one row and useful aliases
exact_duplicate_name_rows,,,ကျွန်းလှ,5023,7265;8094,2,Remove exact duplicate name rows while preserving one row and useful aliases
exact_duplicate_name_rows,,,ကော့ကရိတ်,5030,7238;7564,2,Remove exact duplicate name rows while preserving one row and useful aliases
exact_duplicate_name_rows,,,ကော့ကရိတ်,5031,7118;8266,2,Remove exact duplicate name rows while preserving one row and useful aliases
exact_duplicate_name_rows,,,မြဝတီ,5032,7143;7908,2,Remove exact duplicate name rows while preserving one row and useful aliases
exact_duplicate_name_rows,,,မြဝတီ,5033,7333;7642,2,Remove exact duplicate name rows while preserving one row and useful aliases
exact_duplicate_name_rows,,,ဘုတ်ပြင်း,5035,7179;7836,2,Remove exact duplicate name rows while preserving one row and useful aliases
exact_duplicate_name_rows,,,ဘုတ်ပြင်း,5036,5228;7994,2,Remove exact duplicate name rows while preserving one row and useful aliases
exact_duplicate_name_rows,,,သထုံ,5053,7436;8186,2,Remove exact duplicate name rows while preserving one row and useful aliases
exact_duplicate_name_rows,,,သထုံ,5054,7161;7652,2,Remove exact duplicate name rows while preserving one row and useful aliases
exact_duplicate_name_rows,,,မွန်,5089,7099;7862,2,Remove exact duplicate name rows while preserving one row and useful aliases
exact_duplicate_name_rows,,,မာန်အောင်,5091,7328;7536,2,Remove exact duplicate name rows while preserving one row and useful aliases
exact_duplicate_name_rows,,,မော်လမြိုင်,5099,7134;7760,2,Remove exact duplicate name rows while preserving one row and useful aliases
exact_duplicate_name_rows,,,ကွမ်းခြံကုန်း,5112,7245;8360,2,Remove exact duplicate name rows while preserving one row and useful aliases
exact_duplicate_name_rows,,,ကော့မှူး,5125,7237;8158,2,Remove exact duplicate name rows while preserving one row and useful aliases
exact_duplicate_name_rows,,,တွံတေး,5134,5193;8068,2,Remove exact duplicate name rows while preserving one row and useful aliases
exact_duplicate_name_rows,,,ခရမ်း,5142,7241;7574,2,Remove exact duplicate name rows while preserving one row and useful aliases
exact_duplicate_name_rows,,,သုံးခွ,5145,7442;8092,2,Remove exact duplicate name rows while preserving one row and useful aliases
exact_duplicate_name_rows,,,ဒဂုံသစ်အရှေ့ပိုင်း,5165,7084;8036,2,Remove exact duplicate name rows while preserving one row and useful aliases
exact_duplicate_name_rows,,,ဒဂုံသစ်,5170,5184;7794,2,Remove exact duplicate name rows while preserving one row and useful aliases
exact_duplicate_name_rows,,,ကျောက်ဖြူ,5199,7255;8278,2,Remove exact duplicate name rows while preserving one row and useful aliases
exact_duplicate_name_rows,,,သန်လျင်,5211,7434;7544,2,Remove exact duplicate name rows while preserving one row and useful aliases
exact_duplicate_name_rows,,,ဒဂုံသစ်တောင်ပိုင်း,5231,7085;7594,2,Remove exact duplicate name rows while preserving one row and useful aliases
exact_duplicate_name_rows,,,တောင်ဥက္ကလာပ,5267,7090;8058,2,Remove exact duplicate name rows while preserving one row and useful aliases
exact_duplicate_name_rows,,,ရန်ကုန်,5271,7470;8304,2,Remove exact duplicate name rows while preserving one row and useful aliases
exact_duplicate_name_rows,,,သင်္ဃန်းကျွန်း,5282,5186;7972,2,Remove exact duplicate name rows while preserving one row and useful aliases
exact_duplicate_name_rows,,,ကမာရွတ်,5306,7229;7966,2,Remove exact duplicate name rows while preserving one row and useful aliases
exact_duplicate_name_rows,,,ကမာရွတ်,5310,5183;8230,2,Remove exact duplicate name rows while preserving one row and useful aliases
exact_duplicate_name_rows,,,သင်္ဃန်းကျွန်း,5344,7087;8184,2,Remove exact duplicate name rows while preserving one row and useful aliases
exact_duplicate_name_rows,,,ဒေါပုံ,5395,7193;8128,2,Remove exact duplicate name rows while preserving one row and useful aliases
exact_duplicate_name_rows,,,ဒဂုံ,5505,7189;8118,2,Remove exact duplicate name rows while preserving one row and useful aliases
exact_duplicate_name_rows,,,ကျောက်တံတား,5510,5192;8172,2,Remove exact duplicate name rows while preserving one row and useful aliases
exact_duplicate_name_rows,,,တာမွေ,5568,7416;7962,2,Remove exact duplicate name rows while preserving one row and useful aliases
exact_duplicate_name_rows,,,လှိုင်သာယာအနောက်ပိုင်း,5675,5017;8114,2,Remove exact duplicate name rows while preserving one row and useful aliases
exact_duplicate_name_rows,,,အင်းစိန်,5690,7225;8170,2,Remove exact duplicate name rows while preserving one row and useful aliases
exact_duplicate_name_rows,,,အင်းစိန်,5696,5194;7608,2,Remove exact duplicate name rows while preserving one row and useful aliases
exact_duplicate_name_rows,,,မရမ်းကုန်း,5706,5187;7568,2,Remove exact duplicate name rows while preserving one row and useful aliases
exact_duplicate_name_rows,,,ဒဂုံသစ်မြောက်ပိုင်း,5722,7083;8064,2,Remove exact duplicate name rows while preserving one row and useful aliases
exact_duplicate_name_rows,,,မြောက်ဥက္ကလာပ,5772,7353;7900,2,Remove exact duplicate name rows while preserving one row and useful aliases
exact_duplicate_name_rows,,,မင်္ဂလာဒုံ,5802,5195;7928,2,Remove exact duplicate name rows while preserving one row and useful aliases
exact_duplicate_name_rows,,,ပန်းတနော်,5853,7510;8126,2,Remove exact duplicate name rows while preserving one row and useful aliases
exact_duplicate_name_rows,,,မှော်ဘီ,5856,7210;8368,2,Remove exact duplicate name rows while preserving one row and useful aliases
exact_duplicate_name_rows,,,လှည်းကူး,5857,7209;7620,2,Remove exact duplicate name rows while preserving one row and useful aliases
exact_duplicate_name_rows,,,လှည်းကူး,5858,5190;8222,2,Remove exact duplicate name rows while preserving one row and useful aliases
exact_duplicate_name_rows,,,သနပ်ပင်,5865,7430;7562,2,Remove exact duplicate name rows while preserving one row and useful aliases
exact_duplicate_name_rows,,,ကဝ,5873,7236;8148,2,Remove exact duplicate name rows while preserving one row and useful aliases
exact_duplicate_name_rows,,,ဘားအံ,5877,7213;7602,2,Remove exact duplicate name rows while preserving one row and useful aliases
exact_duplicate_name_rows,,,ဘားအံ,5878,7114;8228,2,Remove exact duplicate name rows while preserving one row and useful aliases
exact_duplicate_name_rows,,,ကရင်,5879,7096;8152,2,Remove exact duplicate name rows while preserving one row and useful aliases
exact_duplicate_name_rows,,,လှိုင်းဘွဲ,5880,7207;7902,2,Remove exact duplicate name rows while preserving one row and useful aliases
exact_duplicate_name_rows,,,ဘီးလင်း,5881,7177;8338,2,Remove exact duplicate name rows while preserving one row and useful aliases
exact_duplicate_name_rows,,,ကျိုက်ထို,5882,5221;7934,2,Remove exact duplicate name rows while preserving one row and useful aliases
exact_duplicate_name_rows,,,ကျိုက်ထို,5889,7249;7822,2,Remove exact duplicate name rows while preserving one row and useful aliases
exact_duplicate_name_rows,,,ဒိုက်ဦး,5911,7190;8268,2,Remove exact duplicate name rows while preserving one row and useful aliases
exact_duplicate_name_rows,,,ရွှေကျင်,5920,7403;7816,2,Remove exact duplicate name rows while preserving one row and useful aliases
exact_duplicate_name_rows,,,ဝေါ,5922,7451;7846,2,Remove exact duplicate name rows while preserving one row and useful aliases
exact_duplicate_name_rows,,,ပဲခူး,5923,7105;8084,2,Remove exact duplicate name rows while preserving one row and useful aliases
exact_duplicate_name_rows,,,ကျောက်တံခါး,5925,7258;7884,2,Remove exact duplicate name rows while preserving one row and useful aliases
exact_duplicate_name_rows,,,ကျောက်ကြီး,5941,7252;7740,2,Remove exact duplicate name rows while preserving one row and useful aliases
exact_duplicate_name_rows,,,ဖြူး,5942,7376;7600,2,Remove exact duplicate name rows while preserving one row and useful aliases
exact_duplicate_name_rows,,,အုတ်တွင်း,5943,7358;8260,2,Remove exact duplicate name rows while preserving one row and useful aliases
exact_duplicate_name_rows,,,မယ်စဲ့,5960,5217;7746,2,Remove exact duplicate name rows while preserving one row and useful aliases
exact_duplicate_name_rows,,,မယ်စဲ့,5962,7298;7982,2,Remove exact duplicate name rows while preserving one row and useful aliases
exact_duplicate_name_rows,,,တောင်ငူ,5970,7159;7894,2,Remove exact duplicate name rows while preserving one row and useful aliases
exact_duplicate_name_rows,,,ထန်းတပင်,5971,7220;8256,2,Remove exact duplicate name rows while preserving one row and useful aliases
exact_duplicate_name_rows,,,ဘော်လခဲ,5974,7106;7684,2,Remove exact duplicate name rows while preserving one row and useful aliases
exact_duplicate_name_rows,,,ဖာပွန်,5978,7215;8350,2,Remove exact duplicate name rows while preserving one row and useful aliases
exact_duplicate_name_rows,,,ပုံပါကျင်,5983,5203;7940,2,Remove exact duplicate name rows while preserving one row and useful aliases
exact_duplicate_name_rows,,,လယ်ဝေး,5991,5180;7820,2,Remove exact duplicate name rows while preserving one row and useful aliases
exact_duplicate_name_rows,,,လွိုင်ကော်,5997,7279;7782,2,Remove exact duplicate name rows while preserving one row and useful aliases
exact_duplicate_name_rows,,,ရှားတော,5998,7399;7988,2,Remove exact duplicate name rows while preserving one row and useful aliases
exact_duplicate_name_rows,,,လွိုင်ကော်,5999,7126;7526,2,Remove exact duplicate name rows while preserving one row and useful aliases
exact_duplicate_name_rows,,,ဘော်လခဲ,6006,7175;7558,2,Remove exact duplicate name rows while preserving one row and useful aliases
exact_duplicate_name_rows,,,ကယား,6007,7095;8124,2,Remove exact duplicate name rows while preserving one row and useful aliases
exact_duplicate_name_rows,,,ဖရူဆို,6013,7217;8234,2,Remove exact duplicate name rows while preserving one row and useful aliases
exact_duplicate_name_rows,,,ဒီးမော့ဆို,6014,5218;7980,2,Remove exact duplicate name rows while preserving one row and useful aliases
exact_duplicate_name_rows,,,ဒီးမော့ဆို,6015,7197;7912,2,Remove exact duplicate name rows while preserving one row and useful aliases
exact_duplicate_name_rows,,,သံတောင်ကြီး,6017,5219;8296,2,Remove exact duplicate name rows while preserving one row and useful aliases
exact_duplicate_name_rows,,,သံတောင်ကြီး,6018,7432;7860,2,Remove exact duplicate name rows while preserving one row and useful aliases
exact_duplicate_name_rows,,,တောင်ငူ,6019,7423;7560,2,Remove exact duplicate name rows while preserving one row and useful aliases
exact_duplicate_name_rows,,,ရေတာရှည်,6020,7460;7702,2,Remove exact duplicate name rows while preserving one row and useful aliases
exact_duplicate_name_rows,,,ဇမ္ဗူသီရိ,6029,7466;7552,2,Remove exact duplicate name rows while preserving one row and useful aliases
exact_duplicate_name_rows,,,နေပြည်တော်,6031,7100;7656,2,Remove exact duplicate name rows while preserving one row and useful aliases
exact_duplicate_name_rows,,,ဒက္ခိဏသီရိ,6032,7196;7584,2,Remove exact duplicate name rows while preserving one row and useful aliases
exact_duplicate_name_rows,,,ပျဉ်းမနား,6037,5181;7588,2,Remove exact duplicate name rows while preserving one row and useful aliases
exact_duplicate_name_rows,,,ဖယ်ခုံ,6039,7375;7910,2,Remove exact duplicate name rows while preserving one row and useful aliases
exact_duplicate_name_rows,,,ဇေယျာသီရိ,6042,5182;7712,2,Remove exact duplicate name rows while preserving one row and useful aliases
exact_duplicate_name_rows,,,ဥတ္တရ,6051,7476;8204,2,Remove exact duplicate name rows while preserving one row and useful aliases
exact_duplicate_name_rows,,,ပုဗ္ဗသီရိ,6059,7380;8250,2,Remove exact duplicate name rows while preserving one row and useful aliases
exact_duplicate_name_rows,,,တပ်ကုန်း,6067,7420;7876,2,Remove exact duplicate name rows while preserving one row and useful aliases
exact_duplicate_name_rows,,,ရမည်းသင်း,6068,7164;7796,2,Remove exact duplicate name rows while preserving one row and useful aliases
exact_duplicate_name_rows,,,ရမည်းသင်း,6069,7455;8318,2,Remove exact duplicate name rows while preserving one row and useful aliases
exact_duplicate_name_rows,,,ကလော,6072,5212;8252,2,Remove exact duplicate name rows while preserving one row and useful aliases
exact_duplicate_name_rows,,,ပင်လောင်း,6073,7378;7974,2,Remove exact duplicate name rows while preserving one row and useful aliases
exact_duplicate_name_rows,,,ညောင်ရွှေ,6076,7356;8156,2,Remove exact duplicate name rows while preserving one row and useful aliases
exact_duplicate_name_rows,,,ဆီဆိုင်,6091,7218;7792,2,Remove exact duplicate name rows while preserving one row and useful aliases
exact_duplicate_name_rows,,,မောက်မယ်,6092,7292;7812,2,Remove exact duplicate name rows while preserving one row and useful aliases
exact_duplicate_name_rows,,,လင်းခေး,6093,7270;7766,2,Remove exact duplicate name rows while preserving one row and useful aliases
exact_duplicate_name_rows,,,နမ့်စန်,6108,7343;7650,2,Remove exact duplicate name rows while preserving one row and useful aliases
exact_duplicate_name_rows,,,တောင်ကြီး,6114,7422;8034,2,Remove exact duplicate name rows while preserving one row and useful aliases
exact_duplicate_name_rows,,,ဟိုပုန်း,6124,5204;8212,2,Remove exact duplicate name rows while preserving one row and useful aliases
exact_duplicate_name_rows,,,လွိုင်လင်,6126,7280;8238,2,Remove exact duplicate name rows while preserving one row and useful aliases
exact_duplicate_name_rows,,,ပင်းတယ,6144,7377;7616,2,Remove exact duplicate name rows while preserving one row and useful aliases
exact_duplicate_name_rows,,,ကလော,6160,7226;7570,2,Remove exact duplicate name rows while preserving one row and useful aliases
exact_duplicate_name_rows,,,သာစည်,6164,7440;8100,2,Remove exact duplicate name rows while preserving one row and useful aliases
exact_duplicate_name_rows,,,တောင်ကြီး,6176,7158;8038,2,Remove exact duplicate name rows while preserving one row and useful aliases
exact_duplicate_name_rows,,,ဝမ်းတွင်း,6185,7453;7742,2,Remove exact duplicate name rows while preserving one row and useful aliases
exact_duplicate_name_rows,,,ရွာငံ,6187,7465;8280,2,Remove exact duplicate name rows while preserving one row and useful aliases
exact_duplicate_name_rows,,,ဓနုကိုယ်ပိုင်အုပ်ချုပ်ခွင့်ရဒေသ,6192,7473;7776,2,Remove exact duplicate name rows while preserving one row and useful aliases
exact_duplicate_name_rows,,,ကျောက်ဆည်,6197,7123;7676,2,Remove exact duplicate name rows while preserving one row and useful aliases
exact_duplicate_name_rows,,,မြစ်သား,6200,7339;7636,2,Remove exact duplicate name rows while preserving one row and useful aliases
exact_duplicate_name_rows,,,အမရပူရ,6202,7167;8082,2,Remove exact duplicate name rows while preserving one row and useful aliases
exact_duplicate_name_rows,,,စဉ့်ကိုင်,6205,7408;8232,2,Remove exact duplicate name rows while preserving one row and useful aliases
exact_duplicate_name_rows,,,အမရပူရ,6207,5198;7572,2,Remove exact duplicate name rows while preserving one row and useful aliases
exact_duplicate_name_rows,,,မဟာအောင်မြေ,6224,5200;7890,2,Remove exact duplicate name rows while preserving one row and useful aliases
exact_duplicate_name_rows,,,ချမ်းအေးသာဇံ,6237,7182;8348,2,Remove exact duplicate name rows while preserving one row and useful aliases
exact_duplicate_name_rows,,,မန္တလေး,6273,7129;8168,2,Remove exact duplicate name rows while preserving one row and useful aliases
exact_duplicate_name_rows,,,ပုသိမ်ကြီး,6276,7368;8044,2,Remove exact duplicate name rows while preserving one row and useful aliases
exact_duplicate_name_rows,,,ရပ်စောက်,6280,7274;7722,2,Remove exact duplicate name rows while preserving one row and useful aliases
exact_duplicate_name_rows,,,မိုင်းဖျန်,6288,5046;8354,2,Remove exact duplicate name rows while preserving one row and useful aliases
exact_duplicate_name_rows,,,လဲချား,6305,7269;7898,2,Remove exact duplicate name rows while preserving one row and useful aliases
exact_duplicate_name_rows,,,လွိုင်လင်,6309,7127;7610,2,Remove exact duplicate name rows while preserving one row and useful aliases
exact_duplicate_name_rows,,,ဟိုပုံး,6310,7212;7824,2,Remove exact duplicate name rows while preserving one row and useful aliases
exact_duplicate_name_rows,,,နမ့်စန်,6311,5214;8264,2,Remove exact duplicate name rows while preserving one row and useful aliases
exact_duplicate_name_rows,,,မိုင်းပြင်း,6312,7320;8262,2,Remove exact duplicate name rows while preserving one row and useful aliases
exact_duplicate_name_rows,,,ကွန်ဟိန်း,6313,7246;8242,2,Remove exact duplicate name rows while preserving one row and useful aliases
exact_duplicate_name_rows,,,မိုင်းရှူး,6315,5213;7628,2,Remove exact duplicate name rows while preserving one row and useful aliases
exact_duplicate_name_rows,,,ကျေးသီး,6322,7263;7748,2,Remove exact duplicate name rows while preserving one row and useful aliases
exact_duplicate_name_rows,,,မိုင်းရှူး,6327,7314;8290,2,Remove exact duplicate name rows while preserving one row and useful aliases
exact_duplicate_name_rows,,,မက်မန်း,6328,7289;8180,2,Remove exact duplicate name rows while preserving one row and useful aliases
exact_duplicate_name_rows,,,ရှမ်း,6329,7103;7528,2,Remove exact duplicate name rows while preserving one row and useful aliases
exact_duplicate_name_rows,,,မိုင်းခတ်,6331,7316;8010,2,Remove exact duplicate name rows while preserving one row and useful aliases
exact_duplicate_name_rows,,,မိုင်းပန်,6333,7319;7704,2,Remove exact duplicate name rows while preserving one row and useful aliases
exact_duplicate_name_rows,,,နမ့်ဖိုင်,6334,5047;8120,2,Remove exact duplicate name rows while preserving one row and useful aliases
exact_duplicate_name_rows,,,မိုင်းပေါက်,6335,5045;8326,2,Remove exact duplicate name rows while preserving one row and useful aliases
exact_duplicate_name_rows,,,မိုင်းကာ,6336,5044;8346,2,Remove exact duplicate name rows while preserving one row and useful aliases
exact_duplicate_name_rows,,,မိုင်းယန်းအမှန်တကယ်,6338,5210;7640,2,Remove exact duplicate name rows while preserving one row and useful aliases
exact_duplicate_name_rows,,,မိုင်းယန်း,6340,7080;8258,2,Remove exact duplicate name rows while preserving one row and useful aliases
exact_duplicate_name_rows,,,ကျိုင်းတုံ,6360,7242;8166,2,Remove exact duplicate name rows while preserving one row and useful aliases
exact_duplicate_name_rows,,,ကျိုင်းတုံ,6361,7120;8008,2,Remove exact duplicate name rows while preserving one row and useful aliases
exact_duplicate_name_rows,,,မိုးနဲ,6362,7318;8344,2,Remove exact duplicate name rows while preserving one row and useful aliases
exact_duplicate_name_rows,,,မိုင်းဖြတ်,6370,7312;7802,2,Remove exact duplicate name rows while preserving one row and useful aliases
exact_duplicate_name_rows,,,မိုင်းဆတ်,6371,7139;7738,2,Remove exact duplicate name rows while preserving one row and useful aliases
exact_duplicate_name_rows,,,မိုင်းဆတ်,6372,7313;8150,2,Remove exact duplicate name rows while preserving one row and useful aliases
exact_duplicate_name_rows,,,လင်းခေး,6383,7125;8174,2,Remove exact duplicate name rows while preserving one row and useful aliases
exact_duplicate_name_rows,,,မိုင်းတုံ,6384,5211;7534,2,Remove exact duplicate name rows while preserving one row and useful aliases
exact_duplicate_name_rows,,,မိုင်းတုံ,6385,7321;8020,2,Remove exact duplicate name rows while preserving one row and useful aliases
exact_duplicate_name_rows,,,တာချီလိတ်,6390,7412;7848,2,Remove exact duplicate name rows while preserving one row and useful aliases
exact_duplicate_name_rows,,,တာချီလိတ်,6391,7156;7786,2,Remove exact duplicate name rows while preserving one row and useful aliases
exact_duplicate_name_rows,,,နမ့်ပန်း,6392,5053;7850,2,Remove exact duplicate name rows while preserving one row and useful aliases
exact_duplicate_name_rows,,,နမ့်ဆန်,6394,7341;8210,2,Remove exact duplicate name rows while preserving one row and useful aliases
exact_duplicate_name_rows,,,တုံချိန်,6399,5070;7678,2,Remove exact duplicate name rows while preserving one row and useful aliases
exact_duplicate_name_rows,,,လောက်ကိုင်,6407,5071;7810,2,Remove exact duplicate name rows while preserving one row and useful aliases
exact_duplicate_name_rows,,,ရှီးရှမ်း,6410,5060;8274,2,Remove exact duplicate name rows while preserving one row and useful aliases
exact_duplicate_name_rows,,,ကိုးကန့်,6411,5054;7554,2,Remove exact duplicate name rows while preserving one row and useful aliases
exact_duplicate_name_rows,,,ရှင်းဝမ်,6412,5061;7690,2,Remove exact duplicate name rows while preserving one row and useful aliases
exact_duplicate_name_rows,,,မုံးကိုး,6413,5057;7638,2,Remove exact duplicate name rows while preserving one row and useful aliases
exact_duplicate_name_rows,,,တာမိုးညဲ,6414,5231;8076,2,Remove exact duplicate name rows while preserving one row and useful aliases
exact_duplicate_name_rows,,,တုန်းရှမ်း,6416,5075;8332,2,Remove exact duplicate name rows while preserving one row and useful aliases
exact_duplicate_name_rows,,,လောက်ကိုင်,6417,5068;8140,2,Remove exact duplicate name rows while preserving one row and useful aliases
exact_duplicate_name_rows,,,ဟိုပန်,6429,5073;7888,2,Remove exact duplicate name rows while preserving one row and useful aliases
exact_duplicate_name_rows,,,နမ့်တစ်,6430,5072;7832,2,Remove exact duplicate name rows while preserving one row and useful aliases
exact_duplicate_name_rows,,,ပန်လုံ,6432,5074;7688,2,Remove exact duplicate name rows while preserving one row and useful aliases
exact_duplicate_name_rows,,,ကွမ်းလုံ,6441,5059;7872,2,Remove exact duplicate name rows while preserving one row and useful aliases
exact_duplicate_name_rows,,,မိုင်ယော်,6443,5077;8244,2,Remove exact duplicate name rows while preserving one row and useful aliases
exact_duplicate_name_rows,,,နာဝီး,6446,5023;7924,2,Remove exact duplicate name rows while preserving one row and useful aliases
exact_duplicate_name_rows,,,ဟိုပန်,6447,5022;8078,2,Remove exact duplicate name rows while preserving one row and useful aliases
exact_duplicate_name_rows,,,ပန်ဝိုင်,6448,5025;7878,2,Remove exact duplicate name rows while preserving one row and useful aliases
exact_duplicate_name_rows,,,ခွန်းမား,6450,5029;7800,2,Remove exact duplicate name rows while preserving one row and useful aliases
exact_duplicate_name_rows,,,မိုင်းမော,6452,5027;7868,2,Remove exact duplicate name rows while preserving one row and useful aliases
exact_duplicate_name_rows,,,အိုက်ချိန်,6453,5031;7768,2,Remove exact duplicate name rows while preserving one row and useful aliases
exact_duplicate_name_rows,,,လုံထန်,6454,5030;8292,2,Remove exact duplicate name rows while preserving one row and useful aliases
exact_duplicate_name_rows,,,ရင်ဖန့်,6456,5032;8356,2,Remove exact duplicate name rows while preserving one row and useful aliases
exact_duplicate_name_rows,,,ဟိုတောင်း,6460,5043;8316,2,Remove exact duplicate name rows while preserving one row and useful aliases
exact_duplicate_name_rows,,,ပန်ယန်း,6462,5040;7778,2,Remove exact duplicate name rows while preserving one row and useful aliases
exact_duplicate_name_rows,,,မိုင်းပေါက်,6466,5042;8358,2,Remove exact duplicate name rows while preserving one row and useful aliases
exact_duplicate_name_rows,,,တန့်ယန်း,6467,7418;7596,2,Remove exact duplicate name rows while preserving one row and useful aliases
exact_duplicate_name_rows,,,လျင်ဟို,6468,5079;8372,2,Remove exact duplicate name rows while preserving one row and useful aliases
exact_duplicate_name_rows,,,ပန်ခမ်းအထူး,6469,5041;8216,2,Remove exact duplicate name rows while preserving one row and useful aliases
exact_duplicate_name_rows,,,မိုင်းလင်း,6471,5036;8308,2,Remove exact duplicate name rows while preserving one row and useful aliases
exact_duplicate_name_rows,,,နားကောင်း,6473,5037;7658,2,Remove exact duplicate name rows while preserving one row and useful aliases
exact_duplicate_name_rows,,,မက်မန်း,6474,7130;8202,2,Remove exact duplicate name rows while preserving one row and useful aliases
exact_duplicate_name_rows,,,မိုင်းရယ်,6479,7322;7880,2,Remove exact duplicate name rows while preserving one row and useful aliases
exact_duplicate_name_rows,,,မန်မန်ဆိုင်,6484,5035;8108,2,Remove exact duplicate name rows while preserving one row and useful aliases
exact_duplicate_name_rows,,,မန်တွန်း,6491,5026;7624,2,Remove exact duplicate name rows while preserving one row and useful aliases
exact_duplicate_name_rows,,,ကျောက်မဲ,6500,7121;7582,2,Remove exact duplicate name rows while preserving one row and useful aliases
exact_duplicate_name_rows,,,သီပေါ,6523,7219;7606,2,Remove exact duplicate name rows while preserving one row and useful aliases
exact_duplicate_name_rows,,,မန်တုံ,6527,7288;8224,2,Remove exact duplicate name rows while preserving one row and useful aliases
exact_duplicate_name_rows,,,ပြင်ဦးလွင်,6536,7389;7932,2,Remove exact duplicate name rows while preserving one row and useful aliases
exact_duplicate_name_rows,,,အောင်မြေသာစံ,6538,5199;7942,2,Remove exact duplicate name rows while preserving one row and useful aliases
exact_duplicate_name_rows,,,မတ္တရာ,6544,7283;7626,2,Remove exact duplicate name rows while preserving one row and useful aliases
exact_duplicate_name_rows,,,စဉ့်ကူ,6550,7407;8236,2,Remove exact duplicate name rows while preserving one row and useful aliases
exact_duplicate_name_rows,,,ကျောက်မဲ,6551,7253;8086,2,Remove exact duplicate name rows while preserving one row and useful aliases
exact_duplicate_name_rows,,,မိုးကုတ်,6553,7309;8182,2,Remove exact duplicate name rows while preserving one row and useful aliases
exact_duplicate_name_rows,,,သပိတ်ကျင်း,6554,7428;7874,2,Remove exact duplicate name rows while preserving one row and useful aliases
exact_duplicate_name_rows,,,မိုးမိတ်,6558,7317;8352,2,Remove exact duplicate name rows while preserving one row and useful aliases
exact_duplicate_name_rows,,,နမ္မတူ,6560,7342;8112,2,Remove exact duplicate name rows while preserving one row and useful aliases
exact_duplicate_name_rows,,,မိုင်းပါး,6562,5080;7758,2,Remove exact duplicate name rows while preserving one row and useful aliases
exact_duplicate_name_rows,,,မူပန်,6565,7079;8306,2,Remove exact duplicate name rows while preserving one row and useful aliases
exact_duplicate_name_rows,,,ကွတ်ခိုင်,6569,7077;7726,2,Remove exact duplicate name rows while preserving one row and useful aliases
exact_duplicate_name_rows,,,ကွတ်ခိုင်,6575,7078;8254,2,Remove exact duplicate name rows while preserving one row and useful aliases
exact_duplicate_name_rows,,,မံစီ,6584,7287;7938,2,Remove exact duplicate name rows while preserving one row and useful aliases
exact_duplicate_name_rows,,,မဘိမ်း,6585,7281;7598,2,Remove exact duplicate name rows while preserving one row and useful aliases
exact_duplicate_name_rows,,,မိုးမိတ်,6586,7475;7718,2,Remove exact duplicate name rows while preserving one row and useful aliases
exact_duplicate_name_rows,,,ထီးချိုင့်,6587,7443;8070,2,Remove exact duplicate name rows while preserving one row and useful aliases
exact_duplicate_name_rows,,,ကသာ,6588,7235;7548,2,Remove exact duplicate name rows while preserving one row and useful aliases
exact_duplicate_name_rows,,,မိုးမောက်,6593,7311;8040,2,Remove exact duplicate name rows while preserving one row and useful aliases
exact_duplicate_name_rows,,,ဗန်းမော်,6594,7107;8102,2,Remove exact duplicate name rows while preserving one row and useful aliases
exact_duplicate_name_rows,,,နမ့်ဖက်ကာ,6597,7076;7750,2,Remove exact duplicate name rows while preserving one row and useful aliases
exact_duplicate_name_rows,,,ကွတ်ခိုင်,6598,5056;7590,2,Remove exact duplicate name rows while preserving one row and useful aliases
exact_duplicate_name_rows,,,နမ့်ခမ်း,6599,5091;7984,2,Remove exact duplicate name rows while preserving one row and useful aliases
exact_duplicate_name_rows,,,မူဆယ်,6600,7075;7706,2,Remove exact duplicate name rows while preserving one row and useful aliases
exact_duplicate_name_rows,,,မိုးညှင်း,6601,7310;8132,2,Remove exact duplicate name rows while preserving one row and useful aliases
exact_duplicate_name_rows,,,အင်းတော်,6607,7222;7798,2,Remove exact duplicate name rows while preserving one row and useful aliases
exact_duplicate_name_rows,,,မြစ်ကြီးနား,6610,7338;8018,2,Remove exact duplicate name rows while preserving one row and useful aliases
exact_duplicate_name_rows,,,ဗန်းမော်,6612,7176;8298,2,Remove exact duplicate name rows while preserving one row and useful aliases
exact_duplicate_name_rows,,,ဟုန်ရှင်း,6620,5062;7724,2,Remove exact duplicate name rows while preserving one row and useful aliases
exact_duplicate_name_rows,,,မြစ်ကြီးနား,6622,7145;8178,2,Remove exact duplicate name rows while preserving one row and useful aliases
exact_duplicate_name_rows,,,ဝိုင်းမော်,6623,7449;8196,2,Remove exact duplicate name rows while preserving one row and useful aliases
exact_duplicate_name_rows,,,မိုးညှင်း,6659,7138;7844,2,Remove exact duplicate name rows while preserving one row and useful aliases
exact_duplicate_name_rows,,,မိုးကောင်း,6660,7308;7530,2,Remove exact duplicate name rows while preserving one row and useful aliases
exact_duplicate_name_rows,,,ဖားကန့်,6664,7214;7634,2,Remove exact duplicate name rows while preserving one row and useful aliases
exact_duplicate_name_rows,,,တနိုင်း,6666,7417;7618,2,Remove exact duplicate name rows while preserving one row and useful aliases
exact_duplicate_name_rows,,,အင်ဂျန်းယန်,6668,7224;8016,2,Remove exact duplicate name rows while preserving one row and useful aliases
exact_duplicate_name_rows,,,ဆွမ်ပရာဘွမ်,6669,7410;8088,2,Remove exact duplicate name rows while preserving one row and useful aliases
exact_duplicate_name_rows,,,နန်းယွန်း,6673,7074;7804,2,Remove exact duplicate name rows while preserving one row and useful aliases
exact_duplicate_name_rows,,,နန်းယွန်း,6674,7344;7986,2,Remove exact duplicate name rows while preserving one row and useful aliases
exact_duplicate_name_rows,,,နောင်မွန်း,6681,7349;7694,2,Remove exact duplicate name rows while preserving one row and useful aliases
exact_duplicate_name_rows,,,ပူတာအို,6685,7382;7858,2,Remove exact duplicate name rows while preserving one row and useful aliases
exact_duplicate_name_rows,,,မချမ်းဘော,6686,7282;7736,2,Remove exact duplicate name rows while preserving one row and useful aliases
exact_duplicate_name_rows,,,ခေါင်လန်ဖူး,6687,7243;7550,2,Remove exact duplicate name rows while preserving one row and useful aliases
exact_duplicate_name_rows,,,ဆော့လော်,6688,7447;8330,2,Remove exact duplicate name rows while preserving one row and useful aliases
exact_duplicate_name_rows,,,ချီဖွေ,6689,5216;7870,2,Remove exact duplicate name rows while preserving one row and useful aliases
exact_duplicate_name_rows,,,ချီဖွေ,6690,7187;8006,2,Remove exact duplicate name rows while preserving one row and useful aliases
exact_duplicate_name_rows,,,လဟယ်,6692,7268;8312,2,Remove exact duplicate name rows while preserving one row and useful aliases
exact_duplicate_name_rows,,,နာဂကိုယ်ပိုင်အုပ်ချုပ်ခွင့်ရဒေသ,6693,7471;7762,2,Remove exact duplicate name rows while preserving one row and useful aliases
exact_duplicate_name_rows,,,ခန္တီး,6694,7205;7660,2,Remove exact duplicate name rows while preserving one row and useful aliases
exact_duplicate_name_rows,,,လေရှီး,6699,7275;8176,2,Remove exact duplicate name rows while preserving one row and useful aliases
exact_duplicate_name_rows,,,ခန္တီး,6700,7113;8144,2,Remove exact duplicate name rows while preserving one row and useful aliases
exact_duplicate_name_rows,,,ဟုမ္မလင်း,6701,7211;7788,2,Remove exact duplicate name rows while preserving one row and useful aliases
exact_duplicate_name_rows,,,ဗန်းမောက်,6702,7174;8074,2,Remove exact duplicate name rows while preserving one row and useful aliases
exact_duplicate_name_rows,,,စစ်ကိုင်း,6703,7102;7622,2,Remove exact duplicate name rows while preserving one row and useful aliases
exact_duplicate_name_rows,,,ကသာ,6704,7117;8024,2,Remove exact duplicate name rows while preserving one row and useful aliases
exact_duplicate_name_rows,,,ဝန်းသို,6706,7454;8110,2,Remove exact duplicate name rows while preserving one row and useful aliases
exact_duplicate_name_rows,,,ပင်လည်ဘူး,6707,7379;7808,2,Remove exact duplicate name rows while preserving one row and useful aliases
exact_duplicate_name_rows,,,တွန်းဇံ,6712,7445;8328,2,Remove exact duplicate name rows while preserving one row and useful aliases
exact_duplicate_name_rows,,,ဖောင်းပြင်,6715,7373;8218,2,Remove exact duplicate name rows while preserving one row and useful aliases
exact_duplicate_name_rows,,,တီးတိန်,6717,5225;7664,2,Remove exact duplicate name rows while preserving one row and useful aliases
exact_duplicate_name_rows,,,တီးတိန်,6718,7426;8104,2,Remove exact duplicate name rows while preserving one row and useful aliases
exact_duplicate_name_rows,,,မြင်းခြံ,6721,7146;7654,2,Remove exact duplicate name rows while preserving one row and useful aliases
exact_duplicate_name_rows,,,ရခိုင်,6722,7101;7680,2,Remove exact duplicate name rows while preserving one row and useful aliases
exact_duplicate_name_rows,,,ဖလမ်း,6739,7199;7990,2,Remove exact duplicate name rows while preserving one row and useful aliases
exact_duplicate_name_rows,,,ဖလမ်း,6740,7109;8198,2,Remove exact duplicate name rows while preserving one row and useful aliases
exact_duplicate_name_rows,,,ကလေး,6741,7227;7744,2,Remove exact duplicate name rows while preserving one row and useful aliases
exact_duplicate_name_rows,,,ကလေးဝ,6742,7228;8320,2,Remove exact duplicate name rows while preserving one row and useful aliases
exact_duplicate_name_rows,,,ဟားခါး,6743,7203;7914,2,Remove exact duplicate name rows while preserving one row and useful aliases
exact_duplicate_name_rows,,,ချင်း,6744,7093;7922,2,Remove exact duplicate name rows while preserving one row and useful aliases
exact_duplicate_name_rows,,,ထန်တလန်,6745,7435;8248,2,Remove exact duplicate name rows while preserving one row and useful aliases
exact_duplicate_name_rows,,,ဟားခါး,6746,7111;7784,2,Remove exact duplicate name rows while preserving one row and useful aliases
exact_duplicate_name_rows,,,ကောလင်း,6761,7239;8116,2,Remove exact duplicate name rows while preserving one row and useful aliases
exact_duplicate_name_rows,,,ကန့်ဘလူ,6762,7231;7646,2,Remove exact duplicate name rows while preserving one row and useful aliases
exact_duplicate_name_rows,,,ကန့်ဘလူ,6763,7472;8046,2,Remove exact duplicate name rows while preserving one row and useful aliases
exact_duplicate_name_rows,,,တန့်ဆည်,6766,7425;7566,2,Remove exact duplicate name rows while preserving one row and useful aliases
exact_duplicate_name_rows,,,မြန်အောင်,6767,7330;7904,2,Remove exact duplicate name rows while preserving one row and useful aliases
exact_duplicate_name_rows,,,ပန်းတောင်း,6778,7361;8066,2,Remove exact duplicate name rows while preserving one row and useful aliases
exact_duplicate_name_rows,,,ခင်ဦး,6783,7244;7586,2,Remove exact duplicate name rows while preserving one row and useful aliases
exact_duplicate_name_rows,,,ရွှေဘို,6785,7154;8098,2,Remove exact duplicate name rows while preserving one row and useful aliases
exact_duplicate_name_rows,,,ရွှေဘို,6786,7400;7958,2,Remove exact duplicate name rows while preserving one row and useful aliases
exact_duplicate_name_rows,,,ဒီပဲယင်း,6788,7411;7556,2,Remove exact duplicate name rows while preserving one row and useful aliases
exact_duplicate_name_rows,,,ရေဦး,6789,7458;7770,2,Remove exact duplicate name rows while preserving one row and useful aliases
exact_duplicate_name_rows,,,မင်းကင်း,6798,7305;8240,2,Remove exact duplicate name rows while preserving one row and useful aliases
exact_duplicate_name_rows,,,ကလေး,6799,7116;7976,2,Remove exact duplicate name rows while preserving one row and useful aliases
exact_duplicate_name_rows,,,ယင်းမာပင်,6804,7165;8272,2,Remove exact duplicate name rows while preserving one row and useful aliases
exact_duplicate_name_rows,,,ကနီ,6805,7233;8340,2,Remove exact duplicate name rows while preserving one row and useful aliases
exact_duplicate_name_rows,,,ဂန့်ဂေါ,6809,7200;7852,2,Remove exact duplicate name rows while preserving one row and useful aliases
exact_duplicate_name_rows,,,ပုလဲ,6814,7364;8342,2,Remove exact duplicate name rows while preserving one row and useful aliases
exact_duplicate_name_rows,,,ယင်းမာပင်,6816,7464;7996,2,Remove exact duplicate name rows while preserving one row and useful aliases
exact_duplicate_name_rows,,,မုံရွာ,6823,7140;8276,2,Remove exact duplicate name rows while preserving one row and useful aliases
exact_duplicate_name_rows,,,ဘုတလင်,6824,7180;8096,2,Remove exact duplicate name rows while preserving one row and useful aliases
exact_duplicate_name_rows,,,အရာတော်,6825,7171;7956,2,Remove exact duplicate name rows while preserving one row and useful aliases
exact_duplicate_name_rows,,,ဝက်လက်,6828,7452;7774,2,Remove exact duplicate name rows while preserving one row and useful aliases
exact_duplicate_name_rows,,,မြင်းမူ,6829,7337;7926,2,Remove exact duplicate name rows while preserving one row and useful aliases
exact_duplicate_name_rows,,,စစ်ကိုင်း,6831,7392;8054,2,Remove exact duplicate name rows while preserving one row and useful aliases
exact_duplicate_name_rows,,,မန္တလေးတိုင်း,6832,7098;8208,2,Remove exact duplicate name rows while preserving one row and useful aliases
exact_duplicate_name_rows,,,ငါန်းဇွန်,6857,7352;7892,2,Remove exact duplicate name rows while preserving one row and useful aliases
exact_duplicate_name_rows,,,စစ်ကိုင်း,6861,7153;7764,2,Remove exact duplicate name rows while preserving one row and useful aliases
exact_duplicate_name_rows,,,ဆားလင်းကြီး,6872,7394;8130,2,Remove exact duplicate name rows while preserving one row and useful aliases
exact_duplicate_name_rows,,,မြောင်,6875,7331;8134,2,Remove exact duplicate name rows while preserving one row and useful aliases
exact_duplicate_name_rows,,,ရေစကြို,6883,7463;8056,2,Remove exact duplicate name rows while preserving one row and useful aliases
exact_duplicate_name_rows,,,မြင်းခြံ,6888,7336;7630,2,Remove exact duplicate name rows while preserving one row and useful aliases
exact_duplicate_name_rows,,,တံတားဦး,6889,5196;7856,2,Remove exact duplicate name rows while preserving one row and useful aliases
exact_duplicate_name_rows,,,တံတားဦး,6891,7413;8366,2,Remove exact duplicate name rows while preserving one row and useful aliases
exact_duplicate_name_rows,,,နွားထိုးကြီး,6892,7346;7674,2,Remove exact duplicate name rows while preserving one row and useful aliases
exact_duplicate_name_rows,,,မလှိုင်,6898,7286;8188,2,Remove exact duplicate name rows while preserving one row and useful aliases
exact_duplicate_name_rows,,,တောင်သာ,6903,7424;7604,2,Remove exact duplicate name rows while preserving one row and useful aliases
exact_duplicate_name_rows,,,ပုဂံညောင်ဦး,6905,7354;7838,2,Remove exact duplicate name rows while preserving one row and useful aliases
exact_duplicate_name_rows,,,ပခုက္ကူ,6912,7148;8220,2,Remove exact duplicate name rows while preserving one row and useful aliases
exact_duplicate_name_rows,,,ပခုက္ကူ,6914,7362;8028,2,Remove exact duplicate name rows while preserving one row and useful aliases
exact_duplicate_name_rows,,,ဆိပ်ဖြူ,6916,7398;8322,2,Remove exact duplicate name rows while preserving one row and useful aliases
exact_duplicate_name_rows,,,ဂန့်ဂေါ,6920,7110;7708,2,Remove exact duplicate name rows while preserving one row and useful aliases
exact_duplicate_name_rows,,,မတူပီ,6921,5224;7752,2,Remove exact duplicate name rows while preserving one row and useful aliases
exact_duplicate_name_rows,,,မတူပီ,6922,7290;7952,2,Remove exact duplicate name rows while preserving one row and useful aliases
exact_duplicate_name_rows,,,ဆော,6926,7396;7840,2,Remove exact duplicate name rows while preserving one row and useful aliases
exact_duplicate_name_rows,,,ထီးလင်း,6927,7444;7632,2,Remove exact duplicate name rows while preserving one row and useful aliases
exact_duplicate_name_rows,,,ပေါက်,6929,7369;7580,2,Remove exact duplicate name rows while preserving one row and useful aliases
exact_duplicate_name_rows,,,မြိုင်,6931,7329;8288,2,Remove exact duplicate name rows while preserving one row and useful aliases
exact_duplicate_name_rows,,,ပလက်ဝ,6941,7365;7538,2,Remove exact duplicate name rows while preserving one row and useful aliases
exact_duplicate_name_rows,,,မင်းတပ်,6943,7301;8052,2,Remove exact duplicate name rows while preserving one row and useful aliases
exact_duplicate_name_rows,,,မင်းတပ်,6948,7137;7992,2,Remove exact duplicate name rows while preserving one row and useful aliases
exact_duplicate_name_rows,,,ကန်ပက်လက်,6949,7234;7830,2,Remove exact duplicate name rows while preserving one row and useful aliases
exact_duplicate_name_rows,,,မြောက်ဦး,6951,7326;8014,2,Remove exact duplicate name rows while preserving one row and useful aliases
exact_duplicate_name_rows,,,ကျောက်တော်,6960,7260;8136,2,Remove exact duplicate name rows while preserving one row and useful aliases
exact_duplicate_name_rows,,,ဘူးသီးတောင်,6965,7181;7930,2,Remove exact duplicate name rows while preserving one row and useful aliases
exact_duplicate_name_rows,,,မောင်တော,6966,7291;7828,2,Remove exact duplicate name rows while preserving one row and useful aliases
exact_duplicate_name_rows,,,ရသေ့တောင်,6986,7391;8048,2,Remove exact duplicate name rows while preserving one row and useful aliases
exact_duplicate_name_rows,,,ပုဏ္ဏားကျွန်း,6987,7381;8206,2,Remove exact duplicate name rows while preserving one row and useful aliases
exact_duplicate_name_rows,,,စစ်တွေ,6988,7155;7918,2,Remove exact duplicate name rows while preserving one row and useful aliases
exact_duplicate_name_rows,,,စစ်တွေ,6993,7409;7964,2,Remove exact duplicate name rows while preserving one row and useful aliases
exact_duplicate_name_rows,,,မြောက်ဦး,7005,7141;7916,2,Remove exact duplicate name rows while preserving one row and useful aliases
exact_duplicate_name_rows,,,မင်းဘူးစကု,7018,7299;8090,2,Remove exact duplicate name rows while preserving one row and useful aliases
exact_duplicate_name_rows,,,ပွင့်ဖြူ,7024,7383;8072,2,Remove exact duplicate name rows while preserving one row and useful aliases
exact_duplicate_name_rows,,,စေတုတ္တရာ,7026,7405;8106,2,Remove exact duplicate name rows while preserving one row and useful aliases
exact_duplicate_name_rows,,,မကွေး,7027,7097;7756,2,Remove exact duplicate name rows while preserving one row and useful aliases
exact_duplicate_name_rows,,,ရေနံချောင်း,7028,7462;8146,2,Remove exact duplicate name rows while preserving one row and useful aliases
exact_duplicate_name_rows,,,ချောက်,7031,7184;8300,2,Remove exact duplicate name rows while preserving one row and useful aliases
exact_duplicate_name_rows,,,စလင်း,7033,7393;8310,2,Remove exact duplicate name rows while preserving one row and useful aliases
exact_duplicate_name_rows,,,နတ်မောက်,7038,7345;7834,2,Remove exact duplicate name rows while preserving one row and useful aliases
exact_duplicate_name_rows,,,ကျောက်ပန်းတောင်း,7050,7254;7716,2,Remove exact duplicate name rows while preserving one row and useful aliases
exact_duplicate_name_rows,,,မိတ္ထီလာ,7051,7297;7896,2,Remove exact duplicate name rows while preserving one row and useful aliases
exact_duplicate_name_rows,,,ပျော်ဘွယ်,7052,7385;8122,2,Remove exact duplicate name rows while preserving one row and useful aliases
exact_duplicate_name_rows,,,မကွေး,7053,7128;8200,2,Remove exact duplicate name rows while preserving one row and useful aliases
exact_duplicate_name_rows,,,သစ်,7071,7340;7578,2,Remove exact duplicate name rows while preserving one row and useful aliases
exact_duplicate_name_rows,,,မကွေး,7072,7284;7866,2,Remove exact duplicate name rows while preserving one row and useful aliases
exact_duplicate_name_rows,,,ဆင်ပေါင်ဝဲ,7081,7406;7826,2,Remove exact duplicate name rows while preserving one row and useful aliases
exact_duplicate_name_rows,,,အထက်မင်းလှ,7090,7307;8050,2,Remove exact duplicate name rows while preserving one row and useful aliases
exact_duplicate_name_rows,,,ငဖဲ,7096,7350;7728,2,Remove exact duplicate name rows while preserving one row and useful aliases
exact_duplicate_name_rows,,,အမ်း,7097,5226;7806,2,Remove exact duplicate name rows while preserving one row and useful aliases
exact_duplicate_name_rows,,,မင်းတုန်း,7107,7302;7998,2,Remove exact duplicate name rows while preserving one row and useful aliases
exact_duplicate_name_rows,,,တောင်ကုတ်,7109,7446;7672,2,Remove exact duplicate name rows while preserving one row and useful aliases
exact_duplicate_name_rows,,,ကံမ,7114,7230;8226,2,Remove exact duplicate name rows while preserving one row and useful aliases
exact_duplicate_name_rows,,,အောင်လံ,7123,7169;8334,2,Remove exact duplicate name rows while preserving one row and useful aliases
exact_duplicate_name_rows,,,သရက်,7127,7438;7692,2,Remove exact duplicate name rows while preserving one row and useful aliases
exact_duplicate_name_rows,,,သရက်,7128,7163;8060,2,Remove exact duplicate name rows while preserving one row and useful aliases
exact_duplicate_name_rows,,,ပေါက်ခေါင်း,7137,7370;7954,2,Remove exact duplicate name rows while preserving one row and useful aliases
exact_duplicate_name_rows,,,ပြည်,7139,7386;7662,2,Remove exact duplicate name rows while preserving one row and useful aliases
exact_duplicate_name_rows,,,ရွှေတောင်,7151,7401;7668,2,Remove exact duplicate name rows while preserving one row and useful aliases
exact_duplicate_name_rows,,,မြန်အောင်,7155,5049;7714,2,Remove exact duplicate name rows while preserving one row and useful aliases
exact_duplicate_name_rows,,,သဲကုန်း,7157,7441;7612,2,Remove exact duplicate name rows while preserving one row and useful aliases
exact_duplicate_name_rows,,,နတ်တလင်း,7160,7347;8286,2,Remove exact duplicate name rows while preserving one row and useful aliases
exact_duplicate_name_rows,,,ပေါင်းတည်,7161,7374;8022,2,Remove exact duplicate name rows while preserving one row and useful aliases
exact_duplicate_name_rows,,,ဇီးကုန်း,7162,7469;8294,2,Remove exact duplicate name rows while preserving one row and useful aliases
exact_duplicate_name_rows,,,အုတ်ဖို,7168,7357;7864,2,Remove exact duplicate name rows while preserving one row and useful aliases
exact_duplicate_name_rows,,,ပဲခူး,7169,7092;8190,2,Remove exact duplicate name rows while preserving one row and useful aliases
exact_duplicate_name_rows,,,သာယာဝတီ,7170,7162;7648,2,Remove exact duplicate name rows while preserving one row and useful aliases
exact_duplicate_name_rows,,,မိုးညို,7171,7324;7730,2,Remove exact duplicate name rows while preserving one row and useful aliases
exact_duplicate_name_rows,,,ကြံခင်း,7172,7251;8002,2,Remove exact duplicate name rows while preserving one row and useful aliases
exact_duplicate_name_rows,,,သံတွဲ,7176,7433;7814,2,Remove exact duplicate name rows while preserving one row and useful aliases
exact_duplicate_name_rows,,,ကျောက်ဖြူ,7185,7122;7978,2,Remove exact duplicate name rows while preserving one row and useful aliases
exact_duplicate_name_rows,,,သာပေါင်း,7186,7427;7790,2,Remove exact duplicate name rows while preserving one row and useful aliases
exact_duplicate_name_rows,,,ရေကြည်,7187,7461;8004,2,Remove exact duplicate name rows while preserving one row and useful aliases
exact_duplicate_name_rows,,,ဂွ,7188,7201;8192,2,Remove exact duplicate name rows while preserving one row and useful aliases
exact_duplicate_name_rows,,,လေးမျက်နှာ,7194,7276;7936,2,Remove exact duplicate name rows while preserving one row and useful aliases
exact_duplicate_name_rows,,,ဟင်္သာတ,7208,7204;8282,2,Remove exact duplicate name rows while preserving one row and useful aliases
exact_duplicate_name_rows,,,ဟင်္သာတ,7209,7112;7614,2,Remove exact duplicate name rows while preserving one row and useful aliases
exact_duplicate_name_rows,,,အင်္ဂပူ,7215,7223;7710,2,Remove exact duplicate name rows while preserving one row and useful aliases
exact_duplicate_name_rows,,,မင်းလှ,7224,7306;8336,2,Remove exact duplicate name rows while preserving one row and useful aliases
exact_duplicate_name_rows,,,သာယာဝတီ,7232,7437;7780,2,Remove exact duplicate name rows while preserving one row and useful aliases
exact_duplicate_name_rows,,,တိုက်ကြီး,7233,7414;8000,2,Remove exact duplicate name rows while preserving one row and useful aliases
exact_duplicate_name_rows,,,တိုက်ကြီး,7234,5191;8142,2,Remove exact duplicate name rows while preserving one row and useful aliases
exact_duplicate_name_rows,,,ဇလွန်,7259,7467;8042,2,Remove exact duplicate name rows while preserving one row and useful aliases
exact_duplicate_name_rows,,,ကျုံပျော်,7282,7264;7946,2,Remove exact duplicate name rows while preserving one row and useful aliases
exact_duplicate_name_rows,,,ကျုံပျော်,7283,5050;8164,2,Remove exact duplicate name rows while preserving one row and useful aliases
exact_duplicate_name_rows,,,ကျောင်းကုန်း,7286,7261;8364,2,Remove exact duplicate name rows while preserving one row and useful aliases
exact_duplicate_name_rows,,,ဓနုဖြူ,7295,7192;8270,2,Remove exact duplicate name rows while preserving one row and useful aliases
exact_duplicate_name_rows,,,ထန်းတပင်,7298,7221;7700,2,Remove exact duplicate name rows while preserving one row and useful aliases
exact_duplicate_name_rows,,,တွံတေး,7300,7448;7686,2,Remove exact duplicate name rows while preserving one row and useful aliases
exact_duplicate_name_rows,,,ကျိုက်လတ်,7309,7247;8370,2,Remove exact duplicate name rows while preserving one row and useful aliases
exact_duplicate_name_rows,,,ဝါးခယ်မ,7323,7450;8194,2,Remove exact duplicate name rows while preserving one row and useful aliases
exact_duplicate_name_rows,,,မြောင်းမြ,7324,7142;8012,2,Remove exact duplicate name rows while preserving one row and useful aliases
exact_duplicate_name_rows,,,အိမ်မဲ,7326,7198;8080,2,Remove exact duplicate name rows while preserving one row and useful aliases
exact_duplicate_name_rows,,,မြောင်းမြ,7335,7332;7886,2,Remove exact duplicate name rows while preserving one row and useful aliases
exact_duplicate_name_rows,,,ကန်ကြီးတောင့်,7344,7232;7754,2,Remove exact duplicate name rows while preserving one row and useful aliases
exact_duplicate_name_rows,,,ပုသိမ်,7362,7367;8314,2,Remove exact duplicate name rows while preserving one row and useful aliases
exact_duplicate_name_rows,,,ပုသိမ်,7363,7149;7698,2,Remove exact duplicate name rows while preserving one row and useful aliases
exact_duplicate_name_rows,,,ငပုတော,7364,7351;7666,2,Remove exact duplicate name rows while preserving one row and useful aliases
exact_duplicate_name_rows,,,လပွတ္တာ,7374,7267;8026,2,Remove exact duplicate name rows while preserving one row and useful aliases
exact_duplicate_name_rows,,,ဖျာပုံ,7375,7384;7960,2,Remove exact duplicate name rows while preserving one row and useful aliases
exact_duplicate_name_rows,,,ဘိုကလေး,7376,7178;7682,2,Remove exact duplicate name rows while preserving one row and useful aliases
exact_duplicate_name_rows,,,လပွတ္တာ,7377,7124;8154,2,Remove exact duplicate name rows while preserving one row and useful aliases
exact_duplicate_name_rows,,,မော်လမြိုင်ကျွန်း,7392,7295;7772,2,Remove exact duplicate name rows while preserving one row and useful aliases
exact_duplicate_name_rows,,,ဒေးဒရဲ,7427,7195;7950,2,Remove exact duplicate name rows while preserving one row and useful aliases
exact_duplicate_name_rows,,,ဖျာပုံ,7428,7151;7920,2,Remove exact duplicate name rows while preserving one row and useful aliases
exact_duplicate_name_rows,,,ကော့သောင်း,7438,7119;7542,2,Remove exact duplicate name rows while preserving one row and useful aliases
exact_duplicate_name_rows,,,ကျွန်းစု,7439,7266;7944,2,Remove exact duplicate name rows while preserving one row and useful aliases
exact_duplicate_name_rows,,,ကိုကိုးကျွန်း,7440,7188;7818,2,Remove exact duplicate name rows while preserving one row and useful aliases
exact_duplicate_name_rows,,,ကော့သောင်,7444,7240;7576,2,Remove exact duplicate name rows while preserving one row and useful aliases
exact_duplicate_name_rows,,,မြိတ်,7448,7144;7734,2,Remove exact duplicate name rows while preserving one row and useful aliases
exact_duplicate_name_rows,,,တနင်္သာရီတိုင်း,7449,7104;8284,2,Remove exact duplicate name rows while preserving one row and useful aliases
exact_duplicate_name_rows,,,မြိတ်,7465,7335;7968,2,Remove exact duplicate name rows while preserving one row and useful aliases
exact_duplicate_name_rows,,,တနင်္သာရီ,7468,7419;7546,2,Remove exact duplicate name rows while preserving one row and useful aliases
exact_duplicate_name_rows,,,ပုလော,7469,7363;8246,2,Remove exact duplicate name rows while preserving one row and useful aliases
exact_duplicate_name_rows,,,ထားဝယ်,7470,7194;7906,2,Remove exact duplicate name rows while preserving one row and useful aliases
exact_duplicate_name_rows,,,သရက်ချောင်း,7471,7439;7592,2,Remove exact duplicate name rows while preserving one row and useful aliases
exact_duplicate_name_rows,,,လောင်းလုံး,7481,7273;7948,2,Remove exact duplicate name rows while preserving one row and useful aliases
exact_duplicate_name_rows,,,သံဖြူဇရပ်,7482,7431;8214,2,Remove exact duplicate name rows while preserving one row and useful aliases
exact_duplicate_name_rows,,,ရေး,7490,5222;7842,2,Remove exact duplicate name rows while preserving one row and useful aliases
exact_duplicate_name_rows,,,ရေး,7491,7457;8138,2,Remove exact duplicate name rows while preserving one row and useful aliases
exact_duplicate_name_rows,,,ကြာအင်းဆိပ်ကြီး,7501,5220;8062,2,Remove exact duplicate name rows while preserving one row and useful aliases
exact_duplicate_name_rows,,,ကြာအင်းဆိပ်ကြီး,7502,7250;7720,2,Remove exact duplicate name rows while preserving one row and useful aliases
exact_duplicate_name_rows,,,ရေဖြူ,7503,7459;7970,2,Remove exact duplicate name rows while preserving one row and useful aliases
exact_duplicate_name_rows,,,ထားဝယ်,7509,7108;8030,2,Remove exact duplicate name rows while preserving one row and useful aliases
exact_duplicate_name_rows,,,ပုဇွန်တောင်,7523,5185;7696,2,Remove exact duplicate name rows while preserving one row and useful aliases
exact_duplicate_name_rows,,,nyaungdon,7524,8374;8376,2,Remove exact duplicate name rows while preserving one row and useful aliases
exact_duplicate_name_rows,,,maubin,7525,8375;8377,2,Remove exact duplicate name rows while preserving one row and useful aliases
admin_area_merge_candidate,ward_village_tract,5170,industrialzone,5094;5105;5123;5136;5207;5215,,6,"Same normalized name, level and parent; geometry and dependencies require review before merge"
admin_area_merge_candidate,ward_village_tract,5112,taungbetpaing,5113;5119,,2,"Same normalized name, level and parent; geometry and dependencies require review before merge"
admin_area_merge_candidate,ward_village_tract,5112,တောင်ဘက်ပိုင်း,5113;5119,,2,"Same normalized name, level and parent; geometry and dependencies require review before merge"
admin_area_merge_candidate,ward_village_tract,6029,thukhatheikdi,5117;6054,,2,"Same normalized name, level and parent; geometry and dependencies require review before merge"
admin_area_merge_candidate,ward_village_tract,6029,သုခသိဒ္ဓိ,5117;6054,,2,"Same normalized name, level and parent; geometry and dependencies require review before merge"
admin_area_merge_candidate,ward_village_tract,6029,wunnatheikdi,5126;6053,,2,"Same normalized name, level and parent; geometry and dependencies require review before merge"
admin_area_merge_candidate,ward_village_tract,5231,106,5182;5183,,2,"Same normalized name, level and parent; geometry and dependencies require review before merge"
admin_area_merge_candidate,ward_village_tract,5231,၁၀၆,5182;5183,,2,"Same normalized name, level and parent; geometry and dependencies require review before merge"
admin_area_merge_candidate,ward_village_tract,5231,105,5185;5186,,2,"Same normalized name, level and parent; geometry and dependencies require review before merge"
admin_area_merge_candidate,ward_village_tract,5231,၁၀၅,5185;5186,,2,"Same normalized name, level and parent; geometry and dependencies require review before merge"
admin_area_merge_candidate,ward_village_tract,5920,gantgawwaing,5891;5897,,2,"Same normalized name, level and parent; geometry and dependencies require review before merge"
admin_area_merge_candidate,ward_village_tract,5920,ဂန့်ဂေါ်ဝိုင်း,5891;5897,,2,"Same normalized name, level and parent; geometry and dependencies require review before merge"
admin_area_merge_candidate,ward_village_tract,6029,dhanatheikdi,6011;6024,,2,"Same normalized name, level and parent; geometry and dependencies require review before merge"
admin_area_merge_candidate,ward_village_tract,6029,ဓနသိဒ္ဓိ,6011;6024,,2,"Same normalized name, level and parent; geometry and dependencies require review before merge"
admin_area_merge_candidate,ward_village_tract,6029,nyarnatheikdi,6012;6022,,2,"Same normalized name, level and parent; geometry and dependencies require review before merge"
admin_area_merge_candidate,ward_village_tract,6029,ဉာဏသိဒ္ဓိ,6012;6022,,2,"Same normalized name, level and parent; geometry and dependencies require review before merge"
admin_area_merge_candidate,township,5974,demoso,6014;6015,,2,"Same normalized name, level and parent; geometry and dependencies require review before merge"
admin_area_merge_candidate,township,5974,ဒီးမော့ဆို,6014;6015,,2,"Same normalized name, level and parent; geometry and dependencies require review before merge"
admin_area_merge_candidate,ward_village_tract,6029,balatheikdi,6023;6025,,2,"Same normalized name, level and parent; geometry and dependencies require review before merge"
admin_area_merge_candidate,ward_village_tract,6029,ဗလသိဒ္ဓိ,6023;6025,,2,"Same normalized name, level and parent; geometry and dependencies require review before merge"
admin_area_merge_candidate,ward_village_tract,6203,ngwetawkyikone,6211;6212,,2,"Same normalized name, level and parent; geometry and dependencies require review before merge"
admin_area_merge_candidate,ward_village_tract,6203,ငွေတော်ကြည်ကုန်း,6211;6212,,2,"Same normalized name, level and parent; geometry and dependencies require review before merge"
admin_area_merge_candidate,township,6700,lahe,6692;6699,,2,"Same normalized name, level and parent; geometry and dependencies require review before merge"
admin_area_merge_candidate,township,6785,kanbalu,6762;6763,,2,"Same normalized name, level and parent; geometry and dependencies require review before merge"
admin_area_merge_candidate,township,6785,ကန့်ဘလူ,6762;6763,,2,"Same normalized name, level and parent; geometry and dependencies require review before merge"
admin_area_merge_candidate,ward_village_tract,6766,maharmyaing,6794;6797,,2,"Same normalized name, level and parent; geometry and dependencies require review before merge"
admin_area_merge_candidate,ward_village_tract,6766,မဟာမြိုင်,6794;6797,,2,"Same normalized name, level and parent; geometry and dependencies require review before merge"
admin_area_merge_candidate,ward_village_tract,6831,ayemyawadi,6849;6853,,2,"Same normalized name, level and parent; geometry and dependencies require review before merge"
admin_area_merge_candidate,ward_village_tract,6831,ဧမြဝတီ,6849;6853,,2,"Same normalized name, level and parent; geometry and dependencies require review before merge"
admin_area_merge_candidate,ward_village_tract,6903,zay,6907;6908,,2,"Same normalized name, level and parent; geometry and dependencies require review before merge"
admin_area_merge_candidate,ward_village_tract,6903,ဈေး,6907;6908,,2,"Same normalized name, level and parent; geometry and dependencies require review before merge"
admin_area_merge_candidate,ward_village_tract,7187,myoma,7262;7269,,2,"Same normalized name, level and parent; geometry and dependencies require review before merge"
admin_area_merge_candidate,ward_village_tract,7187,မ,7262;7269,,2,"Same normalized name, level and parent; geometry and dependencies require review before merge"
