duplicate_kind,source_key,source_level,source_name_en,source_name_my,parent_path,coremap_ids,review_reason
multiple_core_candidates_for_one_source,_05_Ward:2061,ward_village_tract,Aye Mya Wa Di Ward,ဧမြဝတီရပ်ကွက်,state_region:MMR005:Sagaing > district:MMR005D001:Sagaing > township:MMR005001:Sagaing > ward_village_tract:MMR005001701502:Aye Mya Wa Di Ward,6849;6853,"Multiple plausible CoreMap candidates under matched hierarchy scope: 6849,6853"
multiple_core_candidates_for_one_source,_05_Ward:2132,ward_village_tract,Ma Har Myaing Ward,မဟာမြိုင်ရပ်ကွက်,state_region:MMR005:Sagaing > district:MMR005D002:Shwebo > township:MMR005011:Taze > ward_village_tract:MMR005011701503:Ma Har Myaing Ward,6794;6797,"Multiple plausible CoreMap candidates under matched hierarchy scope: 6794,6797"
multiple_core_candidates_for_one_source,_05_Ward:447,ward_village_tract,Gant Gaw Waing Ward,ဂန့်ဂေါ်ဝိုင်းရပ်ကွက်,state_region:MMR111:Bago > district:MMR007D001:Bago > township:MMR007008:Shwegyin > ward_village_tract:MMR007008701505:Gant Gaw Waing Ward,5891;5897,"Multiple plausible CoreMap candidates under matched hierarchy scope: 5891,5897"
multiple_core_candidates_for_one_source,_05_Ward:1447,ward_village_tract,Ngwe Taw Kyi Kone Ward,ငွေတော်ကြည်ကုန်းရပ်ကွက်,state_region:MMR010:Mandalay > district:MMR010D001:Mandalay > township:MMR010005:Pyigyitagon > ward_village_tract:MMR010005701502:Ngwe Taw Kyi Kone Ward,6211;6212,"Multiple plausible CoreMap candidates under matched hierarchy scope: 6211,6212"
multiple_core_candidates_for_one_source,_05_Ward:1488,ward_village_tract,Zay Ward,ဈေးရပ်ကွက်,state_region:MMR010:Mandalay > district:MMR010D004:Myingyan > township:MMR010018:Taungtha > ward_village_tract:MMR010018701504:Zay Ward,6907;6908,"Multiple plausible CoreMap candidates under matched hierarchy scope: 6907,6908"
multiple_core_candidates_for_one_source,_05_Ward:2944,ward_village_tract,No (105) Ward,အမှတ် (၁၀၅) ရပ်ကွက်,state_region:MMR013:Yangon > district:MMR013D002:Yangon (East) > township:MMR013018:Dagon Myothit (South) > ward_village_tract:MMR013018701525:No (105) Ward,5185;5186,"Multiple plausible CoreMap candidates under matched hierarchy scope: 5185,5186"
multiple_core_candidates_for_one_source,_05_Ward:2945,ward_village_tract,No (106) Ward,အမှတ် (၁၀၆) ရပ်ကွက်,state_region:MMR013:Yangon > district:MMR013D002:Yangon (East) > township:MMR013018:Dagon Myothit (South) > ward_village_tract:MMR013018701526:No (106) Ward,5182;5183,"Multiple plausible CoreMap candidates under matched hierarchy scope: 5182,5183"
multiple_core_candidates_for_one_source,_05_Ward:3148,ward_village_tract,Taung Bet Paing Ward,တောင်ဘက်ပိုင်းရပ်ကွက်,state_region:MMR013:Yangon > district:MMR013D003:Yangon (South) > township:MMR013029:Kungyangon > ward_village_tract:MMR013029701504:Taung Bet Paing Ward,5113;5119,"Multiple plausible CoreMap candidates under matched hierarchy scope: 5113,5119"
multiple_core_candidates_for_one_source,_05_Ward:1674,ward_village_tract,Thu Kha Theik Di Ward,သုခသိဒ္ဓိရပ်ကွက်,state_region:MMR018:Nay Pyi Taw > district:MMR018D002:Det Khi Na > township:MMR018002:Za Bu Thi Ri > ward_village_tract:MMR018002701507:Thu Kha Theik Di Ward,5117;6054,"Multiple plausible CoreMap candidates under matched hierarchy scope: 5117,6054"
multiple_core_candidates_for_one_source,_05_Ward:1670,ward_village_tract,Nyar Na Theik Di Ward,ဉာဏသိဒ္ဓိရပ်ကွက်,state_region:MMR018:Nay Pyi Taw > district:MMR018D002:Det Khi Na > township:MMR018002:Za Bu Thi Ri > ward_village_tract:MMR018002701508:Nyar Na Theik Di Ward,6012;6022,"Multiple plausible CoreMap candidates under matched hierarchy scope: 6012,6022"
multiple_core_candidates_for_one_source,_05_Ward:1666,ward_village_tract,Ba La Theik Di Ward,ဗလသိဒ္ဓိရပ်ကွက်,state_region:MMR018:Nay Pyi Taw > district:MMR018D002:Det Khi Na > township:MMR018002:Za Bu Thi Ri > ward_village_tract:MMR018002701509:Ba La Theik Di Ward,6023;6025,"Multiple plausible CoreMap candidates under matched hierarchy scope: 6023,6025"
multiple_core_candidates_for_one_source,_05_Ward:1668,ward_village_tract,Dha Na Theik Di Ward,ဓနသိဒ္ဓိရပ်ကွက်,state_region:MMR018:Nay Pyi Taw > district:MMR018D002:Det Khi Na > township:MMR018002:Za Bu Thi Ri > ward_village_tract:MMR018002701510:Dha Na Theik Di Ward,6011;6024,"Multiple plausible CoreMap candidates under matched hierarchy scope: 6011,6024"
multiple_sources_to_one_core,_05_Ward:886;_05_Ward:881;_05_Ward:878,ward_village_tract,No (1) Ward | No (1) Ward | No (1) Ward,အမှတ် (၁) ရပ်ကွက် | အမှတ် (၁) ရပ်ကွက် | အမှတ် (၁) ရပ်ကွက်,,6632,Multiple official source rows mapped to one CoreMap row
multiple_sources_to_one_core,_05_Ward:887;_05_Ward:882;_05_Ward:879,ward_village_tract,No (2) Ward | No (2) Ward | No (2) Ward,အမှတ် (၂) ရပ်ကွက် | အမှတ် (၂) ရပ်ကွက် | အမှတ် (၂) ရပ်ကွက်,,6629,Multiple official source rows mapped to one CoreMap row
multiple_sources_to_one_core,_05_Ward:888;_05_Ward:883;_05_Ward:880,ward_village_tract,No (3) Ward | No (3) Ward | No (3) Ward,အမှတ် (၃) ရပ်ကွက် | အမှတ် (၃) ရပ်ကွက် | အမှတ် (၃) ရပ်ကွက်,,6627,Multiple official source rows mapped to one CoreMap row
multiple_sources_to_one_core,_05_Ward:889;_05_Ward:884,ward_village_tract,No (4) Ward | No (4) Ward,အမှတ် (၄) ရပ်ကွက် | အမှတ် (၄) ရပ်ကွက်,,6626,Multiple official source rows mapped to one CoreMap row
multiple_sources_to_one_core,_05_Ward:890;_05_Ward:885,ward_village_tract,No (5) Ward | No (5) Ward,အမှတ် (၅) ရပ်ကွက် | အမှတ် (၅) ရပ်ကွက်,,6625,Multiple official source rows mapped to one CoreMap row
multiple_sources_to_one_core,_05_Ward:761;_05_Ward:771,ward_village_tract,Myo U Ward | Myo U Ward,မြို့ဦးရပ်ကွက် | မြို့ဦးရပ်ကွက်,,6663,Multiple official source rows mapped to one CoreMap row
multiple_sources_to_one_core,_05_Ward:994;_05_Ward:984;_05_Ward:988,ward_village_tract,No (1) Ward | No (1) Ward | No (1) Ward,အမှတ် (၁) ရပ်ကွက် | အမှတ် (၁) ရပ်ကွက် | အမှတ် (၁) ရပ်ကွက်,,5024,Multiple official source rows mapped to one CoreMap row
multiple_sources_to_one_core,_05_Ward:995;_05_Ward:985;_05_Ward:989,ward_village_tract,No (2) Ward | No (2) Ward | No (2) Ward,အမှတ် (၂) ရပ်ကွက် | အမှတ် (၂) ရပ်ကွက် | အမှတ် (၂) ရပ်ကွက်,,5027,Multiple official source rows mapped to one CoreMap row
multiple_sources_to_one_core,_05_Ward:996;_05_Ward:986;_05_Ward:990,ward_village_tract,No (3) Ward | No (3) Ward | No (3) Ward,အမှတ် (၃) ရပ်ကွက် | အမှတ် (၃) ရပ်ကွက် | အမှတ် (၃) ရပ်ကွက်,,5026,Multiple official source rows mapped to one CoreMap row
multiple_sources_to_one_core,_05_Ward:997;_05_Ward:987;_05_Ward:991,ward_village_tract,No (4) Ward | No (4) Ward | No (4) Ward,အမှတ် (၄) ရပ်ကွက် | အမှတ် (၄) ရပ်ကွက် | အမှတ် (၄) ရပ်ကွက်,,5028,Multiple official source rows mapped to one CoreMap row
multiple_sources_to_one_core,_05_Ward:998;_05_Ward:992,ward_village_tract,No (5) Ward | No (5) Ward,အမှတ် (၅) ရပ်ကွက် | အမှတ် (၅) ရပ်ကွက်,,5025,Multiple official source rows mapped to one CoreMap row
multiple_sources_to_one_core,_05_Ward:999;_05_Ward:993,ward_village_tract,No (6) Ward | No (6) Ward,အမှတ် (၆) ရပ်ကွက် | အမှတ် (၆) ရပ်ကွက်,,5029,Multiple official source rows mapped to one CoreMap row
multiple_sources_to_one_core,_06-VillageTract:10768;_05_Ward:2063,ward_village_tract,Htone Bo | Htone Bo Ward,ထုံးဘို | ထုံးဘိုရပ်ကွက်,,6840,Multiple official source rows mapped to one CoreMap row
multiple_sources_to_one_core,_06-VillageTract:13280;_05_Ward:2726,ward_village_tract,Myeik Taung | Myeik (South) Ward,မြိတ်တောင် | မြိတ်တောင်ရပ်ကွက်,,7452,Multiple official source rows mapped to one CoreMap row
multiple_sources_to_one_core,_05_Ward:407;_05_Ward:405;_05_Ward:414;_05_Ward:412,ward_village_tract,Myo Ma Ward No (1) | Myo Ma No (1) Ward | Myo Ma No (1) Ward | Myo Ma No (1) Ward,မြို့မရပ်ကွက်အမှတ် (၁) | မြို့မ(၁)ရပ်ကွက် | မြို့မ(၁) ရပ်ကွက် | မြို့မ(၁) ရပ်ကွက်,,5902,Multiple official source rows mapped to one CoreMap row
multiple_sources_to_one_core,_05_Ward:408;_05_Ward:406;_05_Ward:415;_05_Ward:413,ward_village_tract,Myo Ma Ward No (2) | Myo Ma No (2) Ward | Myo Ma No (2) Ward | Myo Ma No (2) Ward,မြို့မရပ်ကွက်အမှတ် (၂) | မြို့မ(၂)ရပ်ကွက် | မြို့မ(၂) ရပ်ကွက် | မြို့မ(၂) ရပ်ကွက်,,5904,Multiple official source rows mapped to one CoreMap row
multiple_sources_to_one_core,_05_Ward:409;_05_Ward:416,ward_village_tract,Myo Ma Ward No (3) | Myo Ma No (3) Ward,မြို့မရပ်ကွက်အမှတ် (၃) | မြို့မ(၃) ရပ်ကွက်,,5892,Multiple official source rows mapped to one CoreMap row
multiple_sources_to_one_core,_05_Ward:410;_05_Ward:417,ward_village_tract,Myo Ma Ward No (4) | Myo Ma No (4) Ward,မြို့မရပ်ကွက်အမှတ် (၄) | မြို့မ(၄) ရပ်ကွက်,,5906,Multiple official source rows mapped to one CoreMap row
multiple_sources_to_one_core,_05_Ward:608;_05_Ward:621,ward_village_tract,Zay Paing Ward | Zay Paing Ward,ဈေးပိုင်းရပ်ကွက် | ဈေးပိုင်းရပ်ကွက်,,7227,Multiple official source rows mapped to one CoreMap row
multiple_sources_to_one_core,_06-VillageTract:5022;_05_Ward:1034,ward_village_tract,Tha Yet Taw | Tha Yet Taw Ward,သရက်တော | သရက်တောရပ်ကွက်,,7129,Multiple official source rows mapped to one CoreMap row
multiple_sources_to_one_core,_05_Ward:1360;_05_Ward:1380,ward_village_tract,No (1) Ward | No (1) Ward,အမှတ် (၁) ရပ်ကွက် | အမှတ် (၁) ရပ်ကွက်,,6873,Multiple official source rows mapped to one CoreMap row
multiple_sources_to_one_core,_05_Ward:1371;_05_Ward:1381,ward_village_tract,No (2) Ward | No (2) Ward,အမှတ် (၂) ရပ်ကွက် | အမှတ် (၂) ရပ်ကွက်,,6870,Multiple official source rows mapped to one CoreMap row
multiple_sources_to_one_core,_05_Ward:1373;_05_Ward:1382,ward_village_tract,No (3) Ward | No (3) Ward,အမှတ် (၃) ရပ်ကွက် | အမှတ် (၃) ရပ်ကွက်,,6505,Multiple official source rows mapped to one CoreMap row
multiple_sources_to_one_core,_05_Ward:1374;_05_Ward:1383,ward_village_tract,No (4) Ward | No (4) Ward,အမှတ် (၄) ရပ်ကွက် | အမှတ် (၄) ရပ်ကွက်,,6869,Multiple official source rows mapped to one CoreMap row
multiple_sources_to_one_core,_05_Ward:1810;_05_Ward:1805,ward_village_tract,No (1) Ward | No (1) Ward,အမှတ် (၁) ရပ်ကွက် | အမှတ် (၁) ရပ်ကွက်,,7181,Multiple official source rows mapped to one CoreMap row
multiple_sources_to_one_core,_05_Ward:1811;_05_Ward:1806,ward_village_tract,No (2) Ward | No (2) Ward,အမှတ် (၂) ရပ်ကွက် | အမှတ် (၂) ရပ်ကွက်,,7178,Multiple official source rows mapped to one CoreMap row
multiple_sources_to_one_core,_05_Ward:1812;_05_Ward:1807,ward_village_tract,No (3) Ward | No (3) Ward,အမှတ် (၃) ရပ်ကွက် | အမှတ် (၃) ရပ်ကွက်,,6590,Multiple official source rows mapped to one CoreMap row
multiple_sources_to_one_core,_05_Ward:1813;_05_Ward:1808,ward_village_tract,No (4) Ward | No (4) Ward,အမှတ် (၄) ရပ်ကွက် | အမှတ် (၄) ရပ်ကွက်,,7180,Multiple official source rows mapped to one CoreMap row
multiple_sources_to_one_core,_05_Ward:1814;_05_Ward:1809,ward_village_tract,No (5) Ward | No (5) Ward,အမှတ် (၅) ရပ်ကွက် | အမှတ် (၅) ရပ်ကွက်,,7183,Multiple official source rows mapped to one CoreMap row
multiple_sources_to_one_core,_05_Ward:2452;_05_Ward:2440;_05_Ward:2447,ward_village_tract,No (1) Ward | No (1) Ward | No (1) Ward,အမှတ် (၁) ရပ်ကွက် | အမှတ် (၁) ရပ်ကွက် | အမှတ် (၁) ရပ်ကွက်,,6151,Multiple official source rows mapped to one CoreMap row
multiple_sources_to_one_core,_05_Ward:2455;_05_Ward:2441;_05_Ward:2448,ward_village_tract,No (2) Ward | No (2) Ward | No (2) Ward,အမှတ် (၂) ရပ်ကွက် | အမှတ် (၂) ရပ်ကွက် | အမှတ် (၂) ရပ်ကွက်,,6149,Multiple official source rows mapped to one CoreMap row
multiple_sources_to_one_core,_05_Ward:2456;_05_Ward:2442;_05_Ward:2449,ward_village_tract,No (3) Ward | No (3) Ward | No (3) Ward,အမှတ် (၃) ရပ်ကွက် | အမှတ် (၃) ရပ်ကွက် | အမှတ် (၃) ရပ်ကွက်,,6150,Multiple official source rows mapped to one CoreMap row
multiple_sources_to_one_core,_05_Ward:2457;_05_Ward:2443;_05_Ward:2450,ward_village_tract,No (4) Ward | No (4) Ward | No (4) Ward,အမှတ် (၄) ရပ်ကွက် | အမှတ် (၄) ရပ်ကွက် | အမှတ် (၄) ရပ်ကွက်,,6141,Multiple official source rows mapped to one CoreMap row
multiple_sources_to_one_core,_05_Ward:2458;_05_Ward:2451,ward_village_tract,No (5) Ward | No (5) Ward,အမှတ် (၅) ရပ်ကွက် | အမှတ် (၅) ရပ်ကွက်,,6118,Multiple official source rows mapped to one CoreMap row
multiple_sources_to_one_core,_05_Ward:2514;_05_Ward:2518,ward_village_tract,No (1) Ward | No (1) Ward,ရပ်ကွက် (၁) | ရပ်ကွက် (၁) ရပ်ကွက်,,6120,Multiple official source rows mapped to one CoreMap row
multiple_sources_to_one_core,_05_Ward:2515;_05_Ward:2519,ward_village_tract,No (2) Ward | No (2) Ward,ရပ်ကွက် (၂) | ရပ်ကွက် (၂) ရပ်ကွက်,,6121,Multiple official source rows mapped to one CoreMap row
multiple_sources_to_one_core,_05_Ward:2516;_05_Ward:2520,ward_village_tract,No (3) Ward | No (3) Ward,ရပ်ကွက် (၃) | ရပ်ကွက် (၃) ရပ်ကွက်,,6122,Multiple official source rows mapped to one CoreMap row
multiple_sources_to_one_core,_05_Ward:2517;_05_Ward:2521,ward_village_tract,No (4) Ward | No (4) Ward,ရပ်ကွက် (၄) | ရပ်ကွက် (၄) ရပ်ကွက်,,6125,Multiple official source rows mapped to one CoreMap row
multiple_sources_to_one_core,_06-VillageTract:12974;_05_Ward:2568;_05_Ward:2562,ward_village_tract,Ah Hmat (5) | No (5) Ward | No (5) Ward,အမှတ် (၅) | အမှတ် (၅) ရပ်ကွက် | အမှတ် (၅) ရပ်ကွက်,,6112,Multiple official source rows mapped to one CoreMap row
multiple_sources_to_one_core,_05_Ward:2564;_05_Ward:2558,ward_village_tract,No (1) Ward | No (1) Ward,အမှတ် (၁) ရပ်ကွက် | အမှတ် (၁) ရပ်ကွက်,,6110,Multiple official source rows mapped to one CoreMap row
multiple_sources_to_one_core,_05_Ward:2565;_05_Ward:2559,ward_village_tract,No (2) Ward | No (2) Ward,အမှတ် (၂) ရပ်ကွက် | အမှတ် (၂) ရပ်ကွက်,,6111,Multiple official source rows mapped to one CoreMap row
multiple_sources_to_one_core,_05_Ward:2566;_05_Ward:2560,ward_village_tract,No (3) Ward | No (3) Ward,အမှတ် (၃) ရပ်ကွက် | အမှတ် (၃) ရပ်ကွက်,,6116,Multiple official source rows mapped to one CoreMap row
multiple_sources_to_one_core,_05_Ward:2567;_05_Ward:2561,ward_village_tract,No (4) Ward | No (4) Ward,အမှတ် (၄) ရပ်ကွက် | အမှတ် (၄) ရပ်ကွက်,,6117,Multiple official source rows mapped to one CoreMap row
multiple_sources_to_one_core,_05_Ward:2469;_05_Ward:2463,ward_village_tract,No (1) Ward | No (1) Ward,အမှတ် (၁) ရပ်ကွက် | အမှတ် (၁) ရပ်ကွက်,,6302,Multiple official source rows mapped to one CoreMap row
multiple_sources_to_one_core,_05_Ward:2470;_05_Ward:2464,ward_village_tract,No (2) Ward | No (2) Ward,အမှတ် (၂) ရပ်ကွက် | အမှတ် (၂) ရပ်ကွက်,,6300,Multiple official source rows mapped to one CoreMap row
multiple_sources_to_one_core,_05_Ward:2471;_05_Ward:2465,ward_village_tract,No (3) Ward | No (3) Ward,အမှတ် (၃) ရပ်ကွက် | အမှတ် (၃) ရပ်ကွက်,,6275,Multiple official source rows mapped to one CoreMap row
multiple_sources_to_one_core,_05_Ward:2472;_05_Ward:2466,ward_village_tract,No (4) Ward | No (4) Ward,အမှတ် (၄) ရပ်ကွက် | အမှတ် (၄) ရပ်ကွက်,,6298,Multiple official source rows mapped to one CoreMap row
multiple_sources_to_one_core,_05_Ward:2473;_05_Ward:2467,ward_village_tract,No (5) Ward | No (5) Ward,အမှတ် (၅) ရပ်ကွက် | အမှတ် (၅) ရပ်ကွက်,,6296,Multiple official source rows mapped to one CoreMap row
multiple_sources_to_one_core,_05_Ward:2529;_05_Ward:2533,ward_village_tract,No (1) Ward | No (1) Ward,အမှတ် (၁) ရပ်ကွက် | အမှတ် (၁) ရပ်ကွက်,,6318,Multiple official source rows mapped to one CoreMap row
multiple_sources_to_one_core,_05_Ward:2530;_05_Ward:2534,ward_village_tract,No (2) Ward | No (2) Ward,အမှတ် (၂) ရပ်ကွက် | အမှတ် (၂) ရပ်ကွက်,,6323,Multiple official source rows mapped to one CoreMap row
multiple_sources_to_one_core,_05_Ward:2531;_05_Ward:2535,ward_village_tract,No (3) Ward | No (3) Ward,အမှတ် (၃) ရပ်ကွက် | အမှတ် (၃) ရပ်ကွက်,,6303,Multiple official source rows mapped to one CoreMap row
multiple_sources_to_one_core,_05_Ward:2285;_05_Ward:2293,ward_village_tract,No (1) Ward | No (1) Ward,အမှတ် (၁) ရပ်ကွက် | အမှတ် (၁) ရပ်ကွက်,,6571,Multiple official source rows mapped to one CoreMap row
multiple_sources_to_one_core,_05_Ward:2286;_05_Ward:2294,ward_village_tract,No (2) Ward | No (2) Ward,အမှတ် (၂) ရပ်ကွက် | အမှတ် (၂) ရပ်ကွက်,,6572,Multiple official source rows mapped to one CoreMap row
multiple_sources_to_one_core,_05_Ward:2287;_05_Ward:2295,ward_village_tract,No (3) Ward | No (3) Ward,အမှတ် (၃) ရပ်ကွက် | အမှတ် (၃) ရပ်ကွက်,,6573,Multiple official source rows mapped to one CoreMap row
multiple_sources_to_one_core,_05_Ward:2288;_05_Ward:2296,ward_village_tract,No (4) Ward | No (4) Ward,အမှတ် (၄) ရပ်ကွက် | အမှတ် (၄) ရပ်ကွက်,,6579,Multiple official source rows mapped to one CoreMap row
multiple_sources_to_one_core,_05_Ward:2289;_05_Ward:2297,ward_village_tract,No (5) Ward | No (5) Ward,အမှတ် (၅) ရပ်ကွက် | အမှတ် (၅) ရပ်ကွက်,,6574,Multiple official source rows mapped to one CoreMap row
multiple_sources_to_one_core,_05_Ward:2290;_05_Ward:2298,ward_village_tract,No (6) Ward | No (6) Ward,အမှတ် (၆) ရပ်ကွက် | အမှတ် (၆) ရပ်ကွက်,,6570,Multiple official source rows mapped to one CoreMap row
multiple_sources_to_one_core,_05_Ward:2291;_05_Ward:2299,ward_village_tract,No (7) Ward | No (7) Ward,အမှတ် (၇) ရပ်ကွက် | အမှတ် (၇) ရပ်ကွက်,,6581,Multiple official source rows mapped to one CoreMap row
multiple_sources_to_one_core,_05_Ward:2292;_05_Ward:2300,ward_village_tract,No (8) Ward | No (8) Ward,အမှတ် (၈) ရပ်ကွက် | အမှတ် (၈) ရပ်ကွက်,,6568,Multiple official source rows mapped to one CoreMap row
repeated_create_same_normalized_path,_06-VillageTract:4205;_05_Ward:788,ward_village_tract,Nyaung Kone,ညောင်ကုန်း,state_region:MMR001:Kachin > district:MMR001D002:Mohnyin > township:MMR001007:Mohnyin > ward_village_tract:MMR001007008:Nyaung Kone,,Repeated create_mimu_placeholder for same normalized hierarchy path
repeated_create_same_normalized_path,_05_Ward:859;_05_Ward:855,ward_village_tract,No (1) Ward,အမှတ် (၁) ရပ်ကွက်,state_region:MMR001:Kachin > district:MMR001D003:Bhamo > township:MMR001011:Shwegu > ward_village_tract:MMR001011701501:No (1) Ward,,Repeated create_mimu_placeholder for same normalized hierarchy path
repeated_create_same_normalized_path,_05_Ward:860;_05_Ward:856,ward_village_tract,No (2) Ward,အမှတ် (၂) ရပ်ကွက်,state_region:MMR001:Kachin > district:MMR001D003:Bhamo > township:MMR001011:Shwegu > ward_village_tract:MMR001011701502:No (2) Ward,,Repeated create_mimu_placeholder for same normalized hierarchy path
repeated_create_same_normalized_path,_05_Ward:861;_05_Ward:857,ward_village_tract,No (3) Ward,အမှတ် (၃) ရပ်ကွက်,state_region:MMR001:Kachin > district:MMR001D003:Bhamo > township:MMR001011:Shwegu > ward_village_tract:MMR001011701503:No (3) Ward,,Repeated create_mimu_placeholder for same normalized hierarchy path
repeated_create_same_normalized_path,_05_Ward:862;_05_Ward:858,ward_village_tract,No (4) Ward,အမှတ် (၄) ရပ်ကွက်,state_region:MMR001:Kachin > district:MMR001D003:Bhamo > township:MMR001011:Shwegu > ward_village_tract:MMR001011701504:No (4) Ward,,Repeated create_mimu_placeholder for same normalized hierarchy path
repeated_create_same_normalized_path,_05_Ward:947;_05_Ward:952,ward_village_tract,No (1) Ward,အမှတ် (၁) ရပ်ကွက်,state_region:MMR003:Kayin > district:MMR003D001:Hpa-An > township:MMR003002:Hlaingbwe > ward_village_tract:MMR003002702501:No (1) Ward,,Repeated create_mimu_placeholder for same normalized hierarchy path
repeated_create_same_normalized_path,_05_Ward:948;_05_Ward:953,ward_village_tract,No (2) Ward,အမှတ် (၂) ရပ်ကွက်,state_region:MMR003:Kayin > district:MMR003D001:Hpa-An > township:MMR003002:Hlaingbwe > ward_village_tract:MMR003002702502:No (2) Ward,,Repeated create_mimu_placeholder for same normalized hierarchy path
repeated_create_same_normalized_path,_05_Ward:949;_05_Ward:954,ward_village_tract,No (3) Ward,အမှတ် (၃) ရပ်ကွက်,state_region:MMR003:Kayin > district:MMR003D001:Hpa-An > township:MMR003002:Hlaingbwe > ward_village_tract:MMR003002702503:No (3) Ward,,Repeated create_mimu_placeholder for same normalized hierarchy path
repeated_create_same_normalized_path,_05_Ward:950;_05_Ward:955,ward_village_tract,No (4) Ward,အမှတ် (၄) ရပ်ကွက်,state_region:MMR003:Kayin > district:MMR003D001:Hpa-An > township:MMR003002:Hlaingbwe > ward_village_tract:MMR003002702504:No (4) Ward,,Repeated create_mimu_placeholder for same normalized hierarchy path
repeated_create_same_normalized_path,_05_Ward:965;_05_Ward:969,ward_village_tract,No (1) Ward,အမှတ် (၁) ရပ်ကွက်,state_region:MMR003:Kayin > district:MMR003D004:Hpapun > township:MMR003003:Hpapun > ward_village_tract:MMR003003701501:No (1) Ward,,Repeated create_mimu_placeholder for same normalized hierarchy path
repeated_create_same_normalized_path,_05_Ward:966;_05_Ward:970,ward_village_tract,No (2) Ward,အမှတ် (၂) ရပ်ကွက်,state_region:MMR003:Kayin > district:MMR003D004:Hpapun > township:MMR003003:Hpapun > ward_village_tract:MMR003003701502:No (2) Ward,,Repeated create_mimu_placeholder for same normalized hierarchy path
repeated_create_same_normalized_path,_05_Ward:967;_05_Ward:971,ward_village_tract,No (3) Ward,အမှတ် (၃) ရပ်ကွက်,state_region:MMR003:Kayin > district:MMR003D004:Hpapun > township:MMR003003:Hpapun > ward_village_tract:MMR003003701503:No (3) Ward,,Repeated create_mimu_placeholder for same normalized hierarchy path
repeated_create_same_normalized_path,_05_Ward:968;_05_Ward:972,ward_village_tract,No (4) Ward,အမှတ် (၄) ရပ်ကွက်,state_region:MMR003:Kayin > district:MMR003D004:Hpapun > township:MMR003003:Hpapun > ward_village_tract:MMR003003701504:No (4) Ward,,Repeated create_mimu_placeholder for same normalized hierarchy path
repeated_create_same_normalized_path,_05_Ward:1024;_05_Ward:1020;_05_Ward:1014;_05_Ward:1010,ward_village_tract,No (1) Ward,အမှတ် (၁) ရပ်ကွက်,state_region:MMR003:Kayin > district:MMR003D001:Hpa-An > township:MMR003004:Thandaunggyi > ward_village_tract:MMR003004701501:No (1) Ward,,Repeated create_mimu_placeholder for same normalized hierarchy path
repeated_create_same_normalized_path,_05_Ward:1025;_05_Ward:1021;_05_Ward:1015;_05_Ward:1011,ward_village_tract,No (2) Ward,အမှတ် (၂) ရပ်ကွက်,state_region:MMR003:Kayin > district:MMR003D001:Hpa-An > township:MMR003004:Thandaunggyi > ward_village_tract:MMR003004701502:No (2) Ward,,Repeated create_mimu_placeholder for same normalized hierarchy path
repeated_create_same_normalized_path,_05_Ward:1026;_05_Ward:1022;_05_Ward:1016;_05_Ward:1012,ward_village_tract,No (3) Ward,အမှတ် (၃) ရပ်ကွက်,state_region:MMR003:Kayin > district:MMR003D001:Hpa-An > township:MMR003004:Thandaunggyi > ward_village_tract:MMR003004701503:No (3) Ward,,Repeated create_mimu_placeholder for same normalized hierarchy path
repeated_create_same_normalized_path,_05_Ward:1027;_05_Ward:1023;_05_Ward:1017;_05_Ward:1013,ward_village_tract,No (4) Ward,အမှတ် (၄) ရပ်ကွက်,state_region:MMR003:Kayin > district:MMR003D001:Hpa-An > township:MMR003004:Thandaunggyi > ward_village_tract:MMR003004701504:No (4) Ward,,Repeated create_mimu_placeholder for same normalized hierarchy path
repeated_create_same_normalized_path,_05_Ward:1028;_05_Ward:1018,ward_village_tract,No (5) Ward,အမှတ် (၅) ရပ်ကွက်,state_region:MMR003:Kayin > district:MMR003D001:Hpa-An > township:MMR003004:Thandaunggyi > ward_village_tract:MMR003004701505:No (5) Ward,,Repeated create_mimu_placeholder for same normalized hierarchy path
repeated_create_same_normalized_path,_05_Ward:1000;_05_Ward:1007;_05_Ward:1008,ward_village_tract,No (1) Ward,အမှတ် (၁) ရပ်ကွက်,state_region:MMR003:Kayin > district:MMR003D002:Myawaddy > township:MMR003005:Myawaddy > ward_village_tract:MMR003005701501:No (1) Ward,,Repeated create_mimu_placeholder for same normalized hierarchy path
repeated_create_same_normalized_path,_05_Ward:1001;_05_Ward:1009,ward_village_tract,No (2) Ward,အမှတ် (၂) ရပ်ကွက်,state_region:MMR003:Kayin > district:MMR003D002:Myawaddy > township:MMR003005:Myawaddy > ward_village_tract:MMR003005701502:No (2) Ward,,Repeated create_mimu_placeholder for same normalized hierarchy path
repeated_create_same_normalized_path,_05_Ward:706;_05_Ward:704,ward_village_tract,No (1) Ward,အမှတ် (၁) ရပ်ကွက်,state_region:MMR004:Chin > district:MMR004D003:Hakha > township:MMR004003:Thantlang > ward_village_tract:MMR004003701501:No (1) Ward,,Repeated create_mimu_placeholder for same normalized hierarchy path
repeated_create_same_normalized_path,_05_Ward:707;_05_Ward:705,ward_village_tract,No (2) Ward,အမှတ် (၂) ရပ်ကွက်,state_region:MMR004:Chin > district:MMR004D003:Hakha > township:MMR004003:Thantlang > ward_village_tract:MMR004003701502:No (2) Ward,,Repeated create_mimu_placeholder for same normalized hierarchy path
repeated_create_same_normalized_path,_06-VillageTract:3744;_06-VillageTract:3745,ward_village_tract,Thea Ma Wa,သဲမဝ,state_region:MMR004:Chin > district:MMR004D004:Matupi > township:MMR004009:Paletwa > ward_village_tract:MMR004009006:Thea Ma Wa,,Repeated create_mimu_placeholder for same normalized hierarchy path
repeated_create_same_normalized_path,_05_Ward:2102;_05_Ward:2098,ward_village_tract,No (1) Ward,အမှတ် (၁) ရပ်ကွက်,state_region:MMR005:Sagaing > district:MMR005D002:Shwebo > township:MMR005004:Shwebo > ward_village_tract:MMR005004701501:No (1) Ward,,Repeated create_mimu_placeholder for same normalized hierarchy path
repeated_create_same_normalized_path,_05_Ward:2104;_05_Ward:2099,ward_village_tract,No (2) Ward,အမှတ် (၂) ရပ်ကွက်,state_region:MMR005:Sagaing > district:MMR005D002:Shwebo > township:MMR005004:Shwebo > ward_village_tract:MMR005004701502:No (2) Ward,,Repeated create_mimu_placeholder for same normalized hierarchy path
repeated_create_same_normalized_path,_05_Ward:2105;_05_Ward:2100,ward_village_tract,No (3) Ward,အမှတ် (၃) ရပ်ကွက်,state_region:MMR005:Sagaing > district:MMR005D002:Shwebo > township:MMR005004:Shwebo > ward_village_tract:MMR005004701503:No (3) Ward,,Repeated create_mimu_placeholder for same normalized hierarchy path
repeated_create_same_normalized_path,_05_Ward:2106;_05_Ward:2101,ward_village_tract,No (4) Ward,အမှတ် (၄) ရပ်ကွက်,state_region:MMR005:Sagaing > district:MMR005D002:Shwebo > township:MMR005004:Shwebo > ward_village_tract:MMR005004701504:No (4) Ward,,Repeated create_mimu_placeholder for same normalized hierarchy path
repeated_create_same_normalized_path,_06-VillageTract:9982;_05_Ward:1957,ward_village_tract,Na Gar Paw,နဂါးပေါ်,state_region:MMR005:Sagaing > district:MMR005D010:Kanbalu > township:MMR005007:Kanbalu > ward_village_tract:MMR005007018:Na Gar Paw,,Repeated create_mimu_placeholder for same normalized hierarchy path
repeated_create_same_normalized_path,_06-VillageTract:10360;_05_Ward:2004,ward_village_tract,Myo Ma,မြို့မ,state_region:MMR005:Sagaing > district:MMR005D005:Kale > township:MMR005029:Mingin > ward_village_tract:MMR005029005:Myo Ma,,Repeated create_mimu_placeholder for same normalized hierarchy path
repeated_create_same_normalized_path,_05_Ward:2124;_05_Ward:2119,ward_village_tract,No (1) Ward,အမှတ် (၁) ရပ်ကွက်,state_region:MMR005:Sagaing > district:MMR005D006:Tamu > township:MMR005030:Tamu > ward_village_tract:MMR005030702501:No (1) Ward,,Repeated create_mimu_placeholder for same normalized hierarchy path
repeated_create_same_normalized_path,_05_Ward:2125;_05_Ward:2120,ward_village_tract,No (2) Ward,အမှတ် (၂) ရပ်ကွက်,state_region:MMR005:Sagaing > district:MMR005D006:Tamu > township:MMR005030:Tamu > ward_village_tract:MMR005030702502:No (2) Ward,,Repeated create_mimu_placeholder for same normalized hierarchy path
repeated_create_same_normalized_path,_05_Ward:2126;_05_Ward:2121,ward_village_tract,No (3) Ward,အမှတ် (၃) ရပ်ကွက်,state_region:MMR005:Sagaing > district:MMR005D006:Tamu > township:MMR005030:Tamu > ward_village_tract:MMR005030702503:No (3) Ward,,Repeated create_mimu_placeholder for same normalized hierarchy path
repeated_create_same_normalized_path,_06-VillageTract:9748;_06-VillageTract:9749,ward_village_tract,Hin Naung,ဟင်နောင်,state_region:MMR005:Sagaing > district:MMR005D008:Hkamti > township:MMR005034:Homalin > ward_village_tract:MMR005034032:Hin Naung,,Repeated create_mimu_placeholder for same normalized hierarchy path
repeated_create_same_normalized_path,_05_Ward:1905;_05_Ward:1903,ward_village_tract,No (1) Ward,အမှတ် (၁) ရပ်ကွက်,state_region:MMR005:Sagaing > district:MMR005D008:Hkamti > township:MMR005034:Homalin > ward_village_tract:MMR005034702501:No (1) Ward,,Repeated create_mimu_placeholder for same normalized hierarchy path
repeated_create_same_normalized_path,_05_Ward:1908;_05_Ward:1904,ward_village_tract,No (2) Ward,အမှတ် (၂) ရပ်ကွက်,state_region:MMR005:Sagaing > district:MMR005D008:Hkamti > township:MMR005034:Homalin > ward_village_tract:MMR005034702502:No (2) Ward,,Repeated create_mimu_placeholder for same normalized hierarchy path
repeated_create_same_normalized_path,_05_Ward:2049;_05_Ward:2048,ward_village_tract,Myo Ma Ward,မြို့မရပ်ကွက်,state_region:MMR005:Sagaing > self_administered_zone:MMR005S001:Naga Self-Administered Zone > township:MMR005037:Nanyun > ward_village_tract:MMR005037701502:Myo Ma Ward,,Repeated create_mimu_placeholder for same normalized hierarchy path
repeated_create_same_normalized_path,_05_Ward:2741;_05_Ward:2737;_05_Ward:2733,ward_village_tract,No (1) Ward,အမှတ် (၁) ရပ်ကွက်,state_region:MMR006:Tanintharyi > district:MMR006D002:Myeik > township:MMR006007:Palaw > ward_village_tract:MMR006007701501:No (1) Ward,,Repeated create_mimu_placeholder for same normalized hierarchy path
repeated_create_same_normalized_path,_05_Ward:2742;_05_Ward:2738;_05_Ward:2734,ward_village_tract,No (2) Ward,အမှတ် (၂) ရပ်ကွက်,state_region:MMR006:Tanintharyi > district:MMR006D002:Myeik > township:MMR006007:Palaw > ward_village_tract:MMR006007701502:No (2) Ward,,Repeated create_mimu_placeholder for same normalized hierarchy path
repeated_create_same_normalized_path,_05_Ward:2743;_05_Ward:2739;_05_Ward:2735,ward_village_tract,No (3) Ward,အမှတ် (၃) ရပ်ကွက်,state_region:MMR006:Tanintharyi > district:MMR006D002:Myeik > township:MMR006007:Palaw > ward_village_tract:MMR006007701503:No (3) Ward,,Repeated create_mimu_placeholder for same normalized hierarchy path
repeated_create_same_normalized_path,_05_Ward:2744;_05_Ward:2740;_05_Ward:2736,ward_village_tract,No (4) Ward,အမှတ် (၄) ရပ်ကွက်,state_region:MMR006:Tanintharyi > district:MMR006D002:Myeik > township:MMR006007:Palaw > ward_village_tract:MMR006007701504:No (4) Ward,,Repeated create_mimu_placeholder for same normalized hierarchy path
repeated_create_same_normalized_path,_06-VillageTract:2040;_05_Ward:340,ward_village_tract,Ywar Thit,ရွာသစ်,state_region:MMR111:Bago > district:MMR007D001:Bago > township:MMR007001:Bago > ward_village_tract:MMR007001019:Ywar Thit,,Repeated create_mimu_placeholder for same normalized hierarchy path
repeated_create_same_normalized_path,_05_Ward:326;_05_Ward:347,ward_village_tract,No (1) Ward,အမှတ် (၁) ရပ်ကွက်,state_region:MMR111:Bago > district:MMR007D001:Bago > township:MMR007001:Bago > ward_village_tract:MMR007001701523:No (1) Ward,,Repeated create_mimu_placeholder for same normalized hierarchy path
repeated_create_same_normalized_path,_05_Ward:327;_05_Ward:348,ward_village_tract,No (2) Ward,အမှတ် (၂) ရပ်ကွက်,state_region:MMR111:Bago > district:MMR007D001:Bago > township:MMR007001:Bago > ward_village_tract:MMR007001701524:No (2) Ward,,Repeated create_mimu_placeholder for same normalized hierarchy path
repeated_create_same_normalized_path,_05_Ward:328;_05_Ward:349,ward_village_tract,No (3) Ward,အမှတ် (၃) ရပ်ကွက်,state_region:MMR111:Bago > district:MMR007D001:Bago > township:MMR007001:Bago > ward_village_tract:MMR007001701525:No (3) Ward,,Repeated create_mimu_placeholder for same normalized hierarchy path
repeated_create_same_normalized_path,_05_Ward:329;_05_Ward:350,ward_village_tract,No (4) Ward,အမှတ် (၄) ရပ်ကွက်,state_region:MMR111:Bago > district:MMR007D001:Bago > township:MMR007001:Bago > ward_village_tract:MMR007001701526:No (4) Ward,,Repeated create_mimu_placeholder for same normalized hierarchy path
repeated_create_same_normalized_path,_05_Ward:330;_05_Ward:351,ward_village_tract,No (5) Ward,အမှတ် (၅) ရပ်ကွက်,state_region:MMR111:Bago > district:MMR007D001:Bago > township:MMR007001:Bago > ward_village_tract:MMR007001701527:No (5) Ward,,Repeated create_mimu_placeholder for same normalized hierarchy path
repeated_create_same_normalized_path,_05_Ward:331;_05_Ward:352,ward_village_tract,No (6) Ward,အမှတ် (၆) ရပ်ကွက်,state_region:MMR111:Bago > district:MMR007D001:Bago > township:MMR007001:Bago > ward_village_tract:MMR007001701528:No (6) Ward,,Repeated create_mimu_placeholder for same normalized hierarchy path
repeated_create_same_normalized_path,_06-VillageTract:2122;_05_Ward:374,ward_village_tract,Aung Min Ga Lar,အောင်မင်္ဂလာ,state_region:MMR111:Bago > district:MMR007D001:Bago > township:MMR007003:Kawa > ward_village_tract:MMR007003093:Aung Min Ga Lar,,Repeated create_mimu_placeholder for same normalized hierarchy path
repeated_create_same_normalized_path,_06-VillageTract:2460;_06-VillageTract:2461,ward_village_tract,Du Yin Pin,ဒူးရင်းပင်,state_region:MMR111:Bago > district:MMR007D001:Bago > township:MMR007008:Shwegyin > ward_village_tract:MMR007008049:Du Yin Pin,,Repeated create_mimu_placeholder for same normalized hierarchy path
repeated_create_same_normalized_path,_05_Ward:501;_05_Ward:496,ward_village_tract,No (1) Ward,အမှတ် (၁) ရပ်ကွက်,state_region:MMR111:Bago > district:MMR007D002:Taungoo > township:MMR007010:Yedashe > ward_village_tract:MMR007010703501:No (1) Ward,,Repeated create_mimu_placeholder for same normalized hierarchy path
repeated_create_same_normalized_path,_05_Ward:502;_05_Ward:497,ward_village_tract,No (2) Ward,အမှတ် (၂) ရပ်ကွက်,state_region:MMR111:Bago > district:MMR007D002:Taungoo > township:MMR007010:Yedashe > ward_village_tract:MMR007010703502:No (2) Ward,,Repeated create_mimu_placeholder for same normalized hierarchy path
repeated_create_same_normalized_path,_05_Ward:503;_05_Ward:498,ward_village_tract,No (3) Ward,အမှတ် (၃) ရပ်ကွက်,state_region:MMR111:Bago > district:MMR007D002:Taungoo > township:MMR007010:Yedashe > ward_village_tract:MMR007010703503:No (3) Ward,,Repeated create_mimu_placeholder for same normalized hierarchy path
repeated_create_same_normalized_path,_05_Ward:504;_05_Ward:499,ward_village_tract,No (4) Ward,အမှတ် (၄) ရပ်ကွက်,state_region:MMR111:Bago > district:MMR007D002:Taungoo > township:MMR007010:Yedashe > ward_village_tract:MMR007010703504:No (4) Ward,,Repeated create_mimu_placeholder for same normalized hierarchy path
repeated_create_same_normalized_path,_06-VillageTract:2432;_05_Ward:438,ward_village_tract,Oke Hpyat,အုတ်ဖြတ်,state_region:MMR111:Bago > district:MMR007D002:Taungoo > township:MMR007012:Phyu > ward_village_tract:MMR007012011:Oke Hpyat,,Repeated create_mimu_placeholder for same normalized hierarchy path
repeated_create_same_normalized_path,_06-VillageTract:3153;_06-VillageTract:3154,ward_village_tract,Kyoet Kone,ကြို့ကုန်း,state_region:MMR111:Bago > district:MMR008D001:Pyay > township:MMR008004:Paungde > ward_village_tract:MMR008004025:Kyoet Kone,,Repeated create_mimu_placeholder for same normalized hierarchy path
repeated_create_same_normalized_path,_05_Ward:557;_05_Ward:550,ward_village_tract,Myo Ma Ward,မြို့မရပ်ကွက်,state_region:MMR111:Bago > district:MMR008D002:Thayarwady > township:MMR008010:Okpho > ward_village_tract:MMR008010701501:Myo Ma Ward,,Repeated create_mimu_placeholder for same normalized hierarchy path
repeated_create_same_normalized_path,_06-VillageTract:5054;_06-VillageTract:5055,ward_village_tract,Ma Gyi Kan,မကျီးကန်,state_region:MMR009:Magway > district:MMR009D001:Magway > township:MMR009003:Chauk > ward_village_tract:MMR009003003:Ma Gyi Kan,,Repeated create_mimu_placeholder for same normalized hierarchy path
repeated_create_same_normalized_path,_05_Ward:1038;_05_Ward:1053,ward_village_tract,No (1) Ward,အမှတ် (၁) ရပ်ကွက်,state_region:MMR009:Magway > district:MMR009D001:Magway > township:MMR009003:Chauk > ward_village_tract:MMR009003701501:No (1) Ward,,Repeated create_mimu_placeholder for same normalized hierarchy path
repeated_create_same_normalized_path,_05_Ward:1045;_05_Ward:1054,ward_village_tract,No (2) Ward,အမှတ် (၂) ရပ်ကွက်,state_region:MMR009:Magway > district:MMR009D001:Magway > township:MMR009003:Chauk > ward_village_tract:MMR009003701502:No (2) Ward,,Repeated create_mimu_placeholder for same normalized hierarchy path
repeated_create_same_normalized_path,_05_Ward:1046;_05_Ward:1055,ward_village_tract,No (3) Ward,အမှတ် (၃) ရပ်ကွက်,state_region:MMR009:Magway > district:MMR009D001:Magway > township:MMR009003:Chauk > ward_village_tract:MMR009003701503:No (3) Ward,,Repeated create_mimu_placeholder for same normalized hierarchy path
repeated_create_same_normalized_path,_05_Ward:1047;_05_Ward:1056,ward_village_tract,No (4) Ward,အမှတ် (၄) ရပ်ကွက်,state_region:MMR009:Magway > district:MMR009D001:Magway > township:MMR009003:Chauk > ward_village_tract:MMR009003701504:No (4) Ward,,Repeated create_mimu_placeholder for same normalized hierarchy path
repeated_create_same_normalized_path,_05_Ward:1048;_05_Ward:1057,ward_village_tract,No (5) Ward,အမှတ် (၅) ရပ်ကွက်,state_region:MMR009:Magway > district:MMR009D001:Magway > township:MMR009003:Chauk > ward_village_tract:MMR009003701505:No (5) Ward,,Repeated create_mimu_placeholder for same normalized hierarchy path
repeated_create_same_normalized_path,_05_Ward:1086;_05_Ward:1090,ward_village_tract,No (1) Ward,အမှတ် (၁) ရပ်ကွက်,state_region:MMR009:Magway > district:MMR009D002:Minbu > township:MMR009007:Minbu > ward_village_tract:MMR009007701501:No (1) Ward,,Repeated create_mimu_placeholder for same normalized hierarchy path
repeated_create_same_normalized_path,_05_Ward:1087;_05_Ward:1091,ward_village_tract,No (2) Ward,အမှတ် (၂) ရပ်ကွက်,state_region:MMR009:Magway > district:MMR009D002:Minbu > township:MMR009007:Minbu > ward_village_tract:MMR009007701502:No (2) Ward,,Repeated create_mimu_placeholder for same normalized hierarchy path
repeated_create_same_normalized_path,_05_Ward:1088;_05_Ward:1092,ward_village_tract,No (3) Ward,အမှတ် (၃) ရပ်ကွက်,state_region:MMR009:Magway > district:MMR009D002:Minbu > township:MMR009007:Minbu > ward_village_tract:MMR009007701503:No (3) Ward,,Repeated create_mimu_placeholder for same normalized hierarchy path
repeated_create_same_normalized_path,_05_Ward:1140;_05_Ward:1120;_05_Ward:1132,ward_village_tract,No (1) Ward,အမှတ် (၁) ရပ်ကွက်,state_region:MMR009:Magway > district:MMR009D004:Pakokku > township:MMR009018:Pakokku > ward_village_tract:MMR009018701501:No (1) Ward,,Repeated create_mimu_placeholder for same normalized hierarchy path
repeated_create_same_normalized_path,_05_Ward:1147;_05_Ward:1124;_05_Ward:1133,ward_village_tract,No (2) Ward,အမှတ် (၂) ရပ်ကွက်,state_region:MMR009:Magway > district:MMR009D004:Pakokku > township:MMR009018:Pakokku > ward_village_tract:MMR009018701502:No (2) Ward,,Repeated create_mimu_placeholder for same normalized hierarchy path
repeated_create_same_normalized_path,_05_Ward:1148;_05_Ward:1125;_05_Ward:1134,ward_village_tract,No (3) Ward,အမှတ် (၃) ရပ်ကွက်,state_region:MMR009:Magway > district:MMR009D004:Pakokku > township:MMR009018:Pakokku > ward_village_tract:MMR009018701503:No (3) Ward,,Repeated create_mimu_placeholder for same normalized hierarchy path
repeated_create_same_normalized_path,_05_Ward:1149;_05_Ward:1126;_05_Ward:1135,ward_village_tract,No (4) Ward,အမှတ် (၄) ရပ်ကွက်,state_region:MMR009:Magway > district:MMR009D004:Pakokku > township:MMR009018:Pakokku > ward_village_tract:MMR009018701504:No (4) Ward,,Repeated create_mimu_placeholder for same normalized hierarchy path
repeated_create_same_normalized_path,_05_Ward:1150;_05_Ward:1127;_05_Ward:1136,ward_village_tract,No (5) Ward,အမှတ် (၅) ရပ်ကွက်,state_region:MMR009:Magway > district:MMR009D004:Pakokku > township:MMR009018:Pakokku > ward_village_tract:MMR009018701505:No (5) Ward,,Repeated create_mimu_placeholder for same normalized hierarchy path
repeated_create_same_normalized_path,_05_Ward:1151;_05_Ward:1128;_05_Ward:1137,ward_village_tract,No (6) Ward,အမှတ် (၆) ရပ်ကွက်,state_region:MMR009:Magway > district:MMR009D004:Pakokku > township:MMR009018:Pakokku > ward_village_tract:MMR009018701506:No (6) Ward,,Repeated create_mimu_placeholder for same normalized hierarchy path
repeated_create_same_normalized_path,_05_Ward:1152;_05_Ward:1129;_05_Ward:1138,ward_village_tract,No (7) Ward,အမှတ် (၇) ရပ်ကွက်,state_region:MMR009:Magway > district:MMR009D004:Pakokku > township:MMR009018:Pakokku > ward_village_tract:MMR009018701507:No (7) Ward,,Repeated create_mimu_placeholder for same normalized hierarchy path
repeated_create_same_normalized_path,_05_Ward:1153;_05_Ward:1130;_05_Ward:1139,ward_village_tract,No (8) Ward,အမှတ် (၈) ရပ်ကွက်,state_region:MMR009:Magway > district:MMR009D004:Pakokku > township:MMR009018:Pakokku > ward_village_tract:MMR009018701508:No (8) Ward,,Repeated create_mimu_placeholder for same normalized hierarchy path
repeated_create_same_normalized_path,_05_Ward:1154;_05_Ward:1131,ward_village_tract,No (9) Ward,အမှတ် (၉) ရပ်ကွက်,state_region:MMR009:Magway > district:MMR009D004:Pakokku > township:MMR009018:Pakokku > ward_village_tract:MMR009018701509:No (9) Ward,,Repeated create_mimu_placeholder for same normalized hierarchy path
repeated_create_same_normalized_path,_05_Ward:1141;_05_Ward:1121,ward_village_tract,No (10) Ward,အမှတ် (၁၀) ရပ်ကွက်,state_region:MMR009:Magway > district:MMR009D004:Pakokku > township:MMR009018:Pakokku > ward_village_tract:MMR009018701510:No (10) Ward,,Repeated create_mimu_placeholder for same normalized hierarchy path
repeated_create_same_normalized_path,_05_Ward:1142;_05_Ward:1122,ward_village_tract,No (11) Ward,အမှတ် (၁၁) ရပ်ကွက်,state_region:MMR009:Magway > district:MMR009D004:Pakokku > township:MMR009018:Pakokku > ward_village_tract:MMR009018701511:No (11) Ward,,Repeated create_mimu_placeholder for same normalized hierarchy path
repeated_create_same_normalized_path,_05_Ward:1143;_05_Ward:1123,ward_village_tract,No (12) Ward,အမှတ် (၁၂) ရပ်ကွက်,state_region:MMR009:Magway > district:MMR009D004:Pakokku > township:MMR009018:Pakokku > ward_village_tract:MMR009018701512:No (12) Ward,,Repeated create_mimu_placeholder for same normalized hierarchy path
repeated_create_same_normalized_path,_06-VillageTract:6446;_06-VillageTract:6447,ward_village_tract,Myay Hpyu,မြေဖြူ,state_region:MMR009:Magway > district:MMR009D004:Pakokku > township:MMR009019:Yesagyo > ward_village_tract:MMR009019033:Myay Hpyu,,Repeated create_mimu_placeholder for same normalized hierarchy path
repeated_create_same_normalized_path,_05_Ward:1417;_05_Ward:1413,ward_village_tract,No (1) Ward,အမှတ် (၁) ရပ်ကွက်,state_region:MMR010:Mandalay > district:MMR010D005:Nyaung-U > township:MMR010022:Nyaung-U > ward_village_tract:MMR010022701501:No (1) Ward,,Repeated create_mimu_placeholder for same normalized hierarchy path
repeated_create_same_normalized_path,_05_Ward:1418;_05_Ward:1414,ward_village_tract,No (2) Ward,အမှတ် (၂) ရပ်ကွက်,state_region:MMR010:Mandalay > district:MMR010D005:Nyaung-U > township:MMR010022:Nyaung-U > ward_village_tract:MMR010022701502:No (2) Ward,,Repeated create_mimu_placeholder for same normalized hierarchy path
repeated_create_same_normalized_path,_05_Ward:1419;_05_Ward:1415,ward_village_tract,No (3) Ward,အမှတ် (၃) ရပ်ကွက်,state_region:MMR010:Mandalay > district:MMR010D005:Nyaung-U > township:MMR010022:Nyaung-U > ward_village_tract:MMR010022701503:No (3) Ward,,Repeated create_mimu_placeholder for same normalized hierarchy path
repeated_create_same_normalized_path,_05_Ward:1420;_05_Ward:1416,ward_village_tract,No (4) Ward,အမှတ် (၄) ရပ်ကွက်,state_region:MMR010:Mandalay > district:MMR010D005:Nyaung-U > township:MMR010022:Nyaung-U > ward_village_tract:MMR010022701504:No (4) Ward,,Repeated create_mimu_placeholder for same normalized hierarchy path
repeated_create_same_normalized_path,_06-VillageTract:8005;_05_Ward:1520,ward_village_tract,Ah Hta Yan,အထရံ,state_region:MMR011:Mon > district:MMR011D001:Mawlamyine > township:MMR011002:Kyaikmaraw > ward_village_tract:MMR011002002:Ah Hta Yan,,Repeated create_mimu_placeholder for same normalized hierarchy path
repeated_create_same_normalized_path,_05_Ward:1606;_05_Ward:1604,ward_village_tract,No (1) Ward,အမှတ် (၁) ရပ်ကွက်,state_region:MMR011:Mon > district:MMR011D001:Mawlamyine > township:MMR011006:Ye > ward_village_tract:MMR011006702501:No (1) Ward,,Repeated create_mimu_placeholder for same normalized hierarchy path
repeated_create_same_normalized_path,_05_Ward:1607;_05_Ward:1605,ward_village_tract,No (2) Ward,အမှတ် (၂) ရပ်ကွက်,state_region:MMR011:Mon > district:MMR011D001:Mawlamyine > township:MMR011006:Ye > ward_village_tract:MMR011006702502:No (2) Ward,,Repeated create_mimu_placeholder for same normalized hierarchy path
repeated_create_same_normalized_path,_06-VillageTract:8740;_06-VillageTract:8741,ward_village_tract,Sa Par Seik,စပါးဆိပ်,state_region:MMR012:Rakhine > district:MMR012D005:Mrauk-U > township:MMR012004:Kyauktaw > ward_village_tract:MMR012004002:Sa Par Seik,,Repeated create_mimu_placeholder for same normalized hierarchy path
repeated_create_same_normalized_path,_06-VillageTract:8733;_05_Ward:1729,ward_village_tract,Paik Thei,ပိုက်သည်,state_region:MMR012:Rakhine > district:MMR012D005:Mrauk-U > township:MMR012004:Kyauktaw > ward_village_tract:MMR012004042:Paik Thei,,Repeated create_mimu_placeholder for same normalized hierarchy path
repeated_create_same_normalized_path,_06-VillageTract:8811;_05_Ward:1754,ward_village_tract,Myaw Chaung,မြောချောင်း,state_region:MMR012:Rakhine > district:MMR012D002:Maungdaw > township:MMR012009:Maungdaw > ward_village_tract:MMR012009015:Myaw Chaung,,Repeated create_mimu_placeholder for same normalized hierarchy path
repeated_create_same_normalized_path,_05_Ward:1733;_05_Ward:1751,ward_village_tract,Ah Shey Paing Ward,အရှေ့ပိုင်းရပ်ကွက်,state_region:MMR012:Rakhine > district:MMR012D002:Maungdaw > township:MMR012009:Maungdaw > ward_village_tract:MMR012009703501:Ah Shey Paing Ward,,Repeated create_mimu_placeholder for same normalized hierarchy path
repeated_create_same_normalized_path,_05_Ward:1705;_05_Ward:1722,ward_village_tract,Ah Lel Paing Ward,အလယ်ပိုင်းရပ်ကွက်,state_region:MMR012:Rakhine > district:MMR012D003:Kyaukpyu > township:MMR012011:Kyaukpyu > ward_village_tract:MMR012011701505:Ah Lel Paing Ward,,Repeated create_mimu_placeholder for same normalized hierarchy path
repeated_create_same_normalized_path,_06-VillageTract:13102;_05_Ward:2643,ward_village_tract,Min Ga Lar,မင်္ဂလာ,state_region:MMR222:Shan > district:MMR014D001:Taunggyi > township:MMR014001:Taunggyi > ward_village_tract:MMR014001003:Min Ga Lar,,Repeated create_mimu_placeholder for same normalized hierarchy path
repeated_create_same_normalized_path,_05_Ward:2601;_05_Ward:2604,ward_village_tract,No (1) Ward,အမှတ် (၁) ရပ်ကွက်,state_region:MMR222:Shan > self_administered_zone:MMR014S002:Pa-O Self-Administered Zone > township:MMR014009:Pinlaung > ward_village_tract:MMR014009702501:No (1) Ward,,Repeated create_mimu_placeholder for same normalized hierarchy path
repeated_create_same_normalized_path,_05_Ward:2602;_05_Ward:2605,ward_village_tract,No (2) Ward,အမှတ် (၂) ရပ်ကွက်,state_region:MMR222:Shan > self_administered_zone:MMR014S002:Pa-O Self-Administered Zone > township:MMR014009:Pinlaung > ward_village_tract:MMR014009702502:No (2) Ward,,Repeated create_mimu_placeholder for same normalized hierarchy path
repeated_create_same_normalized_path,_05_Ward:2603;_05_Ward:2606,ward_village_tract,No (3) Ward,အမှတ် (၃) ရပ်ကွက်,state_region:MMR222:Shan > self_administered_zone:MMR014S002:Pa-O Self-Administered Zone > township:MMR014009:Pinlaung > ward_village_tract:MMR014009702503:No (3) Ward,,Repeated create_mimu_placeholder for same normalized hierarchy path
repeated_create_same_normalized_path,_06-VillageTract:11996;_06-VillageTract:11997,ward_village_tract,Man Kat,မန်ကပ်,state_region:MMR222:Shan > district:MMR015D001:Lashio > township:MMR015001:Lashio > ward_village_tract:MMR015001010:Man Kat,,Repeated create_mimu_placeholder for same normalized hierarchy path
repeated_create_same_normalized_path,_06-VillageTract:12026;_06-VillageTract:12027,ward_village_tract,Pang Hto Len,ပန်ထိုလင်,state_region:MMR222:Shan > district:MMR015D001:Lashio > township:MMR015001:Lashio > ward_village_tract:MMR015001025:Pang Hto Len,,Repeated create_mimu_placeholder for same normalized hierarchy path
repeated_create_same_normalized_path,_06-VillageTract:12617;_06-VillageTract:12616,ward_village_tract,Pang Hpein,ပန်ဖိန်း,state_region:MMR222:Shan > district:MMR015D007:Matman > township:MMR015005:Pangsang (Panghkam) > ward_village_tract:MMR015005020:Pang Hpein,,Repeated create_mimu_placeholder for same normalized hierarchy path
repeated_create_same_normalized_path,_06-VillageTract:12632;_06-VillageTract:12633,ward_village_tract,Yawng Lan,ယောင်လန်း,state_region:MMR222:Shan > district:MMR015D007:Matman > township:MMR015005:Pangsang (Panghkam) > ward_village_tract:MMR015005034:Yawng Lan,,Repeated create_mimu_placeholder for same normalized hierarchy path
repeated_create_same_normalized_path,_06-VillageTract:12583;_06-VillageTract:12584,ward_village_tract,Man Htan,မန်ထန်,state_region:MMR222:Shan > district:MMR015D007:Matman > township:MMR015005:Pangsang (Panghkam) > ward_village_tract:MMR015005042:Man Htan,,Repeated create_mimu_placeholder for same normalized hierarchy path
repeated_create_same_normalized_path,_05_Ward:2410;_05_Ward:2407,ward_village_tract,No (1) Ward,ရပ်ကွက် (၁),state_region:MMR222:Shan > district:MMR015D007:Matman > township:MMR015005:Pangsang (Panghkam) > ward_village_tract:MMR015005701501:No (1) Ward,,Repeated create_mimu_placeholder for same normalized hierarchy path
repeated_create_same_normalized_path,_05_Ward:2411;_05_Ward:2408,ward_village_tract,No (2) Ward,ရပ်ကွက် (၂),state_region:MMR222:Shan > district:MMR015D007:Matman > township:MMR015005:Pangsang (Panghkam) > ward_village_tract:MMR015005701502:No (2) Ward,,Repeated create_mimu_placeholder for same normalized hierarchy path
repeated_create_same_normalized_path,_05_Ward:2412;_05_Ward:2409,ward_village_tract,No (3) Ward,ရပ်ကွက် (၃),state_region:MMR222:Shan > district:MMR015D007:Matman > township:MMR015005:Pangsang (Panghkam) > ward_village_tract:MMR015005701503:No (3) Ward,,Repeated create_mimu_placeholder for same normalized hierarchy path
repeated_create_same_normalized_path,_06-VillageTract:12332;_06-VillageTract:12333,ward_village_tract,Nawng Hseng,နောင်ဆိုင်,state_region:MMR222:Shan > district:MMR015D002:Muse > township:MMR015009:Muse > ward_village_tract:MMR015009004:Nawng Hseng,,Repeated create_mimu_placeholder for same normalized hierarchy path
repeated_create_same_normalized_path,_05_Ward:2358;_05_Ward:2355;_05_Ward:2374,ward_village_tract,No (1) Ward,အမှတ် (၁) ရပ်ကွက်,state_region:MMR222:Shan > district:MMR015D002:Muse > township:MMR015009:Muse > ward_village_tract:MMR015009702501:No (1) Ward,,Repeated create_mimu_placeholder for same normalized hierarchy path
repeated_create_same_normalized_path,_05_Ward:2359;_05_Ward:2356;_05_Ward:2375,ward_village_tract,No (2) Ward,အမှတ် (၂) ရပ်ကွက်,state_region:MMR222:Shan > district:MMR015D002:Muse > township:MMR015009:Muse > ward_village_tract:MMR015009702502:No (2) Ward,,Repeated create_mimu_placeholder for same normalized hierarchy path
repeated_create_same_normalized_path,_05_Ward:2360;_05_Ward:2357;_05_Ward:2376,ward_village_tract,No (3) Ward,အမှတ် (၃) ရပ်ကွက်,state_region:MMR222:Shan > district:MMR015D002:Muse > township:MMR015009:Muse > ward_village_tract:MMR015009702503:No (3) Ward,,Repeated create_mimu_placeholder for same normalized hierarchy path
repeated_create_same_normalized_path,_05_Ward:2361;_05_Ward:2377,ward_village_tract,No (4) Ward,အမှတ် (၄) ရပ်ကွက်,state_region:MMR222:Shan > district:MMR015D002:Muse > township:MMR015009:Muse > ward_village_tract:MMR015009702504:No (4) Ward,,Repeated create_mimu_placeholder for same normalized hierarchy path
repeated_create_same_normalized_path,_05_Ward:2362;_05_Ward:2378,ward_village_tract,No (5) Ward,အမှတ် (၅) ရပ်ကွက်,state_region:MMR222:Shan > district:MMR015D002:Muse > township:MMR015009:Muse > ward_village_tract:MMR015009702505:No (5) Ward,,Repeated create_mimu_placeholder for same normalized hierarchy path
repeated_create_same_normalized_path,_06-VillageTract:11840;_06-VillageTract:11841,ward_village_tract,Loi Kan,လွယ်ကန်,state_region:MMR222:Shan > district:MMR015D002:Muse > township:MMR015011:Kutkai > ward_village_tract:MMR015011006:Loi Kan,,Repeated create_mimu_placeholder for same normalized hierarchy path
repeated_create_same_normalized_path,_06-VillageTract:11908;_06-VillageTract:11909,ward_village_tract,Loi An,လွယ်အံ,state_region:MMR222:Shan > district:MMR015D003:Kyaukme > township:MMR015012:Kyaukme > ward_village_tract:MMR015012013:Loi An,,Repeated create_mimu_placeholder for same normalized hierarchy path
repeated_create_same_normalized_path,_06-VillageTract:11678;_06-VillageTract:11679,ward_village_tract,Kawng Hkan,ကောင်းခံ,state_region:MMR222:Shan > district:MMR015D003:Kyaukme > township:MMR015014:Hsipaw > ward_village_tract:MMR015014039:Kawng Hkan,,Repeated create_mimu_placeholder for same normalized hierarchy path
repeated_create_same_normalized_path,_06-VillageTract:11695;_06-VillageTract:11696,ward_village_tract,Man Kyawng,မန်ကျောင်း,state_region:MMR222:Shan > district:MMR015D003:Kyaukme > township:MMR015014:Hsipaw > ward_village_tract:MMR015014042:Man Kyawng,,Repeated create_mimu_placeholder for same normalized hierarchy path
repeated_create_same_normalized_path,_05_Ward:2245;_05_Ward:2250,ward_village_tract,No (1) Ward,အမှတ် (၁) ရပ်ကွက်,state_region:MMR222:Shan > district:MMR015D006:Hopang > township:MMR015021:Hopang > ward_village_tract:MMR015021702501:No (1) Ward,,Repeated create_mimu_placeholder for same normalized hierarchy path
repeated_create_same_normalized_path,_05_Ward:2246;_05_Ward:2251,ward_village_tract,No (2) Ward,အမှတ် (၂) ရပ်ကွက်,state_region:MMR222:Shan > district:MMR015D006:Hopang > township:MMR015021:Hopang > ward_village_tract:MMR015021702502:No (2) Ward,,Repeated create_mimu_placeholder for same normalized hierarchy path
repeated_create_same_normalized_path,_05_Ward:2247;_05_Ward:2252,ward_village_tract,No (3) Ward,အမှတ် (၃) ရပ်ကွက်,state_region:MMR222:Shan > district:MMR015D006:Hopang > township:MMR015021:Hopang > ward_village_tract:MMR015021702503:No (3) Ward,,Repeated create_mimu_placeholder for same normalized hierarchy path
repeated_create_same_normalized_path,_05_Ward:2248;_05_Ward:2253,ward_village_tract,No (4) Ward,အမှတ် (၄) ရပ်ကွက်,state_region:MMR222:Shan > district:MMR015D006:Hopang > township:MMR015021:Hopang > ward_village_tract:MMR015021702504:No (4) Ward,,Repeated create_mimu_placeholder for same normalized hierarchy path
repeated_create_same_normalized_path,_05_Ward:2249;_05_Ward:2254,ward_village_tract,No (5) Ward,အမှတ် (၅) ရပ်ကွက်,state_region:MMR222:Shan > district:MMR015D006:Hopang > township:MMR015021:Hopang > ward_village_tract:MMR015021702505:No (5) Ward,,Repeated create_mimu_placeholder for same normalized hierarchy path
repeated_create_same_normalized_path,_05_Ward:2336;_05_Ward:2333,ward_village_tract,No (1) Ward,အမှတ် (၁) ရပ်ကွက်,state_region:MMR222:Shan > self_administered_zone:MMR015S002:Kokang Self-Administered Zone > township:MMR015022:Laukkaing > ward_village_tract:MMR015022701501:No (1) Ward,,Repeated create_mimu_placeholder for same normalized hierarchy path
repeated_create_same_normalized_path,_05_Ward:2337;_05_Ward:2334,ward_village_tract,No (2) Ward,အမှတ် (၂) ရပ်ကွက်,state_region:MMR222:Shan > self_administered_zone:MMR015S002:Kokang Self-Administered Zone > township:MMR015022:Laukkaing > ward_village_tract:MMR015022701502:No (2) Ward,,Repeated create_mimu_placeholder for same normalized hierarchy path
repeated_create_same_normalized_path,_05_Ward:2338;_05_Ward:2335,ward_village_tract,No (3) Ward,အမှတ် (၃) ရပ်ကွက်,state_region:MMR222:Shan > self_administered_zone:MMR015S002:Kokang Self-Administered Zone > township:MMR015022:Laukkaing > ward_village_tract:MMR015022701503:No (3) Ward,,Repeated create_mimu_placeholder for same normalized hierarchy path
repeated_create_same_normalized_path,_05_Ward:2273;_05_Ward:2276,ward_village_tract,No (1) Ward,အမှတ် (၁) ရပ်ကွက်,state_region:MMR222:Shan > self_administered_zone:MMR015S002:Kokang Self-Administered Zone > township:MMR015023:Konkyan > ward_village_tract:MMR015023701501:No (1) Ward,,Repeated create_mimu_placeholder for same normalized hierarchy path
repeated_create_same_normalized_path,_05_Ward:2274;_05_Ward:2277,ward_village_tract,No (2) Ward,အမှတ် (၂) ရပ်ကွက်,state_region:MMR222:Shan > self_administered_zone:MMR015S002:Kokang Self-Administered Zone > township:MMR015023:Konkyan > ward_village_tract:MMR015023701502:No (2) Ward,,Repeated create_mimu_placeholder for same normalized hierarchy path
repeated_create_same_normalized_path,_05_Ward:2275;_05_Ward:2278,ward_village_tract,No (3) Ward,အမှတ် (၃) ရပ်ကွက်,state_region:MMR222:Shan > self_administered_zone:MMR015S002:Kokang Self-Administered Zone > township:MMR015023:Konkyan > ward_village_tract:MMR015023701503:No (3) Ward,,Repeated create_mimu_placeholder for same normalized hierarchy path
repeated_create_same_normalized_path,_05_Ward:2189;_05_Ward:2183,ward_village_tract,No (1) Ward,အမှတ် (၁) ရပ်ကွက်,state_region:MMR222:Shan > district:MMR016D002:Monghsat > township:MMR016008:Mongton > ward_village_tract:MMR016008702501:No (1) Ward,,Repeated create_mimu_placeholder for same normalized hierarchy path
repeated_create_same_normalized_path,_05_Ward:2190;_05_Ward:2184,ward_village_tract,No (2) Ward,အမှတ် (၂) ရပ်ကွက်,state_region:MMR222:Shan > district:MMR016D002:Monghsat > township:MMR016008:Mongton > ward_village_tract:MMR016008702502:No (2) Ward,,Repeated create_mimu_placeholder for same normalized hierarchy path
repeated_create_same_normalized_path,_05_Ward:2191;_05_Ward:2185,ward_village_tract,No (3) Ward,အမှတ် (၃) ရပ်ကွက်,state_region:MMR222:Shan > district:MMR016D002:Monghsat > township:MMR016008:Mongton > ward_village_tract:MMR016008702503:No (3) Ward,,Repeated create_mimu_placeholder for same normalized hierarchy path
repeated_create_same_normalized_path,_05_Ward:2217;_05_Ward:2231,ward_village_tract,No (1) Ward,အမှတ် (၁) ရပ်ကွက်,state_region:MMR222:Shan > district:MMR016D003:Tachileik > township:MMR016009:Tachileik > ward_village_tract:MMR016009702501:No (1) Ward,,Repeated create_mimu_placeholder for same normalized hierarchy path
repeated_create_same_normalized_path,_05_Ward:2218;_05_Ward:2232,ward_village_tract,No (2) Ward,အမှတ် (၂) ရပ်ကွက်,state_region:MMR222:Shan > district:MMR016D003:Tachileik > township:MMR016009:Tachileik > ward_village_tract:MMR016009702502:No (2) Ward,,Repeated create_mimu_placeholder for same normalized hierarchy path
repeated_create_same_normalized_path,_05_Ward:2219;_05_Ward:2233,ward_village_tract,No (3) Ward,အမှတ် (၃) ရပ်ကွက်,state_region:MMR222:Shan > district:MMR016D003:Tachileik > township:MMR016009:Tachileik > ward_village_tract:MMR016009702503:No (3) Ward,,Repeated create_mimu_placeholder for same normalized hierarchy path
repeated_create_same_normalized_path,_05_Ward:229;_05_Ward:244;_05_Ward:225;_05_Ward:222,ward_village_tract,No (1) Ward,အမှတ် (၁) ရပ်ကွက်,state_region:MMR017:Ayeyarwady > district:MMR017D001:Pathein > township:MMR017001:Pathein > ward_village_tract:MMR017001701501:No (1) Ward,,Repeated create_mimu_placeholder for same normalized hierarchy path
repeated_create_same_normalized_path,_05_Ward:236;_05_Ward:245;_05_Ward:226;_05_Ward:223,ward_village_tract,No (2) Ward,အမှတ် (၂) ရပ်ကွက်,state_region:MMR017:Ayeyarwady > district:MMR017D001:Pathein > township:MMR017001:Pathein > ward_village_tract:MMR017001701502:No (2) Ward,,Repeated create_mimu_placeholder for same normalized hierarchy path
repeated_create_same_normalized_path,_05_Ward:237;_05_Ward:246;_05_Ward:227;_05_Ward:224,ward_village_tract,No (3) Ward,အမှတ် (၃) ရပ်ကွက်,state_region:MMR017:Ayeyarwady > district:MMR017D001:Pathein > township:MMR017001:Pathein > ward_village_tract:MMR017001701503:No (3) Ward,,Repeated create_mimu_placeholder for same normalized hierarchy path
repeated_create_same_normalized_path,_05_Ward:238;_05_Ward:228,ward_village_tract,No (4) Ward,အမှတ် (၄) ရပ်ကွက်,state_region:MMR017:Ayeyarwady > district:MMR017D001:Pathein > township:MMR017001:Pathein > ward_village_tract:MMR017001701504:No (4) Ward,,Repeated create_mimu_placeholder for same normalized hierarchy path
repeated_create_same_normalized_path,_05_Ward:206;_05_Ward:199,ward_village_tract,No (1) Ward,အမှတ် (၁) ရပ်ကွက်,state_region:MMR017:Ayeyarwady > district:MMR017D001:Pathein > township:MMR017004:Ngapudaw > ward_village_tract:MMR017004702501:No (1) Ward,,Repeated create_mimu_placeholder for same normalized hierarchy path
repeated_create_same_normalized_path,_05_Ward:207;_05_Ward:200,ward_village_tract,No (2) Ward,အမှတ် (၂) ရပ်ကွက်,state_region:MMR017:Ayeyarwady > district:MMR017D001:Pathein > township:MMR017004:Ngapudaw > ward_village_tract:MMR017004702502:No (2) Ward,,Repeated create_mimu_placeholder for same normalized hierarchy path
repeated_create_same_normalized_path,_06-VillageTract:1835;_06-VillageTract:1836,ward_village_tract,Hpa Yar Kone,ဘုရားကုန်း,state_region:MMR017:Ayeyarwady > district:MMR017D001:Pathein > township:MMR017006:Yegyi > ward_village_tract:MMR017006020:Hpa Yar Kone,,Repeated create_mimu_placeholder for same normalized hierarchy path
repeated_create_same_normalized_path,_06-VillageTract:1879;_06-VillageTract:1880,ward_village_tract,Nyaung Pin Thar,ညောင်ပင်သာ,state_region:MMR017:Ayeyarwady > district:MMR017D001:Pathein > township:MMR017006:Yegyi > ward_village_tract:MMR017006032:Nyaung Pin Thar,,Repeated create_mimu_placeholder for same normalized hierarchy path
repeated_create_same_normalized_path,_05_Ward:305;_05_Ward:297,ward_village_tract,Myo Ma Ward,မြို့မရပ်ကွက်,state_region:MMR017:Ayeyarwady > district:MMR017D001:Pathein > township:MMR017006:Yegyi > ward_village_tract:MMR017006701505:Myo Ma Ward,,Repeated create_mimu_placeholder for same normalized hierarchy path
repeated_create_same_normalized_path,_05_Ward:70;_05_Ward:43,ward_village_tract,No (1) Ward,အမှတ် (၁) ရပ်ကွက်,state_region:MMR017:Ayeyarwady > district:MMR017D002:Hinthada > township:MMR017008:Hinthada > ward_village_tract:MMR017008702501:No (1) Ward,,Repeated create_mimu_placeholder for same normalized hierarchy path
repeated_create_same_normalized_path,_05_Ward:71;_05_Ward:44,ward_village_tract,No (2) Ward,အမှတ် (၂) ရပ်ကွက်,state_region:MMR017:Ayeyarwady > district:MMR017D002:Hinthada > township:MMR017008:Hinthada > ward_village_tract:MMR017008702502:No (2) Ward,,Repeated create_mimu_placeholder for same normalized hierarchy path
repeated_create_same_normalized_path,_05_Ward:72;_05_Ward:45,ward_village_tract,No (3) Ward,အမှတ် (၃) ရပ်ကွက်,state_region:MMR017:Ayeyarwady > district:MMR017D002:Hinthada > township:MMR017008:Hinthada > ward_village_tract:MMR017008702503:No (3) Ward,,Repeated create_mimu_placeholder for same normalized hierarchy path
repeated_create_same_normalized_path,_05_Ward:73;_05_Ward:46,ward_village_tract,No (4) Ward,အမှတ် (၄) ရပ်ကွက်,state_region:MMR017:Ayeyarwady > district:MMR017D002:Hinthada > township:MMR017008:Hinthada > ward_village_tract:MMR017008702504:No (4) Ward,,Repeated create_mimu_placeholder for same normalized hierarchy path
repeated_create_same_normalized_path,_05_Ward:74;_05_Ward:47,ward_village_tract,No (5) Ward,အမှတ် (၅) ရပ်ကွက်,state_region:MMR017:Ayeyarwady > district:MMR017D002:Hinthada > township:MMR017008:Hinthada > ward_village_tract:MMR017008702505:No (5) Ward,,Repeated create_mimu_placeholder for same normalized hierarchy path
repeated_create_same_normalized_path,_05_Ward:177;_05_Ward:168,ward_village_tract,No (1) Ward,အမှတ် (၁) ရပ်ကွက်,state_region:MMR017:Ayeyarwady > district:MMR017D002:Hinthada > township:MMR017011:Myanaung > ward_village_tract:MMR017011701501:No (1) Ward,,Repeated create_mimu_placeholder for same normalized hierarchy path
repeated_create_same_normalized_path,_05_Ward:178;_05_Ward:169,ward_village_tract,No (2) Ward,အမှတ် (၂) ရပ်ကွက်,state_region:MMR017:Ayeyarwady > district:MMR017D002:Hinthada > township:MMR017011:Myanaung > ward_village_tract:MMR017011701502:No (2) Ward,,Repeated create_mimu_placeholder for same normalized hierarchy path
repeated_create_same_normalized_path,_05_Ward:179;_05_Ward:170,ward_village_tract,No (3) Ward,အမှတ် (၃) ရပ်ကွက်,state_region:MMR017:Ayeyarwady > district:MMR017D002:Hinthada > township:MMR017011:Myanaung > ward_village_tract:MMR017011701503:No (3) Ward,,Repeated create_mimu_placeholder for same normalized hierarchy path
repeated_create_same_normalized_path,_05_Ward:180;_05_Ward:171,ward_village_tract,No (4) Ward,အမှတ် (၄) ရပ်ကွက်,state_region:MMR017:Ayeyarwady > district:MMR017D002:Hinthada > township:MMR017011:Myanaung > ward_village_tract:MMR017011701504:No (4) Ward,,Repeated create_mimu_placeholder for same normalized hierarchy path
repeated_create_same_normalized_path,_05_Ward:80;_05_Ward:75;_05_Ward:83,ward_village_tract,No (1) Ward,(၁) ရပ်ကွက်,state_region:MMR017:Ayeyarwady > district:MMR017D002:Hinthada > township:MMR017013:Ingapu > ward_village_tract:MMR017013701501:No (1) Ward,,Repeated create_mimu_placeholder for same normalized hierarchy path
repeated_create_same_normalized_path,_05_Ward:81;_05_Ward:76;_05_Ward:84,ward_village_tract,No (2) Ward,(၂) ရပ်ကွက်,state_region:MMR017:Ayeyarwady > district:MMR017D002:Hinthada > township:MMR017013:Ingapu > ward_village_tract:MMR017013701502:No (2) Ward,,Repeated create_mimu_placeholder for same normalized hierarchy path
repeated_create_same_normalized_path,_05_Ward:82;_05_Ward:77;_05_Ward:85,ward_village_tract,No (3) Ward,(၃) ရပ်ကွက်,state_region:MMR017:Ayeyarwady > district:MMR017D002:Hinthada > township:MMR017013:Ingapu > ward_village_tract:MMR017013701503:No (3) Ward,,Repeated create_mimu_placeholder for same normalized hierarchy path
repeated_create_same_normalized_path,_05_Ward:78;_05_Ward:86,ward_village_tract,No (4) Ward,အမှတ် (၄) ရပ်ကွက်,state_region:MMR017:Ayeyarwady > district:MMR017D002:Hinthada > township:MMR017013:Ingapu > ward_village_tract:MMR017013702504:No (4) Ward,,Repeated create_mimu_placeholder for same normalized hierarchy path
repeated_create_same_normalized_path,_05_Ward:125;_05_Ward:135;_05_Ward:121,ward_village_tract,No (1) Ward,အမှတ် (၁) ရပ်ကွက်,state_region:MMR017:Ayeyarwady > district:MMR017D004:Labutta > township:MMR017016:Labutta > ward_village_tract:MMR017016701501:No (1) Ward,,Repeated create_mimu_placeholder for same normalized hierarchy path
repeated_create_same_normalized_path,_05_Ward:127;_05_Ward:136;_05_Ward:122,ward_village_tract,No (2) Ward,အမှတ် (၂) ရပ်ကွက်,state_region:MMR017:Ayeyarwady > district:MMR017D004:Labutta > township:MMR017016:Labutta > ward_village_tract:MMR017016701502:No (2) Ward,,Repeated create_mimu_placeholder for same normalized hierarchy path
repeated_create_same_normalized_path,_05_Ward:128;_05_Ward:137;_05_Ward:123,ward_village_tract,No (3) Ward,အမှတ် (၃) ရပ်ကွက်,state_region:MMR017:Ayeyarwady > district:MMR017D004:Labutta > township:MMR017016:Labutta > ward_village_tract:MMR017016701503:No (3) Ward,,Repeated create_mimu_placeholder for same normalized hierarchy path
repeated_create_same_normalized_path,_05_Ward:129;_05_Ward:124,ward_village_tract,No (4) Ward,အမှတ် (၄) ရပ်ကွက်,state_region:MMR017:Ayeyarwady > district:MMR017D004:Labutta > township:MMR017016:Labutta > ward_village_tract:MMR017016701504:No (4) Ward,,Repeated create_mimu_placeholder for same normalized hierarchy path
extra_core_same_parent_name,,ward_village_tract,Industrial Zone,,country:11:မြန်မာ > state_region:13:ရန်ကုန်တိုင်းဒေသကြီး > district:5170:ဒဂုံမြို့သစ်ခရိုင် > ward_village_tract:5094:Industrial Zone,5094;5105;5123;5136;5207;5215,"Unmatched CoreMap rows share level, parent and normalized name"
extra_core_same_parent_name,,ward_village_tract,တောင်ဘက်ပိုင်းရပ်ကွက်,,country:11:မြန်မာ > state_region:13:ရန်ကုန်တိုင်းဒေသကြီး > district:5134:တွံတေးခရိုင် > township:5112:ကွမ်းခြံကုန်းမြို့နယ် > ward_village_tract:5113:တောင်ဘက်ပိုင်းရပ်ကွက်,5113;5119,"Unmatched CoreMap rows share level, parent and normalized name"
extra_core_same_parent_name,,ward_village_tract,သုခသိဒ္ဓိရပ်ကွက်,,country:11:မြန်မာ > state_region:6031:နေပြည်တော် ပြည်ထောင်စုနယ်မြေ > district:6037:ပျဉ်းမနားခရိုင် > township:6029:ဇမ္ဗူသီရိမြို့နယ် > ward_village_tract:5117:သုခသိဒ္ဓိရပ်ကွက်,5117;6054,"Unmatched CoreMap rows share level, parent and normalized name"
extra_core_same_parent_name,,ward_village_tract,အမှတ် (၁၀၆) ရပ်ကွက်,,country:11:မြန်မာ > state_region:13:ရန်ကုန်တိုင်းဒေသကြီး > district:5170:ဒဂုံမြို့သစ်ခရိုင် > township:5231:ဒဂုံမြို့သစ်တောင်ပိုင်း > ward_village_tract:5182:အမှတ် (၁၀၆) ရပ်ကွက်,5182;5183,"Unmatched CoreMap rows share level, parent and normalized name"
extra_core_same_parent_name,,ward_village_tract,အမှတ် (၁၀၅) ရပ်ကွက်,,country:11:မြန်မာ > state_region:13:ရန်ကုန်တိုင်းဒေသကြီး > district:5170:ဒဂုံမြို့သစ်ခရိုင် > township:5231:ဒဂုံမြို့သစ်တောင်ပိုင်း > ward_village_tract:5185:အမှတ် (၁၀၅) ရပ်ကွက်,5185;5186,"Unmatched CoreMap rows share level, parent and normalized name"
extra_core_same_parent_name,,ward_village_tract,ဂန့်ဂေါ်ဝိုင်းရပ်ကွက်,,country:11:မြန်မာ > state_region:7169:ပဲခူးတိုင်းဒေသကြီး > district:5923:ပဲခူးခရိုင် > township:5920:ရွှေကျင်မြို့နယ် > ward_village_tract:5891:ဂန့်ဂေါ်ဝိုင်းရပ်ကွက်,5891;5897,"Unmatched CoreMap rows share level, parent and normalized name"
extra_core_same_parent_name,,ward_village_tract,ဓနသိဒ္ဓိရပ်ကွက်,,country:11:မြန်မာ > state_region:6031:နေပြည်တော် ပြည်ထောင်စုနယ်မြေ > district:6037:ပျဉ်းမနားခရိုင် > township:6029:ဇမ္ဗူသီရိမြို့နယ် > ward_village_tract:6011:ဓနသိဒ္ဓိရပ်ကွက်,6011;6024,"Unmatched CoreMap rows share level, parent and normalized name"
extra_core_same_parent_name,,ward_village_tract,ဉာဏသိဒ္ဓိရပ်ကွက်,,country:11:မြန်မာ > state_region:6031:နေပြည်တော် ပြည်ထောင်စုနယ်မြေ > district:6037:ပျဉ်းမနားခရိုင် > township:6029:ဇမ္ဗူသီရိမြို့နယ် > ward_village_tract:6012:ဉာဏသိဒ္ဓိရပ်ကွက်,6012;6022,"Unmatched CoreMap rows share level, parent and normalized name"
extra_core_same_parent_name,,ward_village_tract,ဗလသိဒ္ဓိရပ်ကွက်,,country:11:မြန်မာ > state_region:6031:နေပြည်တော် ပြည်ထောင်စုနယ်မြေ > district:6037:ပျဉ်းမနားခရိုင် > township:6029:ဇမ္ဗူသီရိမြို့နယ် > ward_village_tract:6023:ဗလသိဒ္ဓိရပ်ကွက်,6023;6025,"Unmatched CoreMap rows share level, parent and normalized name"
extra_core_same_parent_name,,ward_village_tract,ငွေတော်ကြည်ကုန်းရပ်ကွက်,,country:11:မြန်မာ > state_region:6832:မန္တလေးတိုင်း > district:6224:မဟာအောင်မြေ > township:6203:ပြည်ကြီးတံခွန် > ward_village_tract:6211:ငွေတော်ကြည်ကုန်းရပ်ကွက်,6211;6212,"Unmatched CoreMap rows share level, parent and normalized name"
extra_core_same_parent_name,,ward_village_tract,မဟာမြိုင်ရပ်ကွက်,,country:11:မြန်မာ > state_region:6703:စစ်ကိုင်းတိုင်းဒေသကြီး > district:6799:ကလေးခရိုင် > township:6766:တန့်ဆည်မြို့နယ် > ward_village_tract:6794:မဟာမြိုင်ရပ်ကွက်,6794;6797,"Unmatched CoreMap rows share level, parent and normalized name"
extra_core_same_parent_name,,ward_village_tract,ဧမြဝတီရပ်ကွက်,,country:11:မြန်မာ > state_region:6703:စစ်ကိုင်းတိုင်းဒေသကြီး > district:6861:စစ်ကိုင်းခရိုင် > township:6831:စစ်ကိုင်းမြို့နယ် > ward_village_tract:6849:ဧမြဝတီရပ်ကွက်,6849;6853,"Unmatched CoreMap rows share level, parent and normalized name"
extra_core_same_parent_name,,ward_village_tract,ဈေးရပ်ကွက်,,country:11:မြန်မာ > state_region:6832:မန္တလေးတိုင်း > district:6721:မြင်းခြံခရိုင် > township:6903:တောင်သာမြို့နယ် > ward_village_tract:6907:ဈေးရပ်ကွက်,6907;6908,"Unmatched CoreMap rows share level, parent and normalized name"
extra_core_same_parent_name,,ward_village_tract,မြို့မရပ်ကွက်,,country:11:မြန်မာ > state_region:7279:ဧ​ရာဝတီတိုင်း > district:7283:ကျုံပျော်ခရိုင် > township:7187:ရေကြည်မြို့နယ် > ward_village_tract:7262:မြို့မရပ်ကွက်,7262;7269,"Unmatched CoreMap rows share level, parent and normalized name"
