entity_type,duplicate_kind,source_pcode,region,name_en,name_my,ts_pcode,source_file,source_row,count_in_group,note
ward,repeated_source_pcode,MMR006009701508,Tanintharyi,Shwe Zin Yaw Ward,ရွှေဇင်ယော်ရပ်ကွက်,MMR006009,ward_boundary_countrywide_v94.zip:mmr_polbnda_adm5_mimu_v9_4.shp,1,2,Same MIMU audit PCode appears more than once
ward,repeated_source_pcode,MMR006009701508,Tanintharyi,Shwe Zin Yaw Ward,ရွှေဇင်ယော်ရပ်ကွက်,MMR006009,ward_boundary_countrywide_v94.zip:mmr_polbnda_adm5_mimu_v9_4.shp,108,2,Same MIMU audit PCode appears more than once
ward,repeated_source_pcode,MMR006009701502,Tanintharyi,Ah Nan War Ward,အဏ္ဏဝါရပ်ကွက်,MMR006009,ward_boundary_countrywide_v94.zip:mmr_polbnda_adm5_mimu_v9_4.shp,2,2,Same MIMU audit PCode appears more than once
ward,repeated_source_pcode,MMR006009701502,Tanintharyi,Ah Nan War Ward,အဏ္ဏဝါရပ်ကွက်,MMR006009,ward_boundary_countrywide_v94.zip:mmr_polbnda_adm5_mimu_v9_4.shp,103,2,Same MIMU audit PCode appears more than once
ward,repeated_source_pcode,MMR013042701510,Yangon,No (10) Ward-Chaw Twin Kone,အမှတ် (၁၀) ရပ်ကွက် (ချော်တွင်းကုန်း),MMR013042,ward_boundary_countrywide_v94.zip:mmr_polbnda_adm5_mimu_v9_4.shp,4,7,Same MIMU audit PCode appears more than once
ward,repeated_source_pcode,MMR013042701510,Yangon,No (10) Ward-Chaw Twin Kone,အမှတ် (၁၀) ရပ်ကွက် (ချော်တွင်းကုန်း),MMR013042,ward_boundary_countrywide_v94.zip:mmr_polbnda_adm5_mimu_v9_4.shp,5,7,Same MIMU audit PCode appears more than once
ward,repeated_source_pcode,MMR013042701510,Yangon,No (10) Ward-Chaw Twin Kone,အမှတ် (၁၀) ရပ်ကွက် (ချော်တွင်းကုန်း),MMR013042,ward_boundary_countrywide_v94.zip:mmr_polbnda_adm5_mimu_v9_4.shp,6,7,Same MIMU audit PCode appears more than once
ward,repeated_source_pcode,MMR013042701510,Yangon,No (10) Ward-Chaw Twin Kone,အမှတ် (၁၀) ရပ်ကွက် (ချော်တွင်းကုန်း),MMR013042,ward_boundary_countrywide_v94.zip:mmr_polbnda_adm5_mimu_v9_4.shp,7,7,Same MIMU audit PCode appears more than once
ward,repeated_source_pcode,MMR013042701510,Yangon,No (10) Ward-Chaw Twin Kone,အမှတ် (၁၀) ရပ်ကွက် (ချော်တွင်းကုန်း),MMR013042,ward_boundary_countrywide_v94.zip:mmr_polbnda_adm5_mimu_v9_4.shp,8,7,Same MIMU audit PCode appears more than once
ward,repeated_source_pcode,MMR013042701510,Yangon,No (10) Ward-Chaw Twin Kone,အမှတ် (၁၀) ရပ်ကွက် (ချော်တွင်းကုန်း),MMR013042,ward_boundary_countrywide_v94.zip:mmr_polbnda_adm5_mimu_v9_4.shp,9,7,Same MIMU audit PCode appears more than once
ward,repeated_source_pcode,MMR013042701510,Yangon,No (10) Ward-Chaw Twin Kone,အမှတ် (၁၀) ရပ်ကွက် (ချော်တွင်းကုန်း),MMR013042,ward_boundary_countrywide_v94.zip:mmr_polbnda_adm5_mimu_v9_4.shp,1282,7,Same MIMU audit PCode appears more than once
ward,repeated_source_pcode,MMR012009701504,Rakhine,Myo Ma (East) Ward,မြို့မအရှေ့ရပ်ကွက်,MMR012009,ward_boundary_countrywide_v94.zip:mmr_polbnda_adm5_mimu_v9_4.shp,18,2,Same MIMU audit PCode appears more than once
ward,repeated_source_pcode,MMR012009701504,Rakhine,Myo Ma (East) Ward,မြို့မအရှေ့ရပ်ကွက်,MMR012009,ward_boundary_countrywide_v94.zip:mmr_polbnda_adm5_mimu_v9_4.shp,19,2,Same MIMU audit PCode appears more than once
ward,repeated_source_pcode,MMR013012701511,Yangon,(Za Myin Zwe) Ward,ဈ-ရပ်ကွက်,MMR013012,ward_boundary_countrywide_v94.zip:mmr_polbnda_adm5_mimu_v9_4.shp,1059,2,Same MIMU audit PCode appears more than once
ward,repeated_source_pcode,MMR013012701511,Yangon,(Za Myin Zwe) Ward,ဈ-ရပ်ကွက်,MMR013012,ward_boundary_countrywide_v94.zip:mmr_polbnda_adm5_mimu_v9_4.shp,1061,2,Same MIMU audit PCode appears more than once
ward,repeated_source_pcode,MMR005011701503,Sagaing,Ma Har Myaing Ward,မဟာမြိုင်ရပ်ကွက်,MMR005011,ward_boundary_countrywide_v94.zip:mmr_polbnda_adm5_mimu_v9_4.shp,1589,2,Same MIMU audit PCode appears more than once
ward,repeated_source_pcode,MMR005011701503,Sagaing,Ma Har Myaing Ward,မဟာမြိုင်ရပ်ကွက်,MMR005011,ward_boundary_countrywide_v94.zip:mmr_polbnda_adm5_mimu_v9_4.shp,1611,2,Same MIMU audit PCode appears more than once
ward,repeated_source_pcode,MMR014005702507,Shan (South),No (3) Ward,အမှတ် (၃) ရပ်ကွက်,MMR014005,ward_boundary_countrywide_v94.zip:mmr_polbnda_adm5_mimu_v9_4.shp,1811,2,Same MIMU audit PCode appears more than once
ward,repeated_source_pcode,MMR014005702507,Shan (South),No (3) Ward,အမှတ် (၃) ရပ်ကွက်,MMR014005,ward_boundary_countrywide_v94.zip:mmr_polbnda_adm5_mimu_v9_4.shp,1996,2,Same MIMU audit PCode appears more than once
ward,repeated_source_pcode,MMR013029701504,Yangon,Taung Bet Paing Ward,တောင်ဘက်ပိုင်းရပ်ကွက်,MMR013029,ward_boundary_countrywide_v94.zip:mmr_polbnda_adm5_mimu_v9_4.shp,1840,2,Same MIMU audit PCode appears more than once
ward,repeated_source_pcode,MMR013029701504,Yangon,Taung Bet Paing Ward,တောင်ဘက်ပိုင်းရပ်ကွက်,MMR013029,ward_boundary_countrywide_v94.zip:mmr_polbnda_adm5_mimu_v9_4.shp,1841,2,Same MIMU audit PCode appears more than once
ward,repeated_source_pcode,MMR013038701519,Yangon,Aye Ywar Ba Loke Nyut Set Ka Kay Ward,အေးရွာဘလုတ်ညွန့်စက်ကလေးရပ်ကွက်,MMR013038,ward_boundary_countrywide_v94.zip:mmr_polbnda_adm5_mimu_v9_4.shp,1959,2,Same MIMU audit PCode appears more than once
ward,repeated_source_pcode,MMR013038701519,Yangon,Aye Ywar Ba Loke Nyut Set Ka Kay Ward,အေးရွာဘလုတ်ညွန့်စက်ကလေးရပ်ကွက်,MMR013038,ward_boundary_countrywide_v94.zip:mmr_polbnda_adm5_mimu_v9_4.shp,1965,2,Same MIMU audit PCode appears more than once
village_tract,repeated_source_pcode,MMR007008051,Bago (East),Me Ka Dee,မဲကဒီး,MMR007008,village_tract_boundary_Bago_v94.zip:mmr_bgo_polbnda_adm4_mimu_250k_1.shp,1081,2,Same MIMU audit PCode appears more than once
village_tract,repeated_source_pcode,MMR007008051,Bago (East),Me Ka Dee,မဲကဒီး,MMR007008,village_tract_boundary_Bago_v94.zip:mmr_bgo_polbnda_adm4_mimu_250k_1.shp,1086,2,Same MIMU audit PCode appears more than once
village,duplicate_coordinates,160134,Ayeyarwady,Htaw Paing,ထော်ပိုင်,MMR017024,village_point_Ayeyarwady_v96.zip:mmr_ady_pplp2_250k_mimu.shp,145,2,Same lon/lat under township MMR017024
village,duplicate_coordinates,216727,Ayeyarwady,Shwe Pyi Thar,ရွှေပြည်သာ,MMR017024,village_point_Ayeyarwady_v96.zip:mmr_ady_pplp2_250k_mimu.shp,150,2,Same lon/lat under township MMR017024
village,duplicate_coordinates,216731,Ayeyarwady,Kwin Thar Yar,ကွင်းသာယာ,MMR017024,village_point_Ayeyarwady_v96.zip:mmr_ady_pplp2_250k_mimu.shp,147,2,Same lon/lat under township MMR017024
village,duplicate_coordinates,216726,Ayeyarwady,Ku Lar Gyi Chaung,ကုလားကြီးချောင်း,MMR017024,village_point_Ayeyarwady_v96.zip:mmr_ady_pplp2_250k_mimu.shp,438,2,Same lon/lat under township MMR017024
village,duplicate_coordinates,161442,Ayeyarwady,Kwin Chaung,ကွင်းချောင်း,MMR017023,village_point_Ayeyarwady_v96.zip:mmr_ady_pplp2_250k_mimu.shp,8984,2,Same lon/lat under township MMR017023
village,duplicate_coordinates,217830,Ayeyarwady,Tat Kho Kwin Chaung,တပ်ခိုကွင်းချောင်း,MMR017023,village_point_Ayeyarwady_v96.zip:mmr_ady_pplp2_250k_mimu.shp,8996,2,Same lon/lat under township MMR017023
village,duplicate_coordinates,221887,Kayah,Oh Kay Htu,အိုကေထူး,MMR002002,village_point_Kayah_v96.zip:mmr_kyh_pplp2_250k_mimu.shp,107,2,Same lon/lat under township MMR002002
village,duplicate_coordinates,221377,Kayah,Oh Kay Htu,အိုကေထူး,MMR002002,village_point_Kayah_v96.zip:mmr_kyh_pplp2_250k_mimu.shp,132,2,Same lon/lat under township MMR002002
village,duplicate_coordinates,176725,Sagaing,Lanlaila,လှန်လှိုင်လှ,MMR005035,village_point_Sagaing_v96.zip:mmr_sag_pplp2_250k_mimu.shp,2574,2,Same lon/lat under township MMR005035
village,duplicate_coordinates,176719,Sagaing,Wanbe,ဝမ်းဘဲ,MMR005035,village_point_Sagaing_v96.zip:mmr_sag_pplp2_250k_mimu.shp,2606,2,Same lon/lat under township MMR005035
village,duplicate_coordinates,208060,Shan (North),Mant Mai,မန့်မိုင်,MMR015009,village_point_Shan_v96.zip:mmr_shn_pplp2_250k_unodc_mimu.shp,4631,2,Same lon/lat under township MMR015009
village,duplicate_coordinates,208062,Shan (North),Nam Len Hkan,နမ့်လင်ခန်,MMR015009,village_point_Shan_v96.zip:mmr_shn_pplp2_250k_unodc_mimu.shp,4632,2,Same lon/lat under township MMR015009
village,duplicate_identity,212166,Shan (East),Nawng Hei,နောင်ဟယ်,MMR016001,village_point_Shan_v96.zip:mmr_shn_pplp2_250k_unodc_mimu.shp,57,2,Same name + township + village-tract context
village,duplicate_identity,212179,Shan (East),Nawng Hei,နောင်ဟယ်,MMR016001,village_point_Shan_v96.zip:mmr_shn_pplp2_250k_unodc_mimu.shp,58,2,Same name + township + village-tract context
village,duplicate_identity,209479,Shan (North),Pang Hai,ပန်ဟိုင်း,MMR015012,village_point_Shan_v96.zip:mmr_shn_pplp2_250k_unodc_mimu.shp,3522,2,Same name + township + village-tract context
village,duplicate_identity,209483,Shan (North),Pang Hai,ပန်ဟိုင်း,MMR015012,village_point_Shan_v96.zip:mmr_shn_pplp2_250k_unodc_mimu.shp,3523,2,Same name + township + village-tract context
