source_entity_type,source_pcode,source_name_en,source_name_my,source_region,source_ts_pcode,source_ts_name,source_st_name,source_parent_path,source_file,source_row,approved_township_id,matched_coremap_id,matched_public_id,matched_canonical_name,matched_type,matched_parent_id,action,confidence,preserve_existing_geom,name_evidence,spatial_evidence,candidate_coremap_ids,manual_review_reason,review_notes
ward,MMR009001701515,Aung Myit Tar Ward,အောင်မေတ္တာရပ်ကွက်,Magway,MMR009001,Magway,Magway,Magway > Magway > Magway > Magway Town,ward_boundary_countrywide_v94.zip:mmr_polbnda_adm5_mimu_v9_4.shp,81,7072,,,,,,manual_review,45,true,no_exact_name,7015:overlap=0.000;dist_m=2002.4,7015,Spatial-only candidate blocked (do not merge by geometry alone),
ward,MMR009001701516,Aung Say Ta Nar Ward,အောင်စေတနာရပ်ကွက်,Magway,MMR009001,Magway,Magway,Magway > Magway > Magway > Magway Town,ward_boundary_countrywide_v94.zip:mmr_polbnda_adm5_mimu_v9_4.shp,82,7072,,,,,,manual_review,45,true,no_exact_name,7015:overlap=0.000;dist_m=2179.7,7015,Spatial-only candidate blocked (do not merge by geometry alone),
ward,MMR009001701514,Aung Min Ga Lar Ward,အောင်မင်္ဂလာရပ်ကွက်,Magway,MMR009001,Magway,Magway,Magway > Magway > Magway > Magway Town,ward_boundary_countrywide_v94.zip:mmr_polbnda_adm5_mimu_v9_4.shp,86,7072,,,,,,manual_review,45,true,no_exact_name,7010:overlap=0.000;dist_m=2419.8,7010,Spatial-only candidate blocked (do not merge by geometry alone),
ward,MMR009001701512,Aung Ya Ta Nar Ward,အောင်ရတနာရပ်ကွက်,Magway,MMR009001,Magway,Magway,Magway > Magway > Magway > Magway Town,ward_boundary_countrywide_v94.zip:mmr_polbnda_adm5_mimu_v9_4.shp,89,7072,,,,,,manual_review,45,true,no_exact_name,7013:overlap=0.001;dist_m=1860.6,7013,Spatial-only candidate blocked (do not merge by geometry alone),
ward,MMR017020701503,Ah Nauk Paing Ward,အနောက်ပိုင်းရပ်ကွက်,Ayeyarwady,MMR017020,Pantanaw,Ayeyarwady,Ayeyarwady > Maubin > Pantanaw > Pantanaw Town,ward_boundary_countrywide_v94.zip:mmr_polbnda_adm5_mimu_v9_4.shp,369,7332,,,,,,manual_review,45,true,no_exact_name,7331:overlap=0.000;dist_m=696.2,7331,Spatial-only candidate blocked (do not merge by geometry alone),
ward,MMR017020701502,Ah Lel Paing Ward,အလယ်ပိုင်းရပ်ကွက်,Ayeyarwady,MMR017020,Pantanaw,Ayeyarwady,Ayeyarwady > Maubin > Pantanaw > Pantanaw Town,ward_boundary_countrywide_v94.zip:mmr_polbnda_adm5_mimu_v9_4.shp,370,7332,,,,,,manual_review,45,true,no_exact_name,7331:overlap=0.000;dist_m=806.6,7331,Spatial-only candidate blocked (do not merge by geometry alone),
ward,MMR017020701501,Ah Shey Paing Ward,အရှေ့ပိုင်းရပ်ကွက်,Ayeyarwady,MMR017020,Pantanaw,Ayeyarwady,Ayeyarwady > Maubin > Pantanaw > Pantanaw Town,ward_boundary_countrywide_v94.zip:mmr_polbnda_adm5_mimu_v9_4.shp,371,7332,,,,,,manual_review,45,true,no_exact_name,7331:overlap=0.000;dist_m=1691.3,7331,Spatial-only candidate blocked (do not merge by geometry alone),
ward,MMR005001701502,Aye Mya Wa Di Ward,ဧမြဝတီရပ်ကွက်,Sagaing,MMR005001,Sagaing,Sagaing,Sagaing > Sagaing > Sagaing > Sagaing Town,ward_boundary_countrywide_v94.zip:mmr_polbnda_adm5_mimu_v9_4.shp,434,6831,,,,,,merge_duplicate_candidate,55,true,exact_my+en,6849:overlap=1.000;dist_m=0.0|6853:overlap=1.000;dist_m=0.0,6849;6853,Multiple CoreMap WVT rows share exact normalized name under township,
ward,MMR011001701526,Naung Kha Ri Ward,နောင်ခရီရပ်ကွက်,Mon,MMR011001,Mawlamyine,Mon,Mon > Mawlamyine > Mawlamyine > Mawlamyine Town,ward_boundary_countrywide_v94.zip:mmr_polbnda_adm5_mimu_v9_4.shp,506,5070,,,,,,manual_review,45,true,no_exact_name,5087:overlap=0.000;dist_m=2077.9,5087,Spatial-only candidate blocked (do not merge by geometry alone),
ward,MMR013002701514,Kyan Khin Su Ward,ကြံခင်းစုရပ်ကွက်,Yangon,MMR013002,Mingaladon,Yangon,Yangon > Yangon (North) > Mingaladon > Mingaladon,ward_boundary_countrywide_v94.zip:mmr_polbnda_adm5_mimu_v9_4.shp,1043,5801,,,,,,manual_review,45,true,no_exact_name,5783:overlap=0.000;dist_m=1394.6,5783,Spatial-only candidate blocked (do not merge by geometry alone),
ward,MMR013018701526,No (106) Ward,အမှတ် (၁၀၆) ရပ်ကွက်,Yangon,MMR013018,Dagon Myothit (South),Yangon,Yangon > Yangon (East) > Dagon Myothit (South) > Dagon Myothit (South) Town,ward_boundary_countrywide_v94.zip:mmr_polbnda_adm5_mimu_v9_4.shp,1133,5231,,,,,,merge_duplicate_candidate,55,true,exact_my+en,5182:overlap=1.000;dist_m=0.0|5183:overlap=1.000;dist_m=0.0,5182;5183,Multiple CoreMap WVT rows share exact normalized name under township,
ward,MMR013018701525,No (105) Ward,အမှတ် (၁၀၅) ရပ်ကွက်,Yangon,MMR013018,Dagon Myothit (South),Yangon,Yangon > Yangon (East) > Dagon Myothit (South) > Dagon Myothit (South) Town,ward_boundary_countrywide_v94.zip:mmr_polbnda_adm5_mimu_v9_4.shp,1134,5231,,,,,,merge_duplicate_candidate,55,true,exact_my+en,5185:overlap=1.000;dist_m=0.0|5186:overlap=1.000;dist_m=0.0,5185;5186,Multiple CoreMap WVT rows share exact normalized name under township,
ward,MMR013021701532,No (149) Ward,အမှတ် (၁၄၉) ရပ်ကွက်,Yangon,MMR013021,Dagon Myothit (Seikkan),Yangon,Yangon > Yangon (East) > Dagon Myothit (Seikkan) > Dagon Myothit (Seikkan),ward_boundary_countrywide_v94.zip:mmr_polbnda_adm5_mimu_v9_4.shp,1213,5213,,,,,,manual_review,45,true,no_exact_name,5187:overlap=0.000;dist_m=2277.9,5187,Spatial-only candidate blocked (do not merge by geometry alone),
ward,MMR013021701534,No (151) Ward,အမှတ် (၁၅၁) ရပ်ကွက်,Yangon,MMR013021,Dagon Myothit (Seikkan),Yangon,Yangon > Yangon (East) > Dagon Myothit (Seikkan) > Dagon Myothit (Seikkan),ward_boundary_countrywide_v94.zip:mmr_polbnda_adm5_mimu_v9_4.shp,1227,5213,,,,,,manual_review,45,true,no_exact_name,5187:overlap=0.000;dist_m=2210.3,5187,Spatial-only candidate blocked (do not merge by geometry alone),
ward,MMR007008701505,Gant Gaw Waing Ward,ဂန့်ဂေါ်ဝိုင်းရပ်ကွက်,Bago (East),MMR007008,Shwegyin,Bago (East),Bago (East) > Bago > Shwegyin > Shwegyin Town,ward_boundary_countrywide_v94.zip:mmr_polbnda_adm5_mimu_v9_4.shp,1421,5920,,,,,,merge_duplicate_candidate,55,true,exact_my+en,5891:overlap=1.000;dist_m=0.0|5897:overlap=1.000;dist_m=0.0,5891;5897,Multiple CoreMap WVT rows share exact normalized name under township,
ward,MMR010018701504,Zay Ward,ဈေးရပ်ကွက်,Mandalay,MMR010018,Taungtha,Mandalay,Mandalay > Myingyan > Taungtha > Taungtha Town,ward_boundary_countrywide_v94.zip:mmr_polbnda_adm5_mimu_v9_4.shp,1546,6903,,,,,,merge_duplicate_candidate,55,true,exact_my+en,6907:overlap=1.000;dist_m=0.0|6908:overlap=1.000;dist_m=0.0,6907;6908,Multiple CoreMap WVT rows share exact normalized name under township,
ward,MMR018002701510,Dha Na Theik Di Ward,ဓနသိဒ္ဓိရပ်ကွက်,Nay Pyi Taw,MMR018002,Za Bu Thi Ri,Nay Pyi Taw,Nay Pyi Taw > Det Khi Na > Za Bu Thi Ri > Za Bu Thi Ri Town,ward_boundary_countrywide_v94.zip:mmr_polbnda_adm5_mimu_v9_4.shp,1565,6029,,,,,,merge_duplicate_candidate,55,true,exact_my+en,6011:overlap=0.010;dist_m=1201.9|6024:overlap=1.000;dist_m=46.0,6011;6024,Multiple CoreMap WVT rows share exact normalized name under township,
ward,MMR018002701508,Nyar Na Theik Di Ward,ဉာဏသိဒ္ဓိရပ်ကွက်,Nay Pyi Taw,MMR018002,Za Bu Thi Ri,Nay Pyi Taw,Nay Pyi Taw > Det Khi Na > Za Bu Thi Ri > Za Bu Thi Ri Town,ward_boundary_countrywide_v94.zip:mmr_polbnda_adm5_mimu_v9_4.shp,1572,6029,,,,,,merge_duplicate_candidate,55,true,exact_my+en,6012:overlap=0.643;dist_m=1535.3|6022:overlap=1.000;dist_m=0.0,6012;6022,Multiple CoreMap WVT rows share exact normalized name under township,
ward,MMR018002701509,Ba La Theik Di Ward,ဗလသိဒ္ဓိရပ်ကွက်,Nay Pyi Taw,MMR018002,Za Bu Thi Ri,Nay Pyi Taw,Nay Pyi Taw > Det Khi Na > Za Bu Thi Ri > Za Bu Thi Ri Town,ward_boundary_countrywide_v94.zip:mmr_polbnda_adm5_mimu_v9_4.shp,1574,6029,,,,,,merge_duplicate_candidate,55,true,exact_my+en,6023:overlap=1.000;dist_m=0.0|6025:overlap=0.358;dist_m=666.4,6023;6025,Multiple CoreMap WVT rows share exact normalized name under township,
ward,MMR018002701507,Thu Kha Theik Di Ward,သုခသိဒ္ဓိရပ်ကွက်,Nay Pyi Taw,MMR018002,Za Bu Thi Ri,Nay Pyi Taw,Nay Pyi Taw > Det Khi Na > Za Bu Thi Ri > Za Bu Thi Ri Town,ward_boundary_countrywide_v94.zip:mmr_polbnda_adm5_mimu_v9_4.shp,1575,6029,,,,,,merge_duplicate_candidate,55,true,exact_my+en,5117:overlap=0.011;dist_m=1614.2|6054:overlap=1.000;dist_m=0.9,5117;6054,Multiple CoreMap WVT rows share exact normalized name under township,
ward,MMR018007701506,No (6) Ward,အမှတ် (၆) ရပ်ကွက်,Nay Pyi Taw,MMR018007,Lewe,Nay Pyi Taw,Nay Pyi Taw > Det Khi Na > Lewe > Lewe Town,ward_boundary_countrywide_v94.zip:mmr_polbnda_adm5_mimu_v9_4.shp,1576,5990,,,,,,manual_review,45,true,no_exact_name,5989:overlap=0.000;dist_m=1601.7,5989,Spatial-only candidate blocked (do not merge by geometry alone),
ward,MMR005011701503,Ma Har Myaing Ward,မဟာမြိုင်ရပ်ကွက်,Sagaing,MMR005011,Taze,Sagaing,Sagaing > Shwebo > Taze > Taze Town,ward_boundary_countrywide_v94.zip:mmr_polbnda_adm5_mimu_v9_4.shp,1589,6766,,,,,,merge_duplicate_candidate,55,true,exact_my+en,6794:overlap=0.000;dist_m=694.9|6797:overlap=1.000;dist_m=0.0,6794;6797,Multiple CoreMap WVT rows share exact normalized name under township,
ward,MMR005011701503,Ma Har Myaing Ward,မဟာမြိုင်ရပ်ကွက်,Sagaing,MMR005011,Taze,Sagaing,Sagaing > Shwebo > Taze > Taze Town,ward_boundary_countrywide_v94.zip:mmr_polbnda_adm5_mimu_v9_4.shp,1611,6766,,,,,,merge_duplicate_candidate,55,true,exact_my+en,6794:overlap=1.000;dist_m=0.0|6797:overlap=0.000;dist_m=694.9,6794;6797,Multiple CoreMap WVT rows share exact normalized name under township,
ward,MMR018007701504,No (4) Ward,အမှတ် (၄) ရပ်ကွက်,Nay Pyi Taw,MMR018007,Lewe,Nay Pyi Taw,Nay Pyi Taw > Det Khi Na > Lewe > Lewe Town,ward_boundary_countrywide_v94.zip:mmr_polbnda_adm5_mimu_v9_4.shp,1672,5990,,,,,,manual_review,45,true,no_exact_name,5989:overlap=0.000;dist_m=2417.8,5989,Spatial-only candidate blocked (do not merge by geometry alone),
ward,MMR018007701505,No (5) Ward,အမှတ် (၅) ရပ်ကွက်,Nay Pyi Taw,MMR018007,Lewe,Nay Pyi Taw,Nay Pyi Taw > Det Khi Na > Lewe > Lewe Town,ward_boundary_countrywide_v94.zip:mmr_polbnda_adm5_mimu_v9_4.shp,1674,5990,,,,,,manual_review,45,true,no_exact_name,5989:overlap=0.000;dist_m=2385.6,5989,Spatial-only candidate blocked (do not merge by geometry alone),
ward,MMR018007701502,No (2) Ward,အမှတ် (၂) ရပ်ကွက်,Nay Pyi Taw,MMR018007,Lewe,Nay Pyi Taw,Nay Pyi Taw > Det Khi Na > Lewe > Lewe Town,ward_boundary_countrywide_v94.zip:mmr_polbnda_adm5_mimu_v9_4.shp,1675,5990,,,,,,manual_review,45,true,no_exact_name,5989:overlap=0.000;dist_m=2498.4,5989,Spatial-only candidate blocked (do not merge by geometry alone),
ward,MMR018007701503,No (3) Ward,အမှတ် (၃) ရပ်ကွက်,Nay Pyi Taw,MMR018007,Lewe,Nay Pyi Taw,Nay Pyi Taw > Det Khi Na > Lewe > Lewe Town,ward_boundary_countrywide_v94.zip:mmr_polbnda_adm5_mimu_v9_4.shp,1676,5990,,,,,,manual_review,45,true,no_exact_name,5989:overlap=0.000;dist_m=1624.4,5989,Spatial-only candidate blocked (do not merge by geometry alone),
ward,MMR013029701504,Taung Bet Paing Ward,တောင်ဘက်ပိုင်းရပ်ကွက်,Yangon,MMR013029,Kungyangon,Yangon,Yangon > Yangon (South) > Kungyangon > Kungyangon Town,ward_boundary_countrywide_v94.zip:mmr_polbnda_adm5_mimu_v9_4.shp,1840,5112,,,,,,merge_duplicate_candidate,55,true,exact_my+en,5113:overlap=0.000;dist_m=1085.8|5119:overlap=1.000;dist_m=0.0,5113;5119,Multiple CoreMap WVT rows share exact normalized name under township,
ward,MMR013029701504,Taung Bet Paing Ward,တောင်ဘက်ပိုင်းရပ်ကွက်,Yangon,MMR013029,Kungyangon,Yangon,Yangon > Yangon (South) > Kungyangon > Kungyangon Town,ward_boundary_countrywide_v94.zip:mmr_polbnda_adm5_mimu_v9_4.shp,1841,5112,,,,,,merge_duplicate_candidate,55,true,exact_my+en,5113:overlap=1.000;dist_m=0.0|5119:overlap=0.000;dist_m=1085.8,5113;5119,Multiple CoreMap WVT rows share exact normalized name under township,
ward,MMR010005701502,Ngwe Taw Kyi Kone Ward,ငွေတော်ကြည်ကုန်းရပ်ကွက်,Mandalay,MMR010005,Pyigyitagon,Mandalay,Mandalay > Mandalay > Pyigyitagon > Pyigyitagon Town,ward_boundary_countrywide_v94.zip:mmr_polbnda_adm5_mimu_v9_4.shp,1912,6203,,,,,,merge_duplicate_candidate,55,true,exact_my+en,6211:overlap=1.000;dist_m=0.0|6212:overlap=1.000;dist_m=0.0,6211;6212,Multiple CoreMap WVT rows share exact normalized name under township,
village_tract,MMR017008050,Kya Khat Kwin,ကြခတ်ကွင်း,Ayeyarwady,MMR017008,Hinthada,Ayeyarwady,Ayeyarwady > Hinthada > Hinthada,village_tract_boundary_Ayeyarwady_v94.zip:mmr_ady_polbnda_adm4_mimu_250k.shp,33,7208,,,,,,manual_review,45,true,no_exact_name,7200:overlap=0.000;dist_m=2142.8,7200,Spatial-only candidate blocked (do not merge by geometry alone),
village_tract,MMR017016002,Nyaung Lein,ညောင်လိန်,Ayeyarwady,MMR017016,Labutta,Ayeyarwady,Ayeyarwady > Labutta > Labutta,village_tract_boundary_Ayeyarwady_v94.zip:mmr_ady_polbnda_adm4_mimu_250k.shp,415,7374,,,,,,manual_review,45,true,no_exact_name,7347:overlap=0.000;dist_m=2268.0,7347,Spatial-only candidate blocked (do not merge by geometry alone),
village_tract,MMR017022056,Yae Twin Kone,ရေတွင်းကုန်း,Ayeyarwady,MMR017022,Danubyu,Ayeyarwady,Ayeyarwady > Maubin > Danubyu,village_tract_boundary_Ayeyarwady_v94.zip:mmr_ady_polbnda_adm4_mimu_250k.shp,556,7295,,,,,,manual_review,45,true,no_exact_name,7249:overlap=0.000;dist_m=2102.2,7249,Spatial-only candidate blocked (do not merge by geometry alone),
village_tract,MMR017018019,Tei Chaung,တယ်ချောင်း,Ayeyarwady,MMR017018,Mawlamyinegyun,Ayeyarwady,Ayeyarwady > Labutta > Mawlamyinegyun,village_tract_boundary_Ayeyarwady_v94.zip:mmr_ady_polbnda_adm4_mimu_250k.shp,613,7392,,,,,,manual_review,45,true,no_exact_name,7387:overlap=0.000;dist_m=2485.4,7387,Spatial-only candidate blocked (do not merge by geometry alone),
village_tract,MMR017020015,Ka Zin Ngu,ကဇင်းငူ,Ayeyarwady,MMR017020,Pantanaw,Ayeyarwady,Ayeyarwady > Maubin > Pantanaw,village_tract_boundary_Ayeyarwady_v94.zip:mmr_ady_polbnda_adm4_mimu_250k.shp,787,7332,,,,,,manual_review,45,true,no_exact_name,7331:overlap=0.000;dist_m=2180.3,7331,Spatial-only candidate blocked (do not merge by geometry alone),
village_tract,MMR017020701,Urban,,Ayeyarwady,MMR017020,Pantanaw,Ayeyarwady,Ayeyarwady > Maubin > Pantanaw,village_tract_boundary_Ayeyarwady_v94.zip:mmr_ady_polbnda_adm4_mimu_250k.shp,824,7332,,,,,,manual_review,45,true,no_exact_name,7331:overlap=1.000;dist_m=605.2,7331,Spatial-only candidate blocked (do not merge by geometry alone),
village_tract,MMR017002008,Kwin Yar (East),ကွင်းယား (အရှေ့),Ayeyarwady,MMR017002,Kangyidaunt,Ayeyarwady,Ayeyarwady > Pathein > Kangyidaunt,village_tract_boundary_Ayeyarwady_v94.zip:mmr_ady_polbnda_adm4_mimu_250k.shp,1156,7344,,,,,,manual_review,45,true,no_exact_name,7342:overlap=0.000;dist_m=2441.2,7342,Spatial-only candidate blocked (do not merge by geometry alone),
village_tract,MMR017002071,La Har Ka Lu,လဟာကလူ,Ayeyarwady,MMR017002,Kangyidaunt,Ayeyarwady,Ayeyarwady > Pathein > Kangyidaunt,village_tract_boundary_Ayeyarwady_v94.zip:mmr_ady_polbnda_adm4_mimu_250k.shp,1169,7344,,,,,,manual_review,45,true,no_exact_name,7343:overlap=0.000;dist_m=2337.7,7343,Spatial-only candidate blocked (do not merge by geometry alone),
village_tract,MMR017002036,Mi Chaung Ta Yar,မိချောင်းတစ်ရာ,Ayeyarwady,MMR017002,Kangyidaunt,Ayeyarwady,Ayeyarwady > Pathein > Kangyidaunt,village_tract_boundary_Ayeyarwady_v94.zip:mmr_ady_polbnda_adm4_mimu_250k.shp,1177,7344,,,,,,manual_review,45,true,no_exact_name,7338:overlap=0.000;dist_m=1833.6,7338,Spatial-only candidate blocked (do not merge by geometry alone),
village_tract,MMR017005060,Kha Yu Yoe,ခရုရိုး,Ayeyarwady,MMR017005,Kyonpyaw,Ayeyarwady,Ayeyarwady > Pathein > Kyonpyaw,village_tract_boundary_Ayeyarwady_v94.zip:mmr_ady_polbnda_adm4_mimu_250k.shp,1300,7282,,,,,,manual_review,45,true,no_exact_name,7274:overlap=0.000;dist_m=2383.3,7274,Spatial-only candidate blocked (do not merge by geometry alone),
village_tract,MMR017005004,La Har Paing,လဟာပိုင်း,Ayeyarwady,MMR017005,Kyonpyaw,Ayeyarwady,Ayeyarwady > Pathein > Kyonpyaw,village_tract_boundary_Ayeyarwady_v94.zip:mmr_ady_polbnda_adm4_mimu_250k.shp,1315,7282,,,,,,manual_review,45,true,no_exact_name,7274:overlap=0.000;dist_m=2111.5,7274,Spatial-only candidate blocked (do not merge by geometry alone),
village_tract,MMR017001010,Lin Win Gyi,လင်းဝင်းကြီး,Ayeyarwady,MMR017001,Pathein,Ayeyarwady,Ayeyarwady > Pathein > Pathein,village_tract_boundary_Ayeyarwady_v94.zip:mmr_ady_polbnda_adm4_mimu_250k.shp,1477,7362,,,,,,manual_review,45,true,no_exact_name,7361:overlap=0.000;dist_m=2299.6,7361,Spatial-only candidate blocked (do not merge by geometry alone),
village_tract,MMR017001034,Ma Yan Chaung,မရမ်းချောင်း,Ayeyarwady,MMR017001,Pathein,Ayeyarwady,Ayeyarwady > Pathein > Pathein,village_tract_boundary_Ayeyarwady_v94.zip:mmr_ady_polbnda_adm4_mimu_250k.shp,1482,7362,,,,,,manual_review,45,true,no_exact_name,7346:overlap=0.000;dist_m=2220.1,7346,Spatial-only candidate blocked (do not merge by geometry alone),
village_tract,MMR017001037,Pauk Kone,ပေါက်ကုန်း,Ayeyarwady,MMR017001,Pathein,Ayeyarwady,Ayeyarwady > Pathein > Pathein,village_tract_boundary_Ayeyarwady_v94.zip:mmr_ady_polbnda_adm4_mimu_250k.shp,1491,7362,,,,,,manual_review,45,true,no_exact_name,7357:overlap=0.000;dist_m=2380.1,7357,Spatial-only candidate blocked (do not merge by geometry alone),
village_tract,MMR017001039,Pyin Ka Doe Kone,ပျဉ်းကတိုးကုန်း,Ayeyarwady,MMR017001,Pathein,Ayeyarwady,Ayeyarwady > Pathein > Pathein,village_tract_boundary_Ayeyarwady_v94.zip:mmr_ady_polbnda_adm4_mimu_250k.shp,1492,7362,,,,,,manual_review,45,true,no_exact_name,7330:overlap=0.000;dist_m=1382.5,7330,Spatial-only candidate blocked (do not merge by geometry alone),
village_tract,MMR017001030,Thit Poke Kone,သစ်ပုတ်ကုန်း,Ayeyarwady,MMR017001,Pathein,Ayeyarwady,Ayeyarwady > Pathein > Pathein,village_tract_boundary_Ayeyarwady_v94.zip:mmr_ady_polbnda_adm4_mimu_250k.shp,1505,7362,,,,,,manual_review,45,true,no_exact_name,7349:overlap=0.000;dist_m=2195.3,7349,Spatial-only candidate blocked (do not merge by geometry alone),
village_tract,MMR017006034,Daunt Gyi Yoe Ma Dawt,ဒေါင့်ကြီးရိုးမဒေါ့,Ayeyarwady,MMR017006,Yegyi,Ayeyarwady,Ayeyarwady > Pathein > Yegyi,village_tract_boundary_Ayeyarwady_v94.zip:mmr_ady_polbnda_adm4_mimu_250k.shp,1593,7187,,,,,,manual_review,45,true,no_exact_name,7284:overlap=0.000;dist_m=2135.5,7284,Spatial-only candidate blocked (do not merge by geometry alone),
village_tract,MMR017006038,Nyaung Ngu Let Khoke,ညောင်ငူလက်ခုတ်,Ayeyarwady,MMR017006,Yegyi,Ayeyarwady,Ayeyarwady > Pathein > Yegyi,village_tract_boundary_Ayeyarwady_v94.zip:mmr_ady_polbnda_adm4_mimu_250k.shp,1636,7187,,,,,,manual_review,45,true,no_exact_name,7277:overlap=0.000;dist_m=1703.4,7277,Spatial-only candidate blocked (do not merge by geometry alone),
village_tract,MMR017006045,Sat Kwin,ဆပ်ကွင်း,Ayeyarwady,MMR017006,Yegyi,Ayeyarwady,Ayeyarwady > Pathein > Yegyi,village_tract_boundary_Ayeyarwady_v94.zip:mmr_ady_polbnda_adm4_mimu_250k.shp,1642,7187,,,,,,manual_review,45,true,no_exact_name,7277:overlap=0.000;dist_m=1919.2,7277,Spatial-only candidate blocked (do not merge by geometry alone),
village_tract,MMR017006002,Thin Gan Daunt,သင်္ဃန်းဒေါင့်,Ayeyarwady,MMR017006,Yegyi,Ayeyarwady,Ayeyarwady > Pathein > Yegyi,village_tract_boundary_Ayeyarwady_v94.zip:mmr_ady_polbnda_adm4_mimu_250k.shp,1653,7187,,,,,,manual_review,45,true,no_exact_name,7268:overlap=0.000;dist_m=2469.9,7268,Spatial-only candidate blocked (do not merge by geometry alone),
village_tract,MMR017006055,Thit Hpyu Pin,သစ်ဖြူပင်,Ayeyarwady,MMR017006,Yegyi,Ayeyarwady,Ayeyarwady > Pathein > Yegyi,village_tract_boundary_Ayeyarwady_v94.zip:mmr_ady_polbnda_adm4_mimu_250k.shp,1654,7187,,,,,,manual_review,45,true,no_exact_name,7261:overlap=0.000;dist_m=2334.8,7261,Spatial-only candidate blocked (do not merge by geometry alone),
village_tract,MMR017026012,Chaung Hpyar,ချောင်းဖျား,Ayeyarwady,MMR017026,Dedaye,Ayeyarwady,Ayeyarwady > Pyapon > Dedaye,village_tract_boundary_Ayeyarwady_v94.zip:mmr_ady_polbnda_adm4_mimu_250k.shp,1757,7427,,,,,,manual_review,45,true,no_exact_name,7426:overlap=0.000;dist_m=1821.4,7426,Spatial-only candidate blocked (do not merge by geometry alone),
village_tract,MMR017025063,Kha Naung,ခနောင်,Ayeyarwady,MMR017025,Kyaiklat,Ayeyarwady,Ayeyarwady > Pyapon > Kyaiklat,village_tract_boundary_Ayeyarwady_v94.zip:mmr_ady_polbnda_adm4_mimu_250k.shp,1869,7309,,,,,,manual_review,45,true,no_exact_name,7422:overlap=0.000;dist_m=2467.9,7422,Spatial-only candidate blocked (do not merge by geometry alone),
village_tract,MMR017025066,Ta Pay Ta Mawt,တပေတမော့,Ayeyarwady,MMR017025,Kyaiklat,Ayeyarwady,Ayeyarwady > Pyapon > Kyaiklat,village_tract_boundary_Ayeyarwady_v94.zip:mmr_ady_polbnda_adm4_mimu_250k.shp,1918,7309,,,,,,manual_review,45,true,no_exact_name,7421:overlap=0.000;dist_m=1895.1,7421,Spatial-only candidate blocked (do not merge by geometry alone),
village_tract,MMR008002004,Bant Pyin,ဘန့်ပြင်,Bago (West),MMR008002,Paukkhaung,Bago (West),Bago (West) > Pyay > Paukkhaung,village_tract_boundary_Bago_v94.zip:mmr_bgo_polbnda_adm4_mimu_250k_1.shp,2039,7137,,,,,,manual_review,45,true,no_exact_name,7113:overlap=0.000;dist_m=2237.4,7113,Spatial-only candidate blocked (do not merge by geometry alone),
village_tract,MMR008006018,Du Rin Du Bo,ဒုရင်ဒုဘို,Bago (West),MMR008006,Shwedaung,Bago (West),Bago (West) > Pyay > Shwedaung,village_tract_boundary_Bago_v94.zip:mmr_bgo_polbnda_adm4_mimu_250k_1.shp,2195,7151,,,,,,manual_review,45,true,no_exact_name,7141:overlap=0.000;dist_m=2328.4,7141,Spatial-only candidate blocked (do not merge by geometry alone),
village_tract,MMR008006009,Kyoet Kone,ကြို့ကုန်း,Bago (West),MMR008006,Shwedaung,Bago (West),Bago (West) > Pyay > Shwedaung,village_tract_boundary_Bago_v94.zip:mmr_bgo_polbnda_adm4_mimu_250k_1.shp,2205,7151,,,,,,manual_review,45,true,no_exact_name,7142:overlap=0.000;dist_m=1749.8,7142,Spatial-only candidate blocked (do not merge by geometry alone),
village_tract,MMR008005017,Kan Hnit Sint,ကန်နှစ်ဆင့်,Bago (West),MMR008005,Thegon,Bago (West),Bago (West) > Pyay > Thegon,village_tract_boundary_Bago_v94.zip:mmr_bgo_polbnda_adm4_mimu_250k_1.shp,2256,7157,,,,,,manual_review,45,true,no_exact_name,7159:overlap=0.000;dist_m=1803.9,7159,Spatial-only candidate blocked (do not merge by geometry alone),
village_tract,MMR008005003,Oke Swea,အုပ်ဆွဲ,Bago (West),MMR008005,Thegon,Bago (West),Bago (West) > Pyay > Thegon,village_tract_boundary_Bago_v94.zip:mmr_bgo_polbnda_adm4_mimu_250k_1.shp,2276,7157,,,,,,manual_review,45,true,no_exact_name,7138:overlap=0.000;dist_m=1622.2,7138,Spatial-only candidate blocked (do not merge by geometry alone),
village_tract,MMR008005001,Peik Chin Kone,ပိတ်ချင်းကုန်း,Bago (West),MMR008005,Thegon,Bago (West),Bago (West) > Pyay > Thegon,village_tract_boundary_Bago_v94.zip:mmr_bgo_polbnda_adm4_mimu_250k_1.shp,2277,7157,,,,,,manual_review,45,true,no_exact_name,7140:overlap=0.000;dist_m=1658.0,7140,Spatial-only candidate blocked (do not merge by geometry alone),
village_tract,MMR007007033,Hpa Aung Su,ဖအောင်းစု,Bago (East),MMR007007,Daik-U,Bago (East),Bago (East) > Bago > Daik-U,village_tract_boundary_Bago_v94.zip:mmr_bgo_polbnda_adm4_mimu_250k_1.shp,2807,5911,,,,,,manual_review,45,true,no_exact_name,5912:overlap=0.000;dist_m=2251.6,5912,Spatial-only candidate blocked (do not merge by geometry alone),
village_tract,MMR007007001,Kyun Kone,ကျွန်းကုန်း,Bago (East),MMR007007,Daik-U,Bago (East),Bago (East) > Bago > Daik-U,village_tract_boundary_Bago_v94.zip:mmr_bgo_polbnda_adm4_mimu_250k_1.shp,2817,5911,,,,,,manual_review,45,true,no_exact_name,5918:overlap=0.000;dist_m=2205.2,5918,Spatial-only candidate blocked (do not merge by geometry alone),
village_tract,MMR007002008,Htaung Min,ထောင်မင်း,Bago (East),MMR007002,Thanatpin,Bago (East),Bago (East) > Bago > Thanatpin,village_tract_boundary_Bago_v94.zip:mmr_bgo_polbnda_adm4_mimu_250k_1.shp,3101,5865,,,,,,manual_review,45,true,no_exact_name,5859:overlap=0.000;dist_m=2477.7,5859,Spatial-only candidate blocked (do not merge by geometry alone),
village_tract,MMR007002004,Sun Pi,စွန်ပိ,Bago (East),MMR007002,Thanatpin,Bago (East),Bago (East) > Bago > Thanatpin,village_tract_boundary_Bago_v94.zip:mmr_bgo_polbnda_adm4_mimu_250k_1.shp,3143,5865,,,,,,manual_review,45,true,no_exact_name,5864:overlap=0.000;dist_m=2326.1,5864,Spatial-only candidate blocked (do not merge by geometry alone),
village_tract,MMR007004007,Kyar La Har,ကြာလဟာ,Bago (East),MMR007004,Waw,Bago (East),Bago (East) > Bago > Waw,village_tract_boundary_Bago_v94.zip:mmr_bgo_polbnda_adm4_mimu_250k_1.shp,3179,5922,,,,,,manual_review,45,true,no_exact_name,5870:overlap=0.000;dist_m=2453.9,5870,Spatial-only candidate blocked (do not merge by geometry alone),
village_tract,MMR007009018,Le Bu,လဲဘူး,Bago (East),MMR007009,Taungoo,Bago (East),Bago (East) > Taungoo > Taungoo,village_tract_boundary_Bago_v94.zip:mmr_bgo_polbnda_adm4_mimu_250k_1.shp,3381,6019,,,,,,manual_review,45,true,no_exact_name,5946:overlap=0.000;dist_m=2444.8,5946,Spatial-only candidate blocked (do not merge by geometry alone),
village_tract,MMR004001011,C. Zamual,စီဇာမွာလ်,Chin,MMR004001,Falam,Chin,Chin > Falam > Falam,village_tract_boundary_Chin_v94.zip:mmr_chn_polbnda_adm4_mimu_250k.shp,3475,6739,,,,,,manual_review,45,true,no_exact_name,6711:overlap=0.000;dist_m=2319.3,6711,Spatial-only candidate blocked (do not merge by geometry alone),
village_tract,MMR001013025,Pang Hkam,ပန်ခမ်း,Kachin,MMR001013,Mansi,Kachin,Kachin > Bhamo > Mansi,village_tract_boundary_Kachin_v94.zip:mmr_kch_polbnda_adm4_mimu_250k.shp,4035,6584,,,,,,manual_review,45,true,no_exact_name,6583:overlap=0.060;dist_m=5404.0,6583,Spatial-only candidate blocked (do not merge by geometry alone),
village_tract,MMR001012001,Man Pong,မံပုံ,Kachin,MMR001012,Momauk,Kachin,Kachin > Bhamo > Momauk,village_tract_boundary_Kachin_v94.zip:mmr_kch_polbnda_adm4_mimu_250k.shp,4080,6593,,,,,,manual_review,45,true,no_exact_name,6611:overlap=0.000;dist_m=1921.9,6611,Spatial-only candidate blocked (do not merge by geometry alone),
village_tract,MMR003001037,Ta Yoke Hla,တရုတ်လှ,Kayin,MMR003001,Hpa-An,Kayin,Kayin > Hpa-An > Hpa-An,village_tract_boundary_Kayin_v94.zip:mmr_kyn_polbnda_adm4_unhcr_mimu_250k.shp,4798,5877,,,,,,manual_review,45,true,no_exact_name,5042:overlap=0.000;dist_m=2081.1,5042,Spatial-only candidate blocked (do not merge by geometry alone),
village_tract,MMR003001073,Ye Thar,ရဲသာ,Kayin,MMR003001,Hpa-An,Kayin,Kayin > Hpa-An > Hpa-An,village_tract_boundary_Kayin_v94.zip:mmr_kyn_polbnda_adm4_unhcr_mimu_250k.shp,4817,5877,,,,,,manual_review,45,true,no_exact_name,5039:overlap=0.000;dist_m=2483.0,5039,Spatial-only candidate blocked (do not merge by geometry alone),
village_tract,MMR009004013,Pan Thwin Lay,ပန်းသွင်းလေး,Magway,MMR009004,Taungdwingyi,Magway,Magway > Magway > Taungdwingyi,village_tract_boundary_Magway_v94.zip:mmr_mgy_polbnda_adm4_wfp_mimu_250k_1.shp,5549,7076,,,,,,manual_review,45,true,no_exact_name,7070:overlap=0.000;dist_m=1803.1,7070,Spatial-only candidate blocked (do not merge by geometry alone),
village_tract,MMR009009008,Kyaung Kone,ကျောင်းကုန်း,Magway,MMR009009,Ngape,Magway,Magway > Minbu > Ngape,village_tract_boundary_Magway_v94.zip:mmr_mgy_polbnda_adm4_wfp_mimu_250k_1.shp,5693,7096,,,,,,manual_review,45,true,no_exact_name,7014:overlap=0.000;dist_m=1994.0,7014,Spatial-only candidate blocked (do not merge by geometry alone),
village_tract,MMR009010005,Ah Nauk Kan Baung,အနောက်ကန်ဘောင်,Magway,MMR009010,Salin,Magway,Magway > Minbu > Salin,village_tract_boundary_Magway_v94.zip:mmr_mgy_polbnda_adm4_wfp_mimu_250k_1.shp,5783,7033,,,,,,manual_review,45,true,no_exact_name,7037:overlap=0.000;dist_m=2249.5,7037,Spatial-only candidate blocked (do not merge by geometry alone),
village_tract,MMR009010004,Ku Hpyu,ကူဖြူ,Magway,MMR009010,Salin,Magway,Magway > Minbu > Salin,village_tract_boundary_Magway_v94.zip:mmr_mgy_polbnda_adm4_wfp_mimu_250k_1.shp,5797,7033,,,,,,manual_review,45,true,no_exact_name,7036:overlap=0.218;dist_m=2070.7,7036,Spatial-only candidate blocked (do not merge by geometry alone),
village_tract,MMR009010010,Shan Su,ရှမ်းစု,Magway,MMR009010,Salin,Magway,Magway > Minbu > Salin,village_tract_boundary_Magway_v94.zip:mmr_mgy_polbnda_adm4_wfp_mimu_250k_1.shp,5834,7033,,,,,,manual_review,45,true,no_exact_name,7037:overlap=0.001;dist_m=2030.8,7037,Spatial-only candidate blocked (do not merge by geometry alone),
village_tract,MMR009019017,Nyaung Taw,ညောင်တော,Magway,MMR009019,Yesagyo,Magway,Magway > Pakokku > Yesagyo,village_tract_boundary_Magway_v94.zip:mmr_mgy_polbnda_adm4_wfp_mimu_250k_1.shp,6219,6883,,,,,,manual_review,45,true,no_exact_name,6878:overlap=0.000;dist_m=2283.0,6878,Spatial-only candidate blocked (do not merge by geometry alone),
village_tract,MMR009016005,Moe Hpone,မိုးဖုန်း,Magway,MMR009016,Aunglan,Magway,Magway > Thayet > Aunglan,village_tract_boundary_Magway_v94.zip:mmr_mgy_polbnda_adm4_wfp_mimu_250k_1.shp,6296,7123,,,,,,manual_review,45,true,no_exact_name,7130:overlap=0.000;dist_m=2232.7,7130,Spatial-only candidate blocked (do not merge by geometry alone),
village_tract,MMR009016004,Pi Tauk Kone,ပိတောက်ကုန်း,Magway,MMR009016,Aunglan,Magway,Magway > Thayet > Aunglan,village_tract_boundary_Magway_v94.zip:mmr_mgy_polbnda_adm4_wfp_mimu_250k_1.shp,6314,7123,,,,,,manual_review,45,true,no_exact_name,7124:overlap=0.000;dist_m=1913.5,7124,Spatial-only candidate blocked (do not merge by geometry alone),
village_tract,MMR009014011,Pyaung Pyar,ပြောင်းပြာ,Magway,MMR009014,Mindon,Magway,Magway > Thayet > Mindon,village_tract_boundary_Magway_v94.zip:mmr_mgy_polbnda_adm4_wfp_mimu_250k_1.shp,6453,7107,,,,,,manual_review,45,true,no_exact_name,7102:overlap=0.000;dist_m=2156.2,7102,Spatial-only candidate blocked (do not merge by geometry alone),
village_tract,MMR010015037,Kin Sein Zay,ကင်းစိန်ဈေး,Mandalay,MMR010015,Myittha,Mandalay,Mandalay > Kyaukse > Myittha,village_tract_boundary_Mandalay_v94.zip:mmr_mdy_polbnda_adm4_mimu_250k.shp,6761,6200,,,,,,manual_review,45,true,no_exact_name,6201:overlap=0.000;dist_m=1644.3,6201,Spatial-only candidate blocked (do not merge by geometry alone),
village_tract,MMR010015041,Ngar Su,ငါးဆူ,Mandalay,MMR010015,Myittha,Mandalay,Mandalay > Kyaukse > Myittha,village_tract_boundary_Mandalay_v94.zip:mmr_mdy_polbnda_adm4_mimu_250k.shp,6786,6200,,,,,,manual_review,45,true,no_exact_name,6189:overlap=0.000;dist_m=2405.8,6189,Spatial-only candidate blocked (do not merge by geometry alone),
village_tract,MMR010029002,Kan Bar Hpyu,ကမ္ဘားဖြူ,Mandalay,MMR010029,Mahlaing,Mandalay,Mandalay > Meiktila > Mahlaing,village_tract_boundary_Mandalay_v94.zip:mmr_mdy_polbnda_adm4_mimu_250k.shp,7060,6898,,,,,,manual_review,45,true,no_exact_name,6893:overlap=0.000;dist_m=2138.4,6893,Spatial-only candidate blocked (do not merge by geometry alone),
village_tract,MMR010030008,Kat Kyay Inn,ကပ်ကျေးအင်း,Mandalay,MMR010030,Thazi,Mandalay,Mandalay > Meiktila > Thazi,village_tract_boundary_Mandalay_v94.zip:mmr_mdy_polbnda_adm4_mimu_250k.shp,7181,6164,,,,,,manual_review,45,true,no_exact_name,6168:overlap=0.000;dist_m=2071.6,6168,Spatial-only candidate blocked (do not merge by geometry alone),
village_tract,MMR010031061,Nat Kan,နတ်ကန်,Mandalay,MMR010031,Wundwin,Mandalay,Mandalay > Meiktila > Wundwin,village_tract_boundary_Mandalay_v94.zip:mmr_mdy_polbnda_adm4_mimu_250k.shp,7274,6185,,,,,,manual_review,45,true,no_exact_name,6172:overlap=0.000;dist_m=1992.8,6172,Spatial-only candidate blocked (do not merge by geometry alone),
village_tract,MMR010018013,Let Thea Chin,လက်သဲချင်,Mandalay,MMR010018,Taungtha,Mandalay,Mandalay > Myingyan > Taungtha,village_tract_boundary_Mandalay_v94.zip:mmr_mdy_polbnda_adm4_mimu_250k.shp,7526,6903,,,,,,manual_review,45,true,no_exact_name,6906:overlap=0.000;dist_m=2279.1,6906,Spatial-only candidate blocked (do not merge by geometry alone),
village_tract,MMR010018011,Na Be Kan,နဘဲကန်,Mandalay,MMR010018,Taungtha,Mandalay,Mandalay > Myingyan > Taungtha,village_tract_boundary_Mandalay_v94.zip:mmr_mdy_polbnda_adm4_mimu_250k.shp,7535,6903,,,,,,manual_review,45,true,no_exact_name,6902:overlap=0.000;dist_m=1692.0,6902,Spatial-only candidate blocked (do not merge by geometry alone),
village_tract,MMR011003025,Ma Yan,မရမ်း,Mon,MMR011003,Chaungzon,Mon,Mon > Mawlamyine > Chaungzon,village_tract_boundary_Mon_v94.zip:mmr_mon_polbnda_adm4_unicef_mimu_250k.shp,8139,5110,,,,,,manual_review,45,true,no_exact_name,5088:overlap=0.000;dist_m=2000.1,5088,Spatial-only candidate blocked (do not merge by geometry alone),
village_tract,MMR011003017,Saw Ke,စော်ကဲ,Mon,MMR011003,Chaungzon,Mon,Mon > Mawlamyine > Chaungzon,village_tract_boundary_Mon_v94.zip:mmr_mon_polbnda_adm4_unicef_mimu_250k.shp,8146,5110,,,,,,manual_review,45,true,no_exact_name,5085:overlap=0.000;dist_m=2400.6,5085,Spatial-only candidate blocked (do not merge by geometry alone),
village_tract,MMR011002004,Bein Byaw,ဘိန်းဗျော,Mon,MMR011002,Kyaikmaraw,Mon,Mon > Mawlamyine > Kyaikmaraw,village_tract_boundary_Mon_v94.zip:mmr_mon_polbnda_adm4_unicef_mimu_250k.shp,8161,5098,,,,,,manual_review,45,true,no_exact_name,5083:overlap=0.000;dist_m=2418.6,5083,Spatial-only candidate blocked (do not merge by geometry alone),
village_tract,MMR011005010,Kyon Hpaik,ကျုံဖိုက်,Mon,MMR011005,Mudon,Mon,Mon > Mawlamyine > Mudon,village_tract_boundary_Mon_v94.zip:mmr_mon_polbnda_adm4_unicef_mimu_250k.shp,8243,5108,,,,,,manual_review,45,true,no_exact_name,5097:overlap=0.000;dist_m=2227.0,5097,Spatial-only candidate blocked (do not merge by geometry alone),
village_tract,MMR011004001,Mya Mar Lar,မြမာလာ,Mon,MMR011004,Thanbyuzayat,Mon,Mon > Mawlamyine > Thanbyuzayat,village_tract_boundary_Mon_v94.zip:mmr_mon_polbnda_adm4_unicef_mimu_250k.shp,8269,7482,,,,,,manual_review,45,true,no_exact_name,5096:overlap=0.000;dist_m=2415.2,5096,Spatial-only candidate blocked (do not merge by geometry alone),
village_tract,MMR011006009,Chaung Taung,ချောင်းတောင်,Mon,MMR011006,Ye,Mon,Mon > Mawlamyine > Ye,village_tract_boundary_Mon_v94.zip:mmr_mon_polbnda_adm4_unicef_mimu_250k.shp,8295,7491,,,,,,manual_review,45,true,no_exact_name,7493:overlap=0.000;dist_m=2446.5,7493,Spatial-only candidate blocked (do not merge by geometry alone),
village_tract,MMR011010006,Ah Naing Pun,အနိင်းပွန်,Mon,MMR011010,Bilin,Mon,Mon > Thaton > Bilin,village_tract_boundary_Mon_v94.zip:mmr_mon_polbnda_adm4_unicef_mimu_250k.shp,8322,5881,,,,,,manual_review,45,true,no_exact_name,5875:overlap=0.000;dist_m=1939.2,5875,Spatial-only candidate blocked (do not merge by geometry alone),
village_tract,MMR011010032,Ta Nyin Kone,တညင်းကုန်း,Mon,MMR011010,Bilin,Mon,Mon > Thaton > Bilin,village_tract_boundary_Mon_v94.zip:mmr_mon_polbnda_adm4_unicef_mimu_250k.shp,8351,5881,,,,,,manual_review,45,true,no_exact_name,5866:overlap=0.000;dist_m=2242.9,5866,Spatial-only candidate blocked (do not merge by geometry alone),
village_tract,MMR011007026,Paw Taw Mu,ပေါ်တော်မူ,Mon,MMR011007,Thaton,Mon,Mon > Thaton > Thaton,village_tract_boundary_Mon_v94.zip:mmr_mon_polbnda_adm4_unicef_mimu_250k.shp,8480,5053,,,,,,manual_review,45,true,no_exact_name,5037:overlap=0.000;dist_m=1789.5,5037,Spatial-only candidate blocked (do not merge by geometry alone),
village_tract,MMR018004701,Urban,,Nay Pyi Taw,MMR018004,Det Khi Na Thi Ri,Nay Pyi Taw,Nay Pyi Taw > Det Khi Na > Det Khi Na Thi Ri,village_tract_boundary_Nay_Pyi_Taw_v94.zip:mmr_npt_polbnda_adm4_250k_mimu_1.shp,8508,6032,,,,,,manual_review,45,true,no_exact_name,6033:overlap=1.000;dist_m=1024.7,6033,Spatial-only candidate blocked (do not merge by geometry alone),
village_tract,MMR018007015,Si Paing,စီပိုင်း,Nay Pyi Taw,MMR018007,Lewe,Nay Pyi Taw,Nay Pyi Taw > Det Khi Na > Lewe,village_tract_boundary_Nay_Pyi_Taw_v94.zip:mmr_npt_polbnda_adm4_250k_mimu_1.shp,8546,5990,,,,,,manual_review,45,true,no_exact_name,5989:overlap=0.000;dist_m=2039.9,5989,Spatial-only candidate blocked (do not merge by geometry alone),
village_tract,MMR018007701,Urban,,Nay Pyi Taw,MMR018007,Lewe,Nay Pyi Taw,Nay Pyi Taw > Det Khi Na > Lewe,village_tract_boundary_Nay_Pyi_Taw_v94.zip:mmr_npt_polbnda_adm4_250k_mimu_1.shp,8570,5990,,,,,,manual_review,45,true,no_exact_name,5989:overlap=0.000;dist_m=1831.9,5989,Spatial-only candidate blocked (do not merge by geometry alone),
village_tract,MMR018002002,Ah Hlyin Lo,အလျင်လို,Nay Pyi Taw,MMR018002,Za Bu Thi Ri,Nay Pyi Taw,Nay Pyi Taw > Det Khi Na > Za Bu Thi Ri,village_tract_boundary_Nay_Pyi_Taw_v94.zip:mmr_npt_polbnda_adm4_250k_mimu_1.shp,8584,6029,,,,,,manual_review,45,true,no_exact_name,6036:overlap=0.000;dist_m=2447.5,6036,Spatial-only candidate blocked (do not merge by geometry alone),
village_tract,MMR018002001,Te Gyi Kone,တဲကြီးကုန်း,Nay Pyi Taw,MMR018002,Za Bu Thi Ri,Nay Pyi Taw,Nay Pyi Taw > Det Khi Na > Za Bu Thi Ri,village_tract_boundary_Nay_Pyi_Taw_v94.zip:mmr_npt_polbnda_adm4_250k_mimu_1.shp,8585,6029,,,,,,manual_review,45,true,no_exact_name,6034:overlap=0.000;dist_m=1491.0,6034,Spatial-only candidate blocked (do not merge by geometry alone),
village_tract,MMR018005002,Kyi Taung Kan,ကျည်တောင်ကန်,Nay Pyi Taw,MMR018005,Poke Ba Thi Ri,Nay Pyi Taw,Nay Pyi Taw > Oke Ta Ra > Poke Ba Thi Ri,village_tract_boundary_Nay_Pyi_Taw_v94.zip:mmr_npt_polbnda_adm4_250k_mimu_1.shp,8617,6059,,,,,,manual_review,45,true,no_exact_name,6030:overlap=0.000;dist_m=1904.9,6030,Spatial-only candidate blocked (do not merge by geometry alone),
village_tract,MMR018005012,Lel Yar,လယ်ယာ,Nay Pyi Taw,MMR018005,Poke Ba Thi Ri,Nay Pyi Taw,Nay Pyi Taw > Oke Ta Ra > Poke Ba Thi Ri,village_tract_boundary_Nay_Pyi_Taw_v94.zip:mmr_npt_polbnda_adm4_250k_mimu_1.shp,8618,6059,,,,,,manual_review,45,true,no_exact_name,6048:overlap=0.000;dist_m=2301.4,6048,Spatial-only candidate blocked (do not merge by geometry alone),
village_tract,MMR018008001,Za Laung,ဇလောင်း,Nay Pyi Taw,MMR018008,Oke Ta Ra Thi Ri,Nay Pyi Taw,Nay Pyi Taw > Oke Ta Ra > Oke Ta Ra Thi Ri,village_tract_boundary_Nay_Pyi_Taw_v94.zip:mmr_npt_polbnda_adm4_250k_mimu_1.shp,8622,7079,,,,,,manual_review,45,true,no_exact_name,6055:overlap=0.000;dist_m=1390.4,6055,Spatial-only candidate blocked (do not merge by geometry alone),
village_tract,MMR018005018,Tha Pyay San,သပြေစမ်း,Nay Pyi Taw,MMR018005,Poke Ba Thi Ri,Nay Pyi Taw,Nay Pyi Taw > Oke Ta Ra > Poke Ba Thi Ri,village_tract_boundary_Nay_Pyi_Taw_v94.zip:mmr_npt_polbnda_adm4_250k_mimu_1.shp,8630,6059,,,,,,manual_review,45,true,no_exact_name,6056:overlap=0.000;dist_m=1517.4,6056,Spatial-only candidate blocked (do not merge by geometry alone),
village_tract,MMR018003904,,,Nay Pyi Taw,MMR018003,Tatkon,Nay Pyi Taw,Nay Pyi Taw > Oke Ta Ra > Tatkon,village_tract_boundary_Nay_Pyi_Taw_v94.zip:mmr_npt_polbnda_adm4_250k_mimu_1.shp,8644,6067,,,,,,manual_review,45,true,no_exact_name,6061:overlap=0.000;dist_m=1760.1,6061,Spatial-only candidate blocked (do not merge by geometry alone),
village_tract,MMR012010033,Nan Yar Kone,နန်းရာကုန်း,Rakhine,MMR012010,Buthidaung,Rakhine,Rakhine > Maungdaw > Buthidaung,village_tract_boundary_Rakhine_v94.zip:mmr_rke_polbnda_adm4_mimu_who_250k.shp,8918,6965,,,,,,manual_review,45,true,no_exact_name,6964:overlap=0.000;dist_m=2177.4,6964,Spatial-only candidate blocked (do not merge by geometry alone),
village_tract,MMR012009064,Nyaung Chaung,ညောင်ချောင်း,Rakhine,MMR012009,Maungdaw,Rakhine,Rakhine > Maungdaw > Maungdaw,village_tract_boundary_Rakhine_v94.zip:mmr_rke_polbnda_adm4_mimu_who_250k.shp,9014,6966,,,,,,manual_review,45,true,no_exact_name,6985:overlap=0.000;dist_m=2228.4,6985,Spatial-only candidate blocked (do not merge by geometry alone),
village_tract,MMR012005008,Bar Bu Taung,ဘားဘူတောင်,Rakhine,MMR012005,Minbya,Rakhine,Rakhine > Mrauk-U > Minbya,village_tract_boundary_Rakhine_v94.zip:mmr_rke_polbnda_adm4_mimu_who_250k.shp,9141,6950,,,,,,manual_review,45,true,no_exact_name,7008:overlap=0.000;dist_m=2089.7,7008,Spatial-only candidate blocked (do not merge by geometry alone),
village_tract,MMR012005001,Kin Seik,ကင်းဆိပ်,Rakhine,MMR012005,Minbya,Rakhine,Rakhine > Mrauk-U > Minbya,village_tract_boundary_Rakhine_v94.zip:mmr_rke_polbnda_adm4_mimu_who_250k.shp,9153,6950,,,,,,manual_review,45,true,no_exact_name,7007:overlap=0.000;dist_m=1968.4,7007,Spatial-only candidate blocked (do not merge by geometry alone),
village_tract,MMR012003015,Kin Seik,ကင်းဆိပ်,Rakhine,MMR012003,Mrauk-U,Rakhine,Rakhine > Mrauk-U > Mrauk-U,village_tract_boundary_Rakhine_v94.zip:mmr_rke_polbnda_adm4_mimu_who_250k.shp,9229,6951,,,,,,manual_review,45,true,no_exact_name,6955:overlap=0.000;dist_m=2224.3,6955,Spatial-only candidate blocked (do not merge by geometry alone),
village_tract,MMR012003014,Maung Shwi Kan,မောင်ရွှီကန်,Rakhine,MMR012003,Mrauk-U,Rakhine,Rakhine > Mrauk-U > Mrauk-U,village_tract_boundary_Rakhine_v94.zip:mmr_rke_polbnda_adm4_mimu_who_250k.shp,9245,6951,,,,,,manual_review,45,true,no_exact_name,6954:overlap=0.000;dist_m=1480.1,6954,Spatial-only candidate blocked (do not merge by geometry alone),
village_tract,MMR012002059,Kyauk Seik,ကျောက်ဆိပ်,Rakhine,MMR012002,Ponnagyun,Rakhine,Rakhine > Sittwe > Ponnagyun,village_tract_boundary_Rakhine_v94.zip:mmr_rke_polbnda_adm4_mimu_who_250k.shp,9449,6987,,,,,,manual_review,45,true,no_exact_name,7004:overlap=0.000;dist_m=2363.6,7004,Spatial-only candidate blocked (do not merge by geometry alone),
village_tract,MMR012002068,Yae Pauk Chaung,ရေပေါက်ချောင်း,Rakhine,MMR012002,Ponnagyun,Rakhine,Rakhine > Sittwe > Ponnagyun,village_tract_boundary_Rakhine_v94.zip:mmr_rke_polbnda_adm4_mimu_who_250k.shp,9495,6987,,,,,,manual_review,45,true,no_exact_name,7001:overlap=0.000;dist_m=2342.4,7001,Spatial-only candidate blocked (do not merge by geometry alone),
village_tract,MMR012008060,Pauk Taw,ပေါက်တော,Rakhine,MMR012008,Rathedaung,Rakhine,Rakhine > Sittwe > Rathedaung,village_tract_boundary_Rakhine_v94.zip:mmr_rke_polbnda_adm4_mimu_who_250k.shp,9558,6986,,,,,,manual_review,45,true,no_exact_name,6984:overlap=0.000;dist_m=2304.0,6984,Spatial-only candidate blocked (do not merge by geometry alone),
village_tract,MMR012001007,Kyay Taw,ကျေးတော,Rakhine,MMR012001,Sittwe,Rakhine,Rakhine > Sittwe > Sittwe,village_tract_boundary_Rakhine_v94.zip:mmr_rke_polbnda_adm4_mimu_who_250k.shp,9602,6993,,,,,,manual_review,45,true,no_exact_name,6811:overlap=0.000;dist_m=2148.9,6811,Spatial-only candidate blocked (do not merge by geometry alone),
village_tract,MMR012001024,U Yin Thar,ဥယျာဉ်သာ,Rakhine,MMR012001,Sittwe,Rakhine,Rakhine > Sittwe > Sittwe,village_tract_boundary_Rakhine_v94.zip:mmr_rke_polbnda_adm4_mimu_who_250k.shp,9616,6993,,,,,,manual_review,45,true,no_exact_name,6992:overlap=0.000;dist_m=2477.5,6992,Spatial-only candidate blocked (do not merge by geometry alone),
village_tract,MMR005024019,Ka Yar Kone,ကရာကုန်း,Sagaing,MMR005024,Kawlin,Sagaing,Sagaing > Kawlin > Kawlin,village_tract_boundary_Sagaing_v94.zip:mmr_sag_polbnda_adm4_250k_mimu_1.shp,10324,6761,,,,,,manual_review,45,true,no_exact_name,6753:overlap=0.000;dist_m=2359.6,6753,Spatial-only candidate blocked (do not merge by geometry alone),
village_tract,MMR005025010,Ma Gyi Kone,မန်ကျည်းကုန်း,Sagaing,MMR005025,Wuntho,Sagaing,Sagaing > Kawlin > Wuntho,village_tract_boundary_Sagaing_v94.zip:mmr_sag_polbnda_adm4_250k_mimu_1.shp,10436,6706,,,,,,manual_review,45,true,no_exact_name,6756:overlap=0.000;dist_m=2474.6,6756,Spatial-only candidate blocked (do not merge by geometry alone),
village_tract,MMR005001012,Daung Ma,ဒေါင်းမ,Sagaing,MMR005001,Sagaing,Sagaing,Sagaing > Sagaing > Sagaing,village_tract_boundary_Sagaing_v94.zip:mmr_sag_polbnda_adm4_250k_mimu_1.shp,10927,6831,,,,,,manual_review,45,true,no_exact_name,6844:overlap=0.000;dist_m=2474.0,6844,Spatial-only candidate blocked (do not merge by geometry alone),
village_tract,MMR005001016,Kyauk Tar,ကျောက်တာ,Sagaing,MMR005001,Sagaing,Sagaing,Sagaing > Sagaing > Sagaing,village_tract_boundary_Sagaing_v94.zip:mmr_sag_polbnda_adm4_250k_mimu_1.shp,10941,6831,,,,,,manual_review,45,true,no_exact_name,6835:overlap=0.000;dist_m=2258.2,6835,Spatial-only candidate blocked (do not merge by geometry alone),
village_tract,MMR005001008,Kywei Lu,ကြွယ်လူး,Sagaing,MMR005001,Sagaing,Sagaing,Sagaing > Sagaing > Sagaing,village_tract_boundary_Sagaing_v94.zip:mmr_sag_polbnda_adm4_250k_mimu_1.shp,10943,6831,,,,,,manual_review,45,true,no_exact_name,6844:overlap=0.000;dist_m=1749.9,6844,Spatial-only candidate blocked (do not merge by geometry alone),
village_tract,MMR005005035,Oke Sar Twin,ဥစ္စာတွင်း,Sagaing,MMR005005,Khin-U,Sagaing,Sagaing > Shwebo > Khin-U,village_tract_boundary_Sagaing_v94.zip:mmr_sag_polbnda_adm4_250k_mimu_1.shp,11039,6783,,,,,,manual_review,45,true,no_exact_name,6776:overlap=0.000;dist_m=2494.9,6776,Spatial-only candidate blocked (do not merge by geometry alone),
village_tract,MMR005011012,Kyun Taw Kone,ကျွန်းတောကုန်း,Sagaing,MMR005011,Taze,Sagaing,Sagaing > Shwebo > Taze,village_tract_boundary_Sagaing_v94.zip:mmr_sag_polbnda_adm4_250k_mimu_1.shp,11222,6766,,,,,,manual_review,45,true,no_exact_name,6796:overlap=0.000;dist_m=2299.8,6796,Spatial-only candidate blocked (do not merge by geometry alone),
village_tract,MMR005019003,Gyoe Gyar U,ကြိုးကြာဥ,Sagaing,MMR005019,Pale,Sagaing,Sagaing > Yinmarbin > Pale,village_tract_boundary_Sagaing_v94.zip:mmr_sag_polbnda_adm4_250k_mimu_1.shp,11466,6814,,,,,,manual_review,45,true,no_exact_name,6904:overlap=0.000;dist_m=2404.4,6904,Spatial-only candidate blocked (do not merge by geometry alone),
village_tract,MMR005016003,Ywar Thar,ရွာသာ,Sagaing,MMR005016,Yinmarbin,Sagaing,Sagaing > Yinmarbin > Yinmarbin,village_tract_boundary_Sagaing_v94.zip:mmr_sag_polbnda_adm4_250k_mimu_1.shp,11594,6816,,,,,,manual_review,45,true,no_exact_name,6817:overlap=0.000;dist_m=2357.4,6817,Spatial-only candidate blocked (do not merge by geometry alone),
village_tract,MMR016001002,Nawng Kon,နောင်ကုန်,Shan (East),MMR016001,Kengtung,Shan (East),Shan (East) > Kengtung > Kengtung,village_tract_boundary_Shan_v94.zip:mmr_shn_polbnda_adm4_250k_mimu_1.shp,11624,6360,,,,,,manual_review,45,true,no_exact_name,6358:overlap=0.000;dist_m=2469.0,6358,Spatial-only candidate blocked (do not merge by geometry alone),
village_tract,MMR016001001,Yang Law,ယန်းလော,Shan (East),MMR016001,Kengtung,Shan (East),Shan (East) > Kengtung > Kengtung,village_tract_boundary_Shan_v94.zip:mmr_shn_polbnda_adm4_250k_mimu_1.shp,11636,6360,,,,,,manual_review,45,true,no_exact_name,6352:overlap=0.000;dist_m=1461.1,6352,Spatial-only candidate blocked (do not merge by geometry alone),
village_tract,MMR015005039,Hpan Htu,ဖန်ထူ,Shan (North),MMR015005,Pangsang,Shan (North),Shan (North) > Matman > Pangsang,village_tract_boundary_Shan_v94.zip:mmr_shn_polbnda_adm4_250k_mimu_1.shp,11728,,,,,,,manual_review,40,true,,,,Source township not uniquely mapped to CoreMap; child matching blocked,No unique CoreMap township for source township name
village_tract,MMR015012001,Nam Hu Tawng,နမ့်ဟူးတောင်း,Shan (North),MMR015012,Kyaukme,Shan (North),Shan (North) > Kyaukme > Kyaukme,village_tract_boundary_Shan_v94.zip:mmr_shn_polbnda_adm4_250k_mimu_1.shp,12047,6551,,,,,,manual_review,45,true,no_exact_name,6504:overlap=0.000;dist_m=1848.7,6504,Spatial-only candidate blocked (do not merge by geometry alone),
village_tract,MMR015004041,Kawng Sang,ကောင်းစန်း,Shan (North),MMR015004,Tangyan,Shan (North),Shan (North) > Lashio > Tangyan,village_tract_boundary_Shan_v94.zip:mmr_shn_polbnda_adm4_250k_mimu_1.shp,12301,6467,,,,,,manual_review,45,true,no_exact_name,6493:overlap=1.000;dist_m=22665.5,6493,Spatial-only candidate blocked (do not merge by geometry alone),
village_tract,MMR015004003,Kone Mon,ကုန်းမုံ,Shan (North),MMR015004,Tangyan,Shan (North),Shan (North) > Lashio > Tangyan,village_tract_boundary_Shan_v94.zip:mmr_shn_polbnda_adm4_250k_mimu_1.shp,12302,6467,,,,,,manual_review,45,true,no_exact_name,6493:overlap=0.156;dist_m=26664.6,6493,Spatial-only candidate blocked (do not merge by geometry alone),
village_tract,MMR015004049,Loi Pyet,လွယ်ပျက်,Shan (North),MMR015004,Tangyan,Shan (North),Shan (North) > Lashio > Tangyan,village_tract_boundary_Shan_v94.zip:mmr_shn_polbnda_adm4_250k_mimu_1.shp,12304,6467,,,,,,manual_review,45,true,no_exact_name,6493:overlap=0.260;dist_m=18355.9,6493,Spatial-only candidate blocked (do not merge by geometry alone),
village_tract,MMR015004048,Loi Waw,လွယ်ဝေါ,Shan (North),MMR015004,Tangyan,Shan (North),Shan (North) > Lashio > Tangyan,village_tract_boundary_Shan_v94.zip:mmr_shn_polbnda_adm4_250k_mimu_1.shp,12306,6467,,,,,,manual_review,45,true,no_exact_name,6493:overlap=0.958;dist_m=9769.7,6493,Spatial-only candidate blocked (do not merge by geometry alone),
village_tract,MMR015004005,Man Kat,မန်ကပ်,Shan (North),MMR015004,Tangyan,Shan (North),Shan (North) > Lashio > Tangyan,village_tract_boundary_Shan_v94.zip:mmr_shn_polbnda_adm4_250k_mimu_1.shp,12309,6467,,,,,,manual_review,45,true,no_exact_name,6493:overlap=0.121;dist_m=21982.5,6493,Spatial-only candidate blocked (do not merge by geometry alone),
village_tract,MMR015004045,Man Kawng Mu,မန်ကောင်းမူး,Shan (North),MMR015004,Tangyan,Shan (North),Shan (North) > Lashio > Tangyan,village_tract_boundary_Shan_v94.zip:mmr_shn_polbnda_adm4_250k_mimu_1.shp,12311,6467,,,,,,manual_review,45,true,no_exact_name,6493:overlap=0.626;dist_m=14165.8,6493,Spatial-only candidate blocked (do not merge by geometry alone),
village_tract,MMR015004042,Nam Hu,နမ့်ဟူး,Shan (North),MMR015004,Tangyan,Shan (North),Shan (North) > Lashio > Tangyan,village_tract_boundary_Shan_v94.zip:mmr_shn_polbnda_adm4_250k_mimu_1.shp,12318,6467,,,,,,manual_review,45,true,no_exact_name,6493:overlap=0.838;dist_m=9262.0,6493,Spatial-only candidate blocked (do not merge by geometry alone),
village_tract,MMR015004047,Nam Muse,နမ့်မူဆယ်,Shan (North),MMR015004,Tangyan,Shan (North),Shan (North) > Lashio > Tangyan,village_tract_boundary_Shan_v94.zip:mmr_shn_polbnda_adm4_250k_mimu_1.shp,12321,6467,,,,,,manual_review,45,true,no_exact_name,6493:overlap=0.109;dist_m=24078.9,6493,Spatial-only candidate blocked (do not merge by geometry alone),
village_tract,MMR015004044,Nawng Hkam (Mong Htwun),နောင်ခမ်း (မိုင်းထွမ်း),Shan (North),MMR015004,Tangyan,Shan (North),Shan (North) > Lashio > Tangyan,village_tract_boundary_Shan_v94.zip:mmr_shn_polbnda_adm4_250k_mimu_1.shp,12330,6467,,,,,,manual_review,45,true,no_exact_name,6493:overlap=0.934;dist_m=16182.4,6493,Spatial-only candidate blocked (do not merge by geometry alone),
village_tract,MMR015004046,Nawng Hkam (Mong Mar),နောင်ခမ်း (မိုင်းမား),Shan (North),MMR015004,Tangyan,Shan (North),Shan (North) > Lashio > Tangyan,village_tract_boundary_Shan_v94.zip:mmr_shn_polbnda_adm4_250k_mimu_1.shp,12331,6467,,,,,,manual_review,45,true,no_exact_name,6493:overlap=0.866;dist_m=6711.2,6493,Spatial-only candidate blocked (do not merge by geometry alone),
village_tract,MMR015004040,Nawng Lai,နောင်လိုင်,Shan (North),MMR015004,Tangyan,Shan (North),Shan (North) > Lashio > Tangyan,village_tract_boundary_Shan_v94.zip:mmr_shn_polbnda_adm4_250k_mimu_1.shp,12335,6467,,,,,,manual_review,45,true,no_exact_name,6493:overlap=0.962;dist_m=14497.3,6493,Spatial-only candidate blocked (do not merge by geometry alone),
village_tract,MMR015004043,Pang Lawng,ပန်လောင်း,Shan (North),MMR015004,Tangyan,Shan (North),Shan (North) > Lashio > Tangyan,village_tract_boundary_Shan_v94.zip:mmr_shn_polbnda_adm4_250k_mimu_1.shp,12337,6467,,,,,,manual_review,45,true,no_exact_name,6493:overlap=0.996;dist_m=32965.3,6493,Spatial-only candidate blocked (do not merge by geometry alone),
village_tract,MMR015004014,Pang Nyawng,ပန်ညောင်,Shan (North),MMR015004,Tangyan,Shan (North),Shan (North) > Lashio > Tangyan,village_tract_boundary_Shan_v94.zip:mmr_shn_polbnda_adm4_250k_mimu_1.shp,12339,6467,,,,,,manual_review,45,true,no_exact_name,6493:overlap=0.238;dist_m=16334.0,6493,Spatial-only candidate blocked (do not merge by geometry alone),
village_tract,,,,Shan (North),MMR015005,Pangsang (Panghkam),Shan (North),Shan (North) > Matman > Pangsang (Panghkam),village_tract_boundary_Shan_v94.zip:mmr_shn_polbnda_adm4_250k_mimu_1.shp,12402,,,,,,,manual_review,40,true,,,,Source township not uniquely mapped to CoreMap; child matching blocked,No unique CoreMap township for source township name
village_tract,MMR015005058,Aum Long,အွမ်လုံ,Shan (North),MMR015005,Pangsang (Panghkam),Shan (North),Shan (North) > Matman > Pangsang (Panghkam),village_tract_boundary_Shan_v94.zip:mmr_shn_polbnda_adm4_250k_mimu_1.shp,12403,,,,,,,manual_review,40,true,,,,Source township not uniquely mapped to CoreMap; child matching blocked,No unique CoreMap township for source township name
village_tract,MMR015005071,Ba Yin,ဗယင်း,Shan (North),MMR015005,Pangsang (Panghkam),Shan (North),Shan (North) > Matman > Pangsang (Panghkam),village_tract_boundary_Shan_v94.zip:mmr_shn_polbnda_adm4_250k_mimu_1.shp,12404,,,,,,,manual_review,40,true,,,,Source township not uniquely mapped to CoreMap; child matching blocked,No unique CoreMap township for source township name
village_tract,MMR015317003,Dein Aw,ဒိန်း အော,Shan (North),MMR015005,Pangsang (Panghkam),Shan (North),Shan (North) > Matman > Pangsang (Panghkam),village_tract_boundary_Shan_v94.zip:mmr_shn_polbnda_adm4_250k_mimu_1.shp,12405,,,,,,,manual_review,40,true,,,,Source township not uniquely mapped to CoreMap; child matching blocked,No unique CoreMap township for source township name
village_tract,MMR015005073,Hlei Pawng,လှယ်ပေါင်း,Shan (North),MMR015005,Pangsang (Panghkam),Shan (North),Shan (North) > Matman > Pangsang (Panghkam),village_tract_boundary_Shan_v94.zip:mmr_shn_polbnda_adm4_250k_mimu_1.shp,12406,,,,,,,manual_review,40,true,,,,Source township not uniquely mapped to CoreMap; child matching blocked,No unique CoreMap township for source township name
village_tract,MMR015005033,Ho Kyet,ဟိုကျက်,Shan (North),MMR015005,Pangsang (Panghkam),Shan (North),Shan (North) > Matman > Pangsang (Panghkam),village_tract_boundary_Shan_v94.zip:mmr_shn_polbnda_adm4_250k_mimu_1.shp,12407,,,,,,,manual_review,40,true,,,,Source township not uniquely mapped to CoreMap; child matching blocked,No unique CoreMap township for source township name
village_tract,MMR015005026,Ho Nam Mar,ဟိုနမ့်မာ,Shan (North),MMR015005,Pangsang,Shan (North),Shan (North) > Matman > Pangsang,village_tract_boundary_Shan_v94.zip:mmr_shn_polbnda_adm4_250k_mimu_1.shp,12408,,,,,,,manual_review,40,true,,,,Source township not uniquely mapped to CoreMap; child matching blocked,No unique CoreMap township for source township name
village_tract,MMR015005082,Hsa Lar,ဆလား,Shan (North),MMR015005,Pangsang,Shan (North),Shan (North) > Matman > Pangsang,village_tract_boundary_Shan_v94.zip:mmr_shn_polbnda_adm4_250k_mimu_1.shp,12409,,,,,,,manual_review,40,true,,,,Source township not uniquely mapped to CoreMap; child matching blocked,No unique CoreMap township for source township name
village_tract,MMR015005064,Hsan Lu,ဆန်လု,Shan (North),MMR015005,Pangsang,Shan (North),Shan (North) > Matman > Pangsang,village_tract_boundary_Shan_v94.zip:mmr_shn_polbnda_adm4_250k_mimu_1.shp,12410,,,,,,,manual_review,40,true,,,,Source township not uniquely mapped to CoreMap; child matching blocked,No unique CoreMap township for source township name
village_tract,MMR015005084,Hson Hpoet,ဆုံဖို့,Shan (North),MMR015005,Pangsang (Panghkam),Shan (North),Shan (North) > Matman > Pangsang (Panghkam),village_tract_boundary_Shan_v94.zip:mmr_shn_polbnda_adm4_250k_mimu_1.shp,12411,,,,,,,manual_review,40,true,,,,Source township not uniquely mapped to CoreMap; child matching blocked,No unique CoreMap township for source township name
village_tract,MMR015005060,Hta Mon,ထမုံ,Shan (North),MMR015005,Pangsang (Panghkam),Shan (North),Shan (North) > Matman > Pangsang (Panghkam),village_tract_boundary_Shan_v94.zip:mmr_shn_polbnda_adm4_250k_mimu_1.shp,12412,,,,,,,manual_review,40,true,,,,Source township not uniquely mapped to CoreMap; child matching blocked,No unique CoreMap township for source township name
village_tract,MMR015005054,Hu Ngeit,ဟူးငဲ့,Shan (North),MMR015005,Pangsang (Panghkam),Shan (North),Shan (North) > Matman > Pangsang (Panghkam),village_tract_boundary_Shan_v94.zip:mmr_shn_polbnda_adm4_250k_mimu_1.shp,12413,,,,,,,manual_review,40,true,,,,Source township not uniquely mapped to CoreMap; child matching blocked,No unique CoreMap township for source township name
village_tract,MMR015005081,Huong Kut,ဟုန်းကွတ်,Shan (North),MMR015005,Pangsang,Shan (North),Shan (North) > Matman > Pangsang,village_tract_boundary_Shan_v94.zip:mmr_shn_polbnda_adm4_250k_mimu_1.shp,12414,,,,,,,manual_review,40,true,,,,Source township not uniquely mapped to CoreMap; child matching blocked,No unique CoreMap township for source township name
village_tract,MMR015005079,Huong Put,ဟုန်းပွတ်,Shan (North),MMR015005,Pangsang (Panghkam),Shan (North),Shan (North) > Matman > Pangsang (Panghkam),village_tract_boundary_Shan_v94.zip:mmr_shn_polbnda_adm4_250k_mimu_1.shp,12415,,,,,,,manual_review,40,true,,,,Source township not uniquely mapped to CoreMap; child matching blocked,No unique CoreMap township for source township name
village_tract,MMR015005051,Hway Waun,ဟွေဝိုင်း,Shan (North),MMR015005,Pangsang (Panghkam),Shan (North),Shan (North) > Matman > Pangsang (Panghkam),village_tract_boundary_Shan_v94.zip:mmr_shn_polbnda_adm4_250k_mimu_1.shp,12416,,,,,,,manual_review,40,true,,,,Source township not uniquely mapped to CoreMap; child matching blocked,No unique CoreMap township for source township name
village_tract,MMR015005010,Ka Hsint,ကဆင့်,Shan (North),MMR015005,Pangsang,Shan (North),Shan (North) > Matman > Pangsang,village_tract_boundary_Shan_v94.zip:mmr_shn_polbnda_adm4_250k_mimu_1.shp,12417,,,,,,,manual_review,40,true,,,,Source township not uniquely mapped to CoreMap; child matching blocked,No unique CoreMap township for source township name
village_tract,MMR015005072,Ka Long,ကလုံ,Shan (North),MMR015005,Pangsang (Panghkam),Shan (North),Shan (North) > Matman > Pangsang (Panghkam),village_tract_boundary_Shan_v94.zip:mmr_shn_polbnda_adm4_250k_mimu_1.shp,12418,,,,,,,manual_review,40,true,,,,Source township not uniquely mapped to CoreMap; child matching blocked,No unique CoreMap township for source township name
village_tract,MMR015317005,Kawng Huong,ကောင်းဟုန်း,Shan (North),MMR015005,Pangsang (Panghkam),Shan (North),Shan (North) > Matman > Pangsang (Panghkam),village_tract_boundary_Shan_v94.zip:mmr_shn_polbnda_adm4_250k_mimu_1.shp,12419,,,,,,,manual_review,40,true,,,,Source township not uniquely mapped to CoreMap; child matching blocked,No unique CoreMap township for source township name
village_tract,MMR015005005,Kawng Par,ကောင်ပါ,Shan (North),MMR015005,Pangsang,Shan (North),Shan (North) > Matman > Pangsang,village_tract_boundary_Shan_v94.zip:mmr_shn_polbnda_adm4_250k_mimu_1.shp,12420,,,,,,,manual_review,40,true,,,,Source township not uniquely mapped to CoreMap; child matching blocked,No unique CoreMap township for source township name
village_tract,MMR015005009,Kawng Ta,ကောင်းတ,Shan (North),MMR015005,Pangsang,Shan (North),Shan (North) > Matman > Pangsang,village_tract_boundary_Shan_v94.zip:mmr_shn_polbnda_adm4_250k_mimu_1.shp,12421,,,,,,,manual_review,40,true,,,,Source township not uniquely mapped to CoreMap; child matching blocked,No unique CoreMap township for source township name
village_tract,MMR015005067,Kone Hkar,ကုန်းခါး,Shan (North),MMR015005,Pangsang (Panghkam),Shan (North),Shan (North) > Matman > Pangsang (Panghkam),village_tract_boundary_Shan_v94.zip:mmr_shn_polbnda_adm4_250k_mimu_1.shp,12422,,,,,,,manual_review,40,true,,,,Source township not uniquely mapped to CoreMap; child matching blocked,No unique CoreMap township for source township name
village_tract,MMR015005061,Kun Ka,ကွန်က,Shan (North),MMR015005,Pangsang,Shan (North),Shan (North) > Matman > Pangsang,village_tract_boundary_Shan_v94.zip:mmr_shn_polbnda_adm4_250k_mimu_1.shp,12423,,,,,,,manual_review,40,true,,,,Source township not uniquely mapped to CoreMap; child matching blocked,No unique CoreMap township for source township name
village_tract,MMR015005015,Kun Pei,ကွမ်ပါယ်,Shan (North),MMR015005,Pangsang (Panghkam),Shan (North),Shan (North) > Matman > Pangsang (Panghkam),village_tract_boundary_Shan_v94.zip:mmr_shn_polbnda_adm4_250k_mimu_1.shp,12424,,,,,,,manual_review,40,true,,,,Source township not uniquely mapped to CoreMap; child matching blocked,No unique CoreMap township for source township name
village_tract,MMR015005046,Kun Yay,ကွန်ရေး,Shan (North),MMR015005,Pangsang (Panghkam),Shan (North),Shan (North) > Matman > Pangsang (Panghkam),village_tract_boundary_Shan_v94.zip:mmr_shn_polbnda_adm4_250k_mimu_1.shp,12425,,,,,,,manual_review,40,true,,,,Source township not uniquely mapped to CoreMap; child matching blocked,No unique CoreMap township for source township name
village_tract,MMR015005012,Loi Hsin,လွယ်ဆင်(မ်),Shan (North),MMR015005,Pangsang,Shan (North),Shan (North) > Matman > Pangsang,village_tract_boundary_Shan_v94.zip:mmr_shn_polbnda_adm4_250k_mimu_1.shp,12426,,,,,,,manual_review,40,true,,,,Source township not uniquely mapped to CoreMap; child matching blocked,No unique CoreMap township for source township name
village_tract,MMR015005038,Long Lat Hsin,လုံလတ်ဆင်,Shan (North),MMR015005,Pangsang,Shan (North),Shan (North) > Matman > Pangsang,village_tract_boundary_Shan_v94.zip:mmr_shn_polbnda_adm4_250k_mimu_1.shp,12427,,,,,,,manual_review,40,true,,,,Source township not uniquely mapped to CoreMap; child matching blocked,No unique CoreMap township for source township name
village_tract,MMR015005023,Man An,မန်အန်,Shan (North),MMR015005,Pangsang,Shan (North),Shan (North) > Matman > Pangsang,village_tract_boundary_Shan_v94.zip:mmr_shn_polbnda_adm4_250k_mimu_1.shp,12428,,,,,,,manual_review,40,true,,,,Source township not uniquely mapped to CoreMap; child matching blocked,No unique CoreMap township for source township name
village_tract,MMR015005011,Man Hkar,မန်ခါး,Shan (North),MMR015005,Pangsang,Shan (North),Shan (North) > Matman > Pangsang,village_tract_boundary_Shan_v94.zip:mmr_shn_polbnda_adm4_250k_mimu_1.shp,12429,,,,,,,manual_review,40,true,,,,Source township not uniquely mapped to CoreMap; child matching blocked,No unique CoreMap township for source township name
village_tract,MMR015005001,Man Hpant,မန်ဖန့်,Shan (North),MMR015005,Pangsang,Shan (North),Shan (North) > Matman > Pangsang,village_tract_boundary_Shan_v94.zip:mmr_shn_polbnda_adm4_250k_mimu_1.shp,12430,,,,,,,manual_review,40,true,,,,Source township not uniquely mapped to CoreMap; child matching blocked,No unique CoreMap township for source township name
village_tract,MMR015005042,Man Htan,မန်ထန်,Shan (North),MMR015005,Pangsang (Panghkam),Shan (North),Shan (North) > Matman > Pangsang (Panghkam),village_tract_boundary_Shan_v94.zip:mmr_shn_polbnda_adm4_250k_mimu_1.shp,12431,,,,,,,manual_review,40,true,,,,Source township not uniquely mapped to CoreMap; child matching blocked,No unique CoreMap township for source township name
village_tract,MMR015005047,Man Htan,မန်ထန်,Shan (North),MMR015005,Pangsang (Panghkam),Shan (North),Shan (North) > Matman > Pangsang (Panghkam),village_tract_boundary_Shan_v94.zip:mmr_shn_polbnda_adm4_250k_mimu_1.shp,12432,,,,,,,manual_review,40,true,,,,Source township not uniquely mapped to CoreMap; child matching blocked,No unique CoreMap township for source township name
village_tract,MMR015005076,Man Mai,မန်မိုင်,Shan (North),MMR015005,Pangsang (Panghkam),Shan (North),Shan (North) > Matman > Pangsang (Panghkam),village_tract_boundary_Shan_v94.zip:mmr_shn_polbnda_adm4_250k_mimu_1.shp,12433,,,,,,,manual_review,40,true,,,,Source township not uniquely mapped to CoreMap; child matching blocked,No unique CoreMap township for source township name
village_tract,MMR015005018,Man Mann Hseng,မန်မန်းဆိုင်,Shan (North),MMR015005,Pangsang,Shan (North),Shan (North) > Matman > Pangsang,village_tract_boundary_Shan_v94.zip:mmr_shn_polbnda_adm4_250k_mimu_1.shp,12434,,,,,,,manual_review,40,true,,,,Source township not uniquely mapped to CoreMap; child matching blocked,No unique CoreMap township for source township name
village_tract,MMR015317004,Man Maw,မန်း မော,Shan (North),MMR015005,Pangsang (Panghkam),Shan (North),Shan (North) > Matman > Pangsang (Panghkam),village_tract_boundary_Shan_v94.zip:mmr_shn_polbnda_adm4_250k_mimu_1.shp,12435,,,,,,,manual_review,40,true,,,,Source township not uniquely mapped to CoreMap; child matching blocked,No unique CoreMap township for source township name
village_tract,MMR015005014,Man Nwet,မန်နွဲ့,Shan (North),MMR015005,Pangsang,Shan (North),Shan (North) > Matman > Pangsang,village_tract_boundary_Shan_v94.zip:mmr_shn_polbnda_adm4_250k_mimu_1.shp,12436,,,,,,,manual_review,40,true,,,,Source township not uniquely mapped to CoreMap; child matching blocked,No unique CoreMap township for source township name
village_tract,MMR015005024,Man San (Mut Ngar),မန်စန် (မွတ်ငါး),Shan (North),MMR015005,Pangsang,Shan (North),Shan (North) > Matman > Pangsang,village_tract_boundary_Shan_v94.zip:mmr_shn_polbnda_adm4_250k_mimu_1.shp,12437,,,,,,,manual_review,40,true,,,,Source township not uniquely mapped to CoreMap; child matching blocked,No unique CoreMap township for source township name
village_tract,MMR015005017,Mar Teit,မာတဲ့,Shan (North),MMR015005,Pangsang,Shan (North),Shan (North) > Matman > Pangsang,village_tract_boundary_Shan_v94.zip:mmr_shn_polbnda_adm4_250k_mimu_1.shp,12438,,,,,,,manual_review,40,true,,,,Source township not uniquely mapped to CoreMap; child matching blocked,No unique CoreMap township for source township name
village_tract,MMR015005041,Maw Hpyaik (Nawng Chan),မော်ဖြိုက် (နောင်ချမ်),Shan (North),MMR015005,Pangsang,Shan (North),Shan (North) > Matman > Pangsang,village_tract_boundary_Shan_v94.zip:mmr_shn_polbnda_adm4_250k_mimu_1.shp,12439,,,,,,,manual_review,40,true,,,,Source township not uniquely mapped to CoreMap; child matching blocked,No unique CoreMap township for source township name
village_tract,MMR015005040,Maw Pa Long,မော်ပလုံ,Shan (North),MMR015005,Pangsang,Shan (North),Shan (North) > Matman > Pangsang,village_tract_boundary_Shan_v94.zip:mmr_shn_polbnda_adm4_250k_mimu_1.shp,12440,,,,,,,manual_review,40,true,,,,Source township not uniquely mapped to CoreMap; child matching blocked,No unique CoreMap township for source township name
village_tract,MMR015005078,Mong Hto,မိုင်းထို,Shan (North),MMR015005,Pangsang (Panghkam),Shan (North),Shan (North) > Matman > Pangsang (Panghkam),village_tract_boundary_Shan_v94.zip:mmr_shn_polbnda_adm4_250k_mimu_1.shp,12441,,,,,,,manual_review,40,true,,,,Source township not uniquely mapped to CoreMap; child matching blocked,No unique CoreMap township for source township name
village_tract,MMR015005019,Mong Pat,မိုင်းပတ်,Shan (North),MMR015005,Pangsang,Shan (North),Shan (North) > Matman > Pangsang,village_tract_boundary_Shan_v94.zip:mmr_shn_polbnda_adm4_250k_mimu_1.shp,12442,,,,,,,manual_review,40,true,,,,Source township not uniquely mapped to CoreMap; child matching blocked,No unique CoreMap township for source township name
village_tract,MMR015005002,Mut Hai,မွတ်ဟိုင်း,Shan (North),MMR015005,Pangsang,Shan (North),Shan (North) > Matman > Pangsang,village_tract_boundary_Shan_v94.zip:mmr_shn_polbnda_adm4_250k_mimu_1.shp,12443,,,,,,,manual_review,40,true,,,,Source township not uniquely mapped to CoreMap; child matching blocked,No unique CoreMap township for source township name
village_tract,MMR015005007,Mut Pa Lawt,မွတ်ပလော့,Shan (North),MMR015005,Pangsang,Shan (North),Shan (North) > Matman > Pangsang,village_tract_boundary_Shan_v94.zip:mmr_shn_polbnda_adm4_250k_mimu_1.shp,12444,,,,,,,manual_review,40,true,,,,Source township not uniquely mapped to CoreMap; child matching blocked,No unique CoreMap township for source township name
village_tract,MMR015005037,Mut Sa Moet,မွတ်စမို့,Shan (North),MMR015005,Pangsang,Shan (North),Shan (North) > Matman > Pangsang,village_tract_boundary_Shan_v94.zip:mmr_shn_polbnda_adm4_250k_mimu_1.shp,12445,,,,,,,manual_review,40,true,,,,Source township not uniquely mapped to CoreMap; child matching blocked,No unique CoreMap township for source township name
village_tract,MMR015005031,Nam Hint,နမ့်ဟင့်,Shan (North),MMR015005,Pangsang (Panghkam),Shan (North),Shan (North) > Matman > Pangsang (Panghkam),village_tract_boundary_Shan_v94.zip:mmr_shn_polbnda_adm4_250k_mimu_1.shp,12446,,,,,,,manual_review,40,true,,,,Source township not uniquely mapped to CoreMap; child matching blocked,No unique CoreMap township for source township name
village_tract,MMR015317006,Nam Hpat,နမ့် ဖတ်,Shan (North),MMR015005,Pangsang (Panghkam),Shan (North),Shan (North) > Matman > Pangsang (Panghkam),village_tract_boundary_Shan_v94.zip:mmr_shn_polbnda_adm4_250k_mimu_1.shp,12447,,,,,,,manual_review,40,true,,,,Source township not uniquely mapped to CoreMap; child matching blocked,No unique CoreMap township for source township name
village_tract,MMR015005059,Nam Kat,နမ့်ကတ်,Shan (North),MMR015005,Pangsang (Panghkam),Shan (North),Shan (North) > Matman > Pangsang (Panghkam),village_tract_boundary_Shan_v94.zip:mmr_shn_polbnda_adm4_250k_mimu_1.shp,12448,,,,,,,manual_review,40,true,,,,Source township not uniquely mapped to CoreMap; child matching blocked,No unique CoreMap township for source township name
village_tract,MMR015005052,Nam Kit,နမ့်ကစ်,Shan (North),MMR015005,Pangsang (Panghkam),Shan (North),Shan (North) > Matman > Pangsang (Panghkam),village_tract_boundary_Shan_v94.zip:mmr_shn_polbnda_adm4_250k_mimu_1.shp,12449,,,,,,,manual_review,40,true,,,,Source township not uniquely mapped to CoreMap; child matching blocked,No unique CoreMap township for source township name
village_tract,MMR015005032,Nam Kyet,နမ့်ကျက်,Shan (North),MMR015005,Pangsang (Panghkam),Shan (North),Shan (North) > Matman > Pangsang (Panghkam),village_tract_boundary_Shan_v94.zip:mmr_shn_polbnda_adm4_250k_mimu_1.shp,12450,,,,,,,manual_review,40,true,,,,Source township not uniquely mapped to CoreMap; child matching blocked,No unique CoreMap township for source township name
village_tract,MMR015005025,Nam Noke,နမ့်နုတ်,Shan (North),MMR015005,Pangsang,Shan (North),Shan (North) > Matman > Pangsang,village_tract_boundary_Shan_v94.zip:mmr_shn_polbnda_adm4_250k_mimu_1.shp,12451,,,,,,,manual_review,40,true,,,,Source township not uniquely mapped to CoreMap; child matching blocked,No unique CoreMap township for source township name
village_tract,MMR015005045,Nam Put,နမ့်ပွတ်,Shan (North),MMR015005,Pangsang (Panghkam),Shan (North),Shan (North) > Matman > Pangsang (Panghkam),village_tract_boundary_Shan_v94.zip:mmr_shn_polbnda_adm4_250k_mimu_1.shp,12452,,,,,,,manual_review,40,true,,,,Source township not uniquely mapped to CoreMap; child matching blocked,No unique CoreMap township for source township name
village_tract,MMR015005085,Nam Tawng,နမ့်တောင်း,Shan (North),MMR015005,Pangsang,Shan (North),Shan (North) > Matman > Pangsang,village_tract_boundary_Shan_v94.zip:mmr_shn_polbnda_adm4_250k_mimu_1.shp,12453,,,,,,,manual_review,40,true,,,,Source township not uniquely mapped to CoreMap; child matching blocked,No unique CoreMap township for source township name
village_tract,MMR015005029,Nar Aw,နားအော်,Shan (North),MMR015005,Pangsang (Panghkam),Shan (North),Shan (North) > Matman > Pangsang (Panghkam),village_tract_boundary_Shan_v94.zip:mmr_shn_polbnda_adm4_250k_mimu_1.shp,12454,,,,,,,manual_review,40,true,,,,Source township not uniquely mapped to CoreMap; child matching blocked,No unique CoreMap township for source township name
village_tract,MMR015005030,Nar Hkar Hseng,နားခါးဆိုင်,Shan (North),MMR015005,Pangsang,Shan (North),Shan (North) > Matman > Pangsang,village_tract_boundary_Shan_v94.zip:mmr_shn_polbnda_adm4_250k_mimu_1.shp,12455,,,,,,,manual_review,40,true,,,,Source township not uniquely mapped to CoreMap; child matching blocked,No unique CoreMap township for source township name
village_tract,MMR015005013,Nar Hnyi,နားညှိ,Shan (North),MMR015005,Pangsang,Shan (North),Shan (North) > Matman > Pangsang,village_tract_boundary_Shan_v94.zip:mmr_shn_polbnda_adm4_250k_mimu_1.shp,12456,,,,,,,manual_review,40,true,,,,Source township not uniquely mapped to CoreMap; child matching blocked,No unique CoreMap township for source township name
village_tract,MMR015005028,Nar Kawng,နားကောင်,Shan (North),MMR015005,Pangsang (Panghkam),Shan (North),Shan (North) > Matman > Pangsang (Panghkam),village_tract_boundary_Shan_v94.zip:mmr_shn_polbnda_adm4_250k_mimu_1.shp,12457,,,,,,,manual_review,40,true,,,,Source township not uniquely mapped to CoreMap; child matching blocked,No unique CoreMap township for source township name
village_tract,MMR015316001,Nar Kawng,နား ကောင်း,Shan (North),MMR015005,Pangsang (Panghkam),Shan (North),Shan (North) > Matman > Pangsang (Panghkam),village_tract_boundary_Shan_v94.zip:mmr_shn_polbnda_adm4_250k_mimu_1.shp,12458,,,,,,,manual_review,40,true,,,,Source township not uniquely mapped to CoreMap; child matching blocked,No unique CoreMap township for source township name
village_tract,MMR015317001,Nar Lawt,နာ လော့,Shan (North),MMR015005,Pangsang (Panghkam),Shan (North),Shan (North) > Matman > Pangsang (Panghkam),village_tract_boundary_Shan_v94.zip:mmr_shn_polbnda_adm4_250k_mimu_1.shp,12459,,,,,,,manual_review,40,true,,,,Source township not uniquely mapped to CoreMap; child matching blocked,No unique CoreMap township for source township name
village_tract,MMR015005016,Nawng Hkam,နောင်ခမ်း,Shan (North),MMR015005,Pangsang,Shan (North),Shan (North) > Matman > Pangsang,village_tract_boundary_Shan_v94.zip:mmr_shn_polbnda_adm4_250k_mimu_1.shp,12460,,,,,,,manual_review,40,true,,,,Source township not uniquely mapped to CoreMap; child matching blocked,No unique CoreMap township for source township name
village_tract,MMR015314002,Nawng Hkit,နောင် ခေတ်,Shan (North),MMR015005,Pangsang (Panghkam),Shan (North),Shan (North) > Matman > Pangsang (Panghkam),village_tract_boundary_Shan_v94.zip:mmr_shn_polbnda_adm4_250k_mimu_1.shp,12461,,,,,,,manual_review,40,true,,,,Source township not uniquely mapped to CoreMap; child matching blocked,No unique CoreMap township for source township name
village_tract,MMR015005004,Nawng Hsaw,နောင်ဆော်,Shan (North),MMR015005,Pangsang,Shan (North),Shan (North) > Matman > Pangsang,village_tract_boundary_Shan_v94.zip:mmr_shn_polbnda_adm4_250k_mimu_1.shp,12462,,,,,,,manual_review,40,true,,,,Source township not uniquely mapped to CoreMap; child matching blocked,No unique CoreMap township for source township name
village_tract,MMR015005022,Nyet Kar,ညက်ကာ,Shan (North),MMR015005,Pangsang,Shan (North),Shan (North) > Matman > Pangsang,village_tract_boundary_Shan_v94.zip:mmr_shn_polbnda_adm4_250k_mimu_1.shp,12463,,,,,,,manual_review,40,true,,,,Source township not uniquely mapped to CoreMap; child matching blocked,No unique CoreMap township for source township name
village_tract,MMR015005035,Ong Long,အုံလုံ,Shan (North),MMR015005,Pangsang (Panghkam),Shan (North),Shan (North) > Matman > Pangsang (Panghkam),village_tract_boundary_Shan_v94.zip:mmr_shn_polbnda_adm4_250k_mimu_1.shp,12464,,,,,,,manual_review,40,true,,,,Source township not uniquely mapped to CoreMap; child matching blocked,No unique CoreMap township for source township name
village_tract,MMR015316002,Ong Long,အုံး လုံ,Shan (North),MMR015005,Pangsang (Panghkam),Shan (North),Shan (North) > Matman > Pangsang (Panghkam),village_tract_boundary_Shan_v94.zip:mmr_shn_polbnda_adm4_250k_mimu_1.shp,12465,,,,,,,manual_review,40,true,,,,Source township not uniquely mapped to CoreMap; child matching blocked,No unique CoreMap township for source township name
village_tract,MMR015005020,Pang Hpein,ပန်ဖိန်း,Shan (North),MMR015005,Pangsang,Shan (North),Shan (North) > Matman > Pangsang,village_tract_boundary_Shan_v94.zip:mmr_shn_polbnda_adm4_250k_mimu_1.shp,12466,,,,,,,manual_review,40,true,,,,Source township not uniquely mapped to CoreMap; child matching blocked,No unique CoreMap township for source township name
village_tract,MMR015005080,Pang Hpein,ပန်ဖိန်း,Shan (North),MMR015005,Pangsang (Panghkam),Shan (North),Shan (North) > Matman > Pangsang (Panghkam),village_tract_boundary_Shan_v94.zip:mmr_shn_polbnda_adm4_250k_mimu_1.shp,12467,,,,,,,manual_review,40,true,,,,Source township not uniquely mapped to CoreMap; child matching blocked,No unique CoreMap township for source township name
village_tract,MMR015005021,Pang Kaw (Lower),ပန်ကော် (အောက်),Shan (North),MMR015005,Pangsang,Shan (North),Shan (North) > Matman > Pangsang,village_tract_boundary_Shan_v94.zip:mmr_shn_polbnda_adm4_250k_mimu_1.shp,12468,,,,,,,manual_review,40,true,,,,Source township not uniquely mapped to CoreMap; child matching blocked,No unique CoreMap township for source township name
village_tract,MMR015005036,Pang Kaw (Upper),ပန်ကော် (ထက်),Shan (North),MMR015005,Pangsang,Shan (North),Shan (North) > Matman > Pangsang,village_tract_boundary_Shan_v94.zip:mmr_shn_polbnda_adm4_250k_mimu_1.shp,12469,,,,,,,manual_review,40,true,,,,Source township not uniquely mapped to CoreMap; child matching blocked,No unique CoreMap township for source township name
village_tract,MMR015005068,Pang Ku,ပန်ကူ,Shan (North),MMR015005,Pangsang (Panghkam),Shan (North),Shan (North) > Matman > Pangsang (Panghkam),village_tract_boundary_Shan_v94.zip:mmr_shn_polbnda_adm4_250k_mimu_1.shp,12470,,,,,,,manual_review,40,true,,,,Source township not uniquely mapped to CoreMap; child matching blocked,No unique CoreMap township for source township name
village_tract,MMR015005063,Pang Lawng,ပန်လောင်း,Shan (North),MMR015005,Pangsang (Panghkam),Shan (North),Shan (North) > Matman > Pangsang (Panghkam),village_tract_boundary_Shan_v94.zip:mmr_shn_polbnda_adm4_250k_mimu_1.shp,12471,,,,,,,manual_review,40,true,,,,Source township not uniquely mapped to CoreMap; child matching blocked,No unique CoreMap township for source township name
village_tract,MMR015005056,Pang Win,ပန်ဝင်း,Shan (North),MMR015005,Pangsang (Panghkam),Shan (North),Shan (North) > Matman > Pangsang (Panghkam),village_tract_boundary_Shan_v94.zip:mmr_shn_polbnda_adm4_250k_mimu_1.shp,12472,,,,,,,manual_review,40,true,,,,Source township not uniquely mapped to CoreMap; child matching blocked,No unique CoreMap township for source township name
village_tract,MMR015005053,Pang Yawng,ပန်ယောင်း,Shan (North),MMR015005,Pangsang (Panghkam),Shan (North),Shan (North) > Matman > Pangsang (Panghkam),village_tract_boundary_Shan_v94.zip:mmr_shn_polbnda_adm4_250k_mimu_1.shp,12473,,,,,,,manual_review,40,true,,,,Source township not uniquely mapped to CoreMap; child matching blocked,No unique CoreMap township for source township name
village_tract,MMR015314004,Sa Lu,စ လူ,Shan (North),MMR015005,Pangsang (Panghkam),Shan (North),Shan (North) > Matman > Pangsang (Panghkam),village_tract_boundary_Shan_v94.zip:mmr_shn_polbnda_adm4_250k_mimu_1.shp,12474,,,,,,,manual_review,40,true,,,,Source township not uniquely mapped to CoreMap; child matching blocked,No unique CoreMap township for source township name
village_tract,MMR015005083,Ta Aw Aun,တအော်အွန်,Shan (North),MMR015005,Pangsang (Panghkam),Shan (North),Shan (North) > Matman > Pangsang (Panghkam),village_tract_boundary_Shan_v94.zip:mmr_shn_polbnda_adm4_250k_mimu_1.shp,12475,,,,,,,manual_review,40,true,,,,Source township not uniquely mapped to CoreMap; child matching blocked,No unique CoreMap township for source township name
village_tract,MMR015005075,Ta Aw Long,တအော်လုံ,Shan (North),MMR015005,Pangsang,Shan (North),Shan (North) > Matman > Pangsang,village_tract_boundary_Shan_v94.zip:mmr_shn_polbnda_adm4_250k_mimu_1.shp,12476,,,,,,,manual_review,40,true,,,,Source township not uniquely mapped to CoreMap; child matching blocked,No unique CoreMap township for source township name
village_tract,MMR015005050,To Lar,တိုလာ,Shan (North),MMR015005,Pangsang (Panghkam),Shan (North),Shan (North) > Matman > Pangsang (Panghkam),village_tract_boundary_Shan_v94.zip:mmr_shn_polbnda_adm4_250k_mimu_1.shp,12477,,,,,,,manual_review,40,true,,,,Source township not uniquely mapped to CoreMap; child matching blocked,No unique CoreMap township for source township name
village_tract,MMR015005048,Ton Nauk,တုံနောက်,Shan (North),MMR015005,Pangsang (Panghkam),Shan (North),Shan (North) > Matman > Pangsang (Panghkam),village_tract_boundary_Shan_v94.zip:mmr_shn_polbnda_adm4_250k_mimu_1.shp,12478,,,,,,,manual_review,40,true,,,,Source township not uniquely mapped to CoreMap; child matching blocked,No unique CoreMap township for source township name
village_tract,MMR015005701,Urban,,Shan (North),MMR015005,Pangsang (Panghkam),Shan (North),Shan (North) > Matman > Pangsang (Panghkam),village_tract_boundary_Shan_v94.zip:mmr_shn_polbnda_adm4_250k_mimu_1.shp,12479,,,,,,,manual_review,40,true,,,,Source township not uniquely mapped to CoreMap; child matching blocked,No unique CoreMap township for source township name
village_tract,MMR015005702,Urban,,Shan (North),MMR015005,Pangsang,Shan (North),Shan (North) > Matman > Pangsang,village_tract_boundary_Shan_v94.zip:mmr_shn_polbnda_adm4_250k_mimu_1.shp,12480,,,,,,,manual_review,40,true,,,,Source township not uniquely mapped to CoreMap; child matching blocked,No unique CoreMap township for source township name
village_tract,MMR015316003,Wein Hki,ဝိန် ခီး,Shan (North),MMR015005,Pangsang (Panghkam),Shan (North),Shan (North) > Matman > Pangsang (Panghkam),village_tract_boundary_Shan_v94.zip:mmr_shn_polbnda_adm4_250k_mimu_1.shp,12481,,,,,,,manual_review,40,true,,,,Source township not uniquely mapped to CoreMap; child matching blocked,No unique CoreMap township for source township name
village_tract,MMR015314001,Wein Kawng,ဝိန်း ကောင်,Shan (North),MMR015005,Pangsang (Panghkam),Shan (North),Shan (North) > Matman > Pangsang (Panghkam),village_tract_boundary_Shan_v94.zip:mmr_shn_polbnda_adm4_250k_mimu_1.shp,12482,,,,,,,manual_review,40,true,,,,Source township not uniquely mapped to CoreMap; child matching blocked,No unique CoreMap township for source township name
village_tract,MMR015005027,Yawng Au (Pang Leik),ယောင်အူ (ပန်လိပ်),Shan (North),MMR015005,Pangsang,Shan (North),Shan (North) > Matman > Pangsang,village_tract_boundary_Shan_v94.zip:mmr_shn_polbnda_adm4_250k_mimu_1.shp,12483,,,,,,,manual_review,40,true,,,,Source township not uniquely mapped to CoreMap; child matching blocked,No unique CoreMap township for source township name
village_tract,MMR015005034,Yawng Lan,ယောင်လန်း,Shan (North),MMR015005,Pangsang (Panghkam),Shan (North),Shan (North) > Matman > Pangsang (Panghkam),village_tract_boundary_Shan_v94.zip:mmr_shn_polbnda_adm4_250k_mimu_1.shp,12484,,,,,,,manual_review,40,true,,,,Source township not uniquely mapped to CoreMap; child matching blocked,No unique CoreMap township for source township name
village_tract,MMR015005074,Yawng Tein,ယောင်တိမ်း,Shan (North),MMR015005,Pangsang (Panghkam),Shan (North),Shan (North) > Matman > Pangsang (Panghkam),village_tract_boundary_Shan_v94.zip:mmr_shn_polbnda_adm4_250k_mimu_1.shp,12485,,,,,,,manual_review,40,true,,,,Source township not uniquely mapped to CoreMap; child matching blocked,No unique CoreMap township for source township name
village_tract,MMR015317002,Yawng Tin,ယောင် တင်း,Shan (North),MMR015005,Pangsang (Panghkam),Shan (North),Shan (North) > Matman > Pangsang (Panghkam),village_tract_boundary_Shan_v94.zip:mmr_shn_polbnda_adm4_250k_mimu_1.shp,12486,,,,,,,manual_review,40,true,,,,Source township not uniquely mapped to CoreMap; child matching blocked,No unique CoreMap township for source township name
village_tract,MMR015005003,Yay Hson,ယေးဆုံ,Shan (North),MMR015005,Pangsang,Shan (North),Shan (North) > Matman > Pangsang,village_tract_boundary_Shan_v94.zip:mmr_shn_polbnda_adm4_250k_mimu_1.shp,12487,,,,,,,manual_review,40,true,,,,Source township not uniquely mapped to CoreMap; child matching blocked,No unique CoreMap township for source township name
village_tract,MMR015005057,Yon Kat,ယုံကတ်,Shan (North),MMR015005,Pangsang (Panghkam),Shan (North),Shan (North) > Matman > Pangsang (Panghkam),village_tract_boundary_Shan_v94.zip:mmr_shn_polbnda_adm4_250k_mimu_1.shp,12488,,,,,,,manual_review,40,true,,,,Source township not uniquely mapped to CoreMap; child matching blocked,No unique CoreMap township for source township name
village_tract,MMR015011003,En Man Ho Kyan,အင်မိန်းဟိုကျန်,Shan (North),MMR015011,Kutkai,Shan (North),Shan (North) > Muse > Kutkai,village_tract_boundary_Shan_v94.zip:mmr_shn_polbnda_adm4_250k_mimu_1.shp,12550,6569,,,,,,manual_review,45,true,no_exact_name,6568:overlap=0.000;dist_m=2461.0,6568,Spatial-only candidate blocked (do not merge by geometry alone),
village_tract,MMR015009027,Kying Yang Ton,ကျိန်းယန်းတုံ,Shan (North),MMR015009,Muse,Shan (North),Shan (North) > Muse > Muse,village_tract_boundary_Shan_v94.zip:mmr_shn_polbnda_adm4_250k_mimu_1.shp,12618,6600,,,,,,manual_review,45,true,no_exact_name,6619:overlap=0.056;dist_m=4031.4,6619,Spatial-only candidate blocked (do not merge by geometry alone),
village_tract,MMR015009001,Nam Pang,နမ့်ပန်း,Shan (North),MMR015009,Muse,Shan (North),Shan (North) > Muse > Muse,village_tract_boundary_Shan_v94.zip:mmr_shn_polbnda_adm4_250k_mimu_1.shp,12648,6600,,,,,,manual_review,45,true,no_exact_name,6619:overlap=0.051;dist_m=8712.6,6619,Spatial-only candidate blocked (do not merge by geometry alone),
village_tract,MMR015019016,Manton (Pa Laung),မန်တုံ (ပလောင်),Shan (North),MMR015019,Manton,Shan (North),Shan (North) > Pa Laung Self-Administered Zone > Manton,village_tract_boundary_Shan_v94.zip:mmr_shn_polbnda_adm4_250k_mimu_1.shp,12735,6527,,,,,,manual_review,45,true,no_exact_name,6576:overlap=0.000;dist_m=1763.6,6576,Spatial-only candidate blocked (do not merge by geometry alone),
village_tract,MMR015016001,Ngun Hseng,ငွန်ဆိုင်း,Shan (North),MMR015016,Namhsan,Shan (North),Shan (North) > Pa Laung Self-Administered Zone > Namhsan,village_tract_boundary_Shan_v94.zip:mmr_shn_polbnda_adm4_250k_mimu_1.shp,12772,6394,,,,,,manual_review,45,true,no_exact_name,6365:overlap=0.000;dist_m=2038.2,6365,Spatial-only candidate blocked (do not merge by geometry alone),
village_tract,MMR014011001,Loilen (East),လွိုင်လင်အရှေ့,Shan (South),MMR014011,Loilen,Shan (South),Shan (South) > Loilen > Loilen,village_tract_boundary_Shan_v94.zip:mmr_shn_polbnda_adm4_250k_mimu_1.shp,12965,6126,,,,,,manual_review,45,true,no_exact_name,6125:overlap=0.000;dist_m=2190.1,6125,Spatial-only candidate blocked (do not merge by geometry alone),
village_tract,MMR014005003,Loi An,လွယ်အံ,Shan (South),MMR014005,Kalaw,Shan (South),Shan (South) > Taunggyi > Kalaw,village_tract_boundary_Shan_v94.zip:mmr_shn_polbnda_adm4_250k_mimu_1.shp,13118,6160,,,,,,manual_review,45,true,no_exact_name,6149:overlap=0.000;dist_m=2410.4,6149,Spatial-only candidate blocked (do not merge by geometry alone),
village_tract,MMR006001015,Ka Naing Dar,ကနိုင်းဒါ,Tanintharyi,MMR006001,Dawei,Tanintharyi,Tanintharyi > Dawei > Dawei,village_tract_boundary_Tanintharyi_v94.zip:mmr_tni_polbnda_adm4_unhcr_mimu_250k.shp,13228,7470,,,,,,manual_review,45,true,no_exact_name,7522:overlap=0.157;dist_m=3535.2,7522,Spatial-only candidate blocked (do not merge by geometry alone),
village_tract,MMR006001016,Shin Moke Tee,ရှင်မုတ္တီး,Tanintharyi,MMR006001,Dawei,Tanintharyi,Tanintharyi > Dawei > Dawei,village_tract_boundary_Tanintharyi_v94.zip:mmr_tni_polbnda_adm4_unhcr_mimu_250k.shp,13238,7470,,,,,,manual_review,45,true,no_exact_name,7522:overlap=0.391;dist_m=3462.0,7522,Spatial-only candidate blocked (do not merge by geometry alone),
village_tract,MMR006002001,Pyin Htein,ပြင်းထိန်,Tanintharyi,MMR006002,Launglon,Tanintharyi,Tanintharyi > Dawei > Launglon,village_tract_boundary_Tanintharyi_v94.zip:mmr_tni_polbnda_adm4_unhcr_mimu_250k.shp,13277,7481,,,,,,manual_review,45,true,no_exact_name,7478:overlap=0.000;dist_m=1895.9,7478,Spatial-only candidate blocked (do not merge by geometry alone),
village_tract,MMR006003013,Ti Tut Pyin,တီတွတ်ပြင်,Tanintharyi,MMR006003,Thayetchaung,Tanintharyi,Tanintharyi > Dawei > Thayetchaung,village_tract_boundary_Tanintharyi_v94.zip:mmr_tni_polbnda_adm4_unhcr_mimu_250k.shp,13326,7471,,,,,,manual_review,45,true,no_exact_name,7473:overlap=0.000;dist_m=2082.1,7473,Spatial-only candidate blocked (do not merge by geometry alone),
village_tract,MMR013020002,Ma Lit (East),မလစ် (အရှေ့),Yangon,MMR013020,Dagon Myothit (East),Yangon,Yangon > Yangon (East) > Dagon Myothit (East),village_tract_boundary_Yangon_v94.zip:mmr_ygn_polbnda_adm4_mimu_250k_1.shp,13520,5165,,,,,,manual_review,45,true,no_exact_name,5164:overlap=0.000;dist_m=2467.8,5164,Spatial-only candidate blocked (do not merge by geometry alone),
village_tract,MMR013003010,Bant Bway Kone,ဘန့်ဘွေးကုန်း,Yangon,MMR013003,Hmawbi,Yangon,Yangon > Yangon (North) > Hmawbi,village_tract_boundary_Yangon_v94.zip:mmr_ygn_polbnda_adm4_mimu_250k_1.shp,13602,5856,,,,,,manual_review,45,true,no_exact_name,5831:overlap=0.000;dist_m=1630.4,5831,Spatial-only candidate blocked (do not merge by geometry alone),
village_tract,MMR013003025,Pauk Kone,ပေါက်ကုန်း,Yangon,MMR013003,Hmawbi,Yangon,Yangon > Yangon (North) > Hmawbi,village_tract_boundary_Yangon_v94.zip:mmr_ygn_polbnda_adm4_mimu_250k_1.shp,13621,5856,,,,,,manual_review,45,true,no_exact_name,5834:overlap=0.000;dist_m=2273.2,5834,Spatial-only candidate blocked (do not merge by geometry alone),
village_tract,MMR013003001,Tat Gyi Kone,တပ်ကြီးကုန်း,Yangon,MMR013003,Hmawbi,Yangon,Yangon > Yangon (North) > Hmawbi,village_tract_boundary_Yangon_v94.zip:mmr_ygn_polbnda_adm4_mimu_250k_1.shp,13625,5856,,,,,,manual_review,45,true,no_exact_name,5833:overlap=0.000;dist_m=2304.3,5833,Spatial-only candidate blocked (do not merge by geometry alone),
village_tract,MMR013002002,Kone Ta La Paung,ကုန်းတလပေါင်,Yangon,MMR013002,Mingaladon,Yangon,Yangon > Yangon (North) > Mingaladon,village_tract_boundary_Yangon_v94.zip:mmr_ygn_polbnda_adm4_mimu_250k_1.shp,13692,5801,,,,,,manual_review,45,true,no_exact_name,5845:overlap=0.000;dist_m=2428.8,5845,Spatial-only candidate blocked (do not merge by geometry alone),
village_tract,MMR013005012,Sin Sa Khan,ဆင်စခန်း,Yangon,MMR013005,Taikkyi,Yangon,Yangon > Yangon (North) > Taikkyi,village_tract_boundary_Yangon_v94.zip:mmr_ygn_polbnda_adm4_mimu_250k_1.shp,13758,7233,,,,,,manual_review,45,true,no_exact_name,7230:overlap=0.060;dist_m=3954.0,7230,Spatial-only candidate blocked (do not merge by geometry alone),
village_tract,MMR013028033,Let Khaik,လက်ခိုက်,Yangon,MMR013028,Kawhmu,Yangon,Yangon > Yangon (South) > Kawhmu,village_tract_boundary_Yangon_v94.zip:mmr_ygn_polbnda_adm4_mimu_250k_1.shp,13827,5125,,,,,,manual_review,45,true,no_exact_name,5118:overlap=0.000;dist_m=2179.3,5118,Spatial-only candidate blocked (do not merge by geometry alone),
village_tract,MMR013026026,Bagan Taung,ပုဂံတောင်,Yangon,MMR013026,Kayan,Yangon,Yangon > Yangon (South) > Kayan,village_tract_boundary_Yangon_v94.zip:mmr_ygn_polbnda_adm4_mimu_250k_1.shp,13864,5142,,,,,,manual_review,45,true,no_exact_name,5147:overlap=0.000;dist_m=1896.5,5147,Spatial-only candidate blocked (do not merge by geometry alone),
village_tract,MMR013029039,Thone Gwa,သုံးခွ,Yangon,MMR013029,Kungyangon,Yangon,Yangon > Yangon (South) > Kungyangon,village_tract_boundary_Yangon_v94.zip:mmr_ygn_polbnda_adm4_mimu_250k_1.shp,13956,5112,,,,,,manual_review,45,true,no_exact_name,5111:overlap=0.000;dist_m=2321.7,5111,Spatial-only candidate blocked (do not merge by geometry alone),
village_tract,MMR013024027,Par Da Gyi,ပါဒကြီး,Yangon,MMR013024,Kyauktan,Yangon,Yangon > Yangon (South) > Kyauktan,village_tract_boundary_Yangon_v94.zip:mmr_ygn_polbnda_adm4_mimu_250k_1.shp,13985,5144,,,,,,manual_review,45,true,no_exact_name,9:overlap=0.000;dist_m=2045.6,9,Spatial-only candidate blocked (do not merge by geometry alone),
village_tract,MMR013024019,Tha Nat Pin Chin,သနပ္ပင်ချင်း,Yangon,MMR013024,Kyauktan,Yangon,Yangon > Yangon (South) > Kyauktan,village_tract_boundary_Yangon_v94.zip:mmr_ygn_polbnda_adm4_mimu_250k_1.shp,13994,5144,,,,,,manual_review,45,true,no_exact_name,5:overlap=0.000;dist_m=2350.0,5,Spatial-only candidate blocked (do not merge by geometry alone),
village_tract,MMR013024007,Thaung Gyi,သောင်ကြီး,Yangon,MMR013024,Kyauktan,Yangon,Yangon > Yangon (South) > Kyauktan,village_tract_boundary_Yangon_v94.zip:mmr_ygn_polbnda_adm4_mimu_250k_1.shp,13995,5144,,,,,,manual_review,45,true,no_exact_name,9:overlap=0.000;dist_m=1875.8,9,Spatial-only candidate blocked (do not merge by geometry alone),
