source_ts_pcode,source_ts_name,source_st_pcode,source_st_name,source_dt_pcode,source_dt_name,boundary_count,village_count,status,core_township_id,core_public_id,core_canonical_name,match_method,candidate_coremap_ids,evidence,review_reason
MMR001001,Myitkyina,MMR001,Kachin,MMR001D001,Myitkyina,63,67,mapped,6610,96224d14-78b1-4bb9-84b2-c1fc64d41b95,မြစ်ကြီးနား,name,6610,exact_normalized_en=[6610]|spatial_support=6610:1.00;6623:0.10;6660:0.01,
MMR001002,Waingmaw,MMR001,Kachin,MMR001D001,Myitkyina,48,155,mapped,6623,ba395666-afb8-486b-856c-2240e02e0ab1,ဝိုင်းမော်,name,6623,exact_normalized_en=[6623]|spatial_support=6623:1.00;6610:0.09,
MMR001003,Injangyang,MMR001,Kachin,MMR001D001,Myitkyina,63,77,mapped,6668,95a2ca52-9e38-4045-9e00-334771a534ae,အင်ဂျန်းယန်,name,6668,exact_normalized_en=[6668]|spatial_support=6668:1.00,
MMR001004,Tanai,MMR001,Kachin,MMR001D001,Myitkyina,12,19,mapped,6666,1e399fef-fd78-4c8d-81f9-180a0d01b05d,တနိုင်း,name,6666,exact_normalized_en=[6666]|spatial_support=6666:1.00,
MMR001005,Chipwi,MMR001,Kachin,MMR001D001,Myitkyina,44,69,mapped,6690,93c52e90-af03-420b-aea3-2a4ae723f1e1,ချီ​ဖွေ,name,6690,exact_normalized_en=[6690]|spatial_support=6690:1.00;6668:0.01;6688:0.01,
MMR001006,Tsawlaw,MMR001,Kachin,MMR001D001,Myitkyina,26,63,mapped,6688,f29af43f-7f83-43a5-b063-d3d12aa760e4,ဆော့လော်,name,6688,exact_normalized_en=[6688]|spatial_support=6688:1.00;6690:0.06;6668:0.01,
MMR001007,Mohnyin,MMR001,Kachin,MMR001D002,Mohnyin,44,127,mapped,6601,9acfdc84-eb1f-4200-a298-8fa0c523e65a,မိုးညှင်း,name,6601,exact_normalized_en=[6601]|spatial_support=6601:1.00,
MMR001008,Mogaung,MMR001,Kachin,MMR001D002,Mohnyin,50,69,mapped,6660,00bb5083-77f4-4aa5-8a54-ba210d766395,မိုးကောင်း,name,6660,exact_normalized_en=[6660]|spatial_support=6660:1.00;6610:0.02;6601:0.01,
MMR001009,Hpakant,MMR001,Kachin,MMR001D002,Mohnyin,16,90,mapped,6664,23ff19df-3432-41d1-a5f7-f6aac6997004,ဖားကန့်,name,6664,exact_normalized_en=[6664]|spatial_support=6664:1.00;6660:0.03,
MMR001010,Bhamo,MMR001,Kachin,MMR001D003,Bhamo,45,72,mapped,6612,dfe77f04-45f5-47d4-9bb9-55c25c4c0e23,ဗန်းမော်,name,6612,exact_normalized_en=[6612]|spatial_support=6612:1.00;6593:0.07,
MMR001011,Shwegu,MMR001,Kachin,MMR001D003,Bhamo,33,79,mapped,6589,ea3b5bf4-dfea-43ee-8561-3db7758b098e,ရွှေကူ,name,6589,exact_normalized_en=[6589]|spatial_support=6589:1.00;6612:0.01,
MMR001012,Momauk,MMR001,Kachin,MMR001D003,Bhamo,59,155,mapped,6593,9cd1afaa-7da3-4888-94bd-620bc717726e,မိုးမောက်,name,6593,exact_normalized_en=[6593]|spatial_support=6593:1.00;6612:0.03,
MMR001013,Mansi,MMR001,Kachin,MMR001D003,Bhamo,45,122,mapped,6584,7a674913-c9d6-443f-8c1a-a9b3a4eff384,မံစီ,name,6584,exact_normalized_en=[6584]|spatial_support=6584:1.00;6599:0.07;6612:0.06,
MMR001014,Puta-O,MMR001,Kachin,MMR001D004,Puta-O,17,106,mapped,6685,505814e4-7afc-4d8a-aab2-96607200bf17,ပူတာအို,name,6685,exact_normalized_en=[6685]|spatial_support=6685:1.00,
MMR001015,Sumprabum,MMR001,Kachin,MMR001D004,Puta-O,41,79,mapped,6669,b0c4f113-21e5-4b70-a754-3843617e2eda,ဆွမ်ပရာဘွမ်,name,6669,exact_normalized_en=[6669]|spatial_support=6669:1.00,
MMR001016,Machanbaw,MMR001,Kachin,MMR001D004,Puta-O,20,33,mapped,6686,4207b38e-0d5f-4e42-b071-b612145829ea,မချမ်းဘော,name,6686,exact_normalized_en=[6686]|spatial_support=6686:1.00;6685:0.04,
MMR001017,Nawngmun,MMR001,Kachin,MMR001D004,Puta-O,15,38,mapped,6681,39aca498-4c51-49b3-ae50-50cc7ef46888,နောင်မွန်း,name,6681,exact_normalized_en=[6681]|spatial_support=6681:1.00;6686:0.03,
MMR001018,Khaunglanhpu,MMR001,Kachin,MMR001D004,Puta-O,25,140,mapped,6687,096f8dca-1a90-4741-a264-840963b4794f,ခေါင်လန်ဖူး,name,6687,exact_normalized_en=[6687]|spatial_support=6687:1.00,
MMR002001,Loikaw,MMR002,Kayah,MMR002D001,Loikaw,15,103,mapped,5997,5632cab6-82ff-453a-b4bf-724c50230562,လွိုင်ကော်,name,5997,exact_normalized_en=[5997]|spatial_support=5997:1.00;6015:0.04;5998:0.01,
MMR002002,Demoso,MMR002,Kayah,MMR002D001,Loikaw,27,164,mapped,6015,6feb9a2a-9848-4841-9231-f4b29c9b0594,ဒီးမော့ဆို,name,6015,exact_normalized_en=[6015]|spatial_support=6015:1.00;5997:0.17;6039:0.03;6013:0.01,
MMR002003,Hpruso,MMR002,Kayah,MMR002D001,Loikaw,20,113,mapped,6013,c8f052d2-9679-446a-91a2-281d7e25797a,ဖရူဆို,name,6013,exact_normalized_en=[6013]|spatial_support=6013:1.00;6015:0.10;5997:0.01;6018:0.01,
MMR002004,Shadaw,MMR002,Kayah,MMR002D001,Loikaw,8,16,mapped,5998,8e325bbd-9ac1-4887-9c52-3a166896b0a0,ရှားတော,name,5998,exact_normalized_en=[5998]|spatial_support=5998:0.96;5997:0.15;6092:0.04;6015:0.01,
MMR002005,Bawlake,MMR002,Kayah,MMR002D002,Bawlake,10,18,mapped,6006,0a75da9d-650b-4084-9851-235afc2b7bc8,ဘောလခဲ,name,6006,exact_normalized_en=[6006]|spatial_support=6006:0.96;6013:0.04;5972:0.03;6015:0.02,
MMR002006,Hpasawng,MMR002,Kayah,MMR002D002,Bawlake,11,41,mapped,5972,f701c4a8-a922-45c0-b723-528306287ea5,ဖားဆောင်း,name,5972,exact_normalized_en=[5972]|spatial_support=5972:1.00;5962:0.01,
MMR002007,Mese,MMR002,Kayah,MMR002D002,Bawlake,7,14,mapped,5962,8b8bb612-a137-4048-85fa-7cf344633cb9,မယ်စဲ့,name,5962,exact_normalized_en=[5962]|spatial_support=5962:1.00;5972:0.01,
MMR003001,Hpa-An,MMR003,Kayin,MMR003D001,Hpa-An,101,364,mapped,5877,181c660c-5b50-4037-9501-8d5290fdf60b,ဘားအံ,name,5877,exact_normalized_en=[5877]|spatial_support=5877:1.00;5070:0.04;5053:0.01;5098:0.01;5881:0.01,
MMR003002,Hlaingbwe,MMR003,Kayin,MMR003D001,Hpa-An,77,286,mapped,5880,6d850154-f201-4725-b742-0d2e26b3b98f,လှိုင်းဘွဲ့,name,5880,exact_normalized_en=[5880]|spatial_support=5880:1.00;5877:0.04,
MMR003003,Hpapun,MMR003,Kayin,MMR003D004,Hpapun,35,138,mapped,5978,f646fae8-f401-4af2-a4e3-a3adfb6b798d,ဖာပွန်,name,5978,exact_normalized_en=[5978]|spatial_support=5978:1.00;5920:0.01,
MMR003004,Thandaunggyi,MMR003,Kayin,MMR003D001,Hpa-An,63,232,mapped,6018,50cf5e9a-8f0f-4eb2-b870-93ac4354ea7b,သံတောင်ကြီး,name,6018,exact_normalized_en=[6018]|spatial_support=6018:1.00;5971:0.01;6038:0.01;6039:0.01,
MMR003005,Myawaddy,MMR003,Kayin,MMR003D002,Myawaddy,21,56,mapped,5033,273b9ffe-f0b3-408a-a091-ac81bfd57981,မြဝတီ,name,5033,exact_normalized_en=[5033]|spatial_support=5033:1.00,
MMR003006,Kawkareik,MMR003,Kayin,MMR003D003,Kawkareik,55,208,mapped,5030,0c1e0422-330d-4f9e-b926-17fd75d00a9c,ကော့ကရိတ်,name,5030,exact_normalized_en=[5030]|spatial_support=5030:1.00;5098:0.04;5033:0.01;5070:0.01,
MMR003007,Kyainseikgyi,MMR003,Kayin,MMR003D003,Kawkareik,60,207,mapped,7502,3fa70d2c-1c6b-4fd3-bf26-ac089771f85a,ကြာအင်းဆိပ်ကြီး,name,7502,exact_normalized_en=[7502]|spatial_support=7502:1.00;5033:0.01;5108:0.01,
MMR004001,Falam,MMR004,Chin,MMR004D001,Falam,91,176,mapped,6739,8e6d8096-1fd2-45cf-bd3b-615123e89025,ဖလမ်း,name,6739,exact_normalized_en=[6739]|spatial_support=6739:1.00;6718:0.01,
MMR004002,Hakha,MMR004,Chin,MMR004D003,Hakha,31,67,mapped,6743,70cdaaf1-3d52-4cde-86e8-2f1f8b622f49,ဟားခါး,name,6743,exact_normalized_en=[6743]|spatial_support=6743:1.00;6809:0.03;6745:0.01,
MMR004003,Thantlang,MMR004,Chin,MMR004D003,Hakha,38,87,mapped,6745,cc89cf83-55dc-4c9b-9286-69178c26c4d1,ထန်တလန်,name,6745,exact_normalized_en=[6745]|spatial_support=6745:1.00,
MMR004004,Tedim,MMR004,Chin,MMR004D001,Falam,60,134,mapped,6718,6d0a56e1-51d5-454b-aad5-d8bccd6003d3,တီးတိန်,name,6718,exact_normalized_en=[6718]|spatial_support=6718:1.00;6739:0.07;6741:0.01,
MMR004005,Tonzang,MMR004,Chin,MMR004D001,Falam,33,96,mapped,6712,f3446bb2-ea07-4eb5-9bf0-8f33131827c2,တွန်းဇန်,name,6712,exact_normalized_en=[6712]|spatial_support=6712:1.00;6718:0.01,
MMR004006,Mindat,MMR004,Chin,MMR004D002,Mindat,51,178,mapped,6943,a3d8d95b-e0c8-4973-848a-b62ebf542d3d,မင်းတပ်,name,6943,exact_normalized_en=[6943]|spatial_support=6943:1.00;6927:0.01,
MMR004007,Matupi,MMR004,Chin,MMR004D002,Mindat,69,143,mapped,6922,7edf813a-edf2-48cd-8c2e-aa6fd19e3e18,မတူပီ,name,6922,exact_normalized_en=[6922]|spatial_support=6922:1.00,
MMR004008,Kanpetlet,MMR004,Chin,MMR004D002,Mindat,28,107,mapped,6949,673e6f08-eaff-477b-bc3a-681598f36223,ကန်ပက်လက်,name,6949,exact_normalized_en=[6949]|spatial_support=6949:0.98;6926:0.06;7026:0.02,
MMR004009,Paletwa,MMR004,Chin,MMR004D002,Mindat,100,385,mapped,6941,02191b8a-704d-444d-9c61-2fd279e40ed1,ပလက်ဝ,name,6941,exact_normalized_en=[6941]|spatial_support=6941:1.00;6960:0.01;6922:0.01;6949:0.01,
MMR005001,Sagaing,MMR005,Sagaing,MMR005D001,Sagaing,97,168,mapped,6831,a3fe95b9-754b-4041-ace9-f5f407d1153d,စစ်ကိုင်း,name,6831,exact_normalized_en=[6831]|spatial_support=6831:1.00;6535:0.18;6237:0.17;6259:0.17;6203:0.17,
MMR005002,Myinmu,MMR005,Sagaing,MMR005D001,Sagaing,53,87,mapped,6829,75ff8eac-0302-4945-afb3-31c823ae50ff,မြင်းမူ,name,6829,exact_normalized_en=[6829]|spatial_support=6829:1.00;6862:0.12;6857:0.09;6831:0.06;6822:0.04,
MMR005003,Myaung,MMR005,Sagaing,MMR005D001,Sagaing,49,78,mapped,6875,9afca375-72dc-417a-8052-fd32bbaa72f8,မြောင်,name,6875,exact_normalized_en=[6875]|spatial_support=6875:1.00;6862:0.17;6883:0.17;6888:0.12;6857:0.07,
MMR005004,Shwebo,MMR005,Sagaing,MMR005D002,Shwebo,74,169,mapped,6786,80600f77-5563-49a6-ac6f-9ee0397b8459,ရွှေဘို,name,6786,exact_normalized_en=[6786]|spatial_support=6786:1.00;6783:0.12;6828:0.07;6550:0.03;6825:0.01,
MMR005005,Khin-U,MMR005,Sagaing,MMR005D002,Shwebo,65,145,mapped,6783,116ebe5a-45fc-4111-9936-20de2e5079a3,ခင်ဦး,name,6783,exact_normalized_en=[6783]|spatial_support=6783:1.00;6786:0.10,
MMR005006,Wetlet,MMR005,Sagaing,MMR005D002,Shwebo,73,224,mapped,6828,51cb6164-a342-4820-9eb7-00f10f5af4a4,ဝက်လက်,name,6828,exact_normalized_en=[6828]|spatial_support=6828:1.00;6786:0.12;6825:0.03;6831:0.03;6544:0.01,
MMR005007,Kanbalu,MMR005,Sagaing,MMR005D010,Kanbalu,95,273,mapped,6762,28df4faf-3bb8-486f-bd1f-b7c8371bcee9,ကန့်ဘလူ,name,6762,exact_normalized_en=[6762]|spatial_support=6762:1.00;6783:0.05;6554:0.01;6761:0.01;6766:0.01,
MMR005008,Kyunhla,MMR005,Sagaing,MMR005D010,Kanbalu,37,110,mapped,5023,77e076d0-6183-40fd-b8c2-acff13ead27a,ကျွန်းလှ,name,5023,exact_normalized_en=[5023]|spatial_support=5023:1.00;6761:0.05;6762:0.05;6766:0.01,
MMR005009,Ye-U,MMR005,Sagaing,MMR005D002,Shwebo,69,185,mapped,6789,4e96d72b-c2a4-4087-acdf-f69ff529a386,ရေဦး,name,6789,exact_normalized_en=[6789]|spatial_support=6789:1.00;6788:0.14;6766:0.01,
MMR005010,Tabayin,MMR005,Sagaing,MMR005D002,Shwebo,61,184,mapped,6788,0a647bb1-b417-4fa4-9971-c609c43025ff,ဒီပဲယင်း,name,6788,exact_normalized_en=[6788]|spatial_support=6788:1.00;6789:0.04;6825:0.04;6824:0.02;6786:0.01,
MMR005011,Taze,MMR005,Sagaing,MMR005D002,Shwebo,63,263,mapped,6766,0c37fbaa-de5f-444d-ab2a-ab13e6524ed7,တန့်ဆည်,name,6766,exact_normalized_en=[6766]|spatial_support=6766:1.00;6789:0.03,
MMR005012,Monywa,MMR005,Sagaing,MMR005D003,Monywa,55,167,mapped,6822,f542f9e9-d5aa-43ff-a403-441ff3f89b91,မုံရွာ,name,6822,exact_normalized_en=[6822]|spatial_support=6822:1.00;6862:0.14;6872:0.12;6825:0.06;6824:0.03,
MMR005013,Budalin,MMR005,Sagaing,MMR005D003,Monywa,58,186,mapped,6824,7877cbc5-f5c0-4c1e-9a92-4bb2a9a953b6,ဘုတလင်,name,6824,exact_normalized_en=[6824]|spatial_support=6824:1.00;6788:0.09;6822:0.04;6825:0.03;6816:0.01,
MMR005014,Ayadaw,MMR005,Sagaing,MMR005D003,Monywa,40,153,mapped,6825,7f2538a1-9e04-464d-a823-465b9353f8d1,အရာတော်,name,6825,exact_normalized_en=[6825]|spatial_support=6825:1.00;6828:0.04;6829:0.04;6822:0.03;6824:0.03,
MMR005015,Chaung-U,MMR005,Sagaing,MMR005D003,Monywa,33,73,mapped,6862,ea3e81ce-2849-454d-9517-6733661a27a3,ချောင်းဦး,name,6862,exact_normalized_en=[6862]|spatial_support=6862:1.00;6822:0.20;6872:0.12;6875:0.10;6829:0.05,
MMR005016,Yinmarbin,MMR005,Sagaing,MMR005D009,Yinmarbin,47,161,mapped,6816,91b55220-b197-49e3-ac58-54fd8b56765e,ယင်းမာပင်,name,6816,exact_normalized_en=[6816]|spatial_support=6816:1.00;6872:0.15;6814:0.07;6822:0.04;6805:0.01,
MMR005017,Kani,MMR005,Sagaing,MMR005D009,Yinmarbin,49,181,mapped,6805,eef99641-8a5a-4e13-93a3-487c9236f0e4,ကနီ,name,6805,exact_normalized_en=[6805]|spatial_support=6805:1.00;6824:0.09;6816:0.06;6798:0.01,
MMR005018,Salingyi,MMR005,Sagaing,MMR005D009,Yinmarbin,43,149,mapped,6872,9a4ff5bc-0c18-4f38-849e-9e9a5bec38d8,ဆားလင်းကြီး,name,6872,exact_normalized_en=[6872]|spatial_support=6872:1.00;6822:0.12;6862:0.11;6816:0.08;6875:0.01,
MMR005019,Pale,MMR005,Sagaing,MMR005D009,Yinmarbin,63,173,mapped,6814,edf7f426-5a2e-4807-a914-79df997455f5,ပုလဲ,name,6814,exact_normalized_en=[6814]|spatial_support=6814:1.00;6872:0.10;6816:0.08,
MMR005020,Katha,MMR005,Sagaing,MMR005D004,Katha,33,140,mapped,6588,095293bf-0b9b-4ab3-abe0-3912b48f1b1e,ကသာ,name,6588,exact_normalized_en=[6588]|spatial_support=6588:1.00;6587:0.04;6589:0.03;6607:0.01,
MMR005021,Indaw,MMR005,Sagaing,MMR005D004,Katha,42,148,mapped,6607,5941d795-effb-4966-96b2-74294d19f8f3,အင်းတော်,name,6607,exact_normalized_en=[6607]|spatial_support=6607:1.00;6706:0.01;6588:0.01,
MMR005022,Tigyaing,MMR005,Sagaing,MMR005D004,Katha,33,112,mapped,6587,ac1ee905-d224-41e8-88ce-3a5036e05d34,ထီးချိုင့်,name,6587,exact_normalized_en=[6587]|spatial_support=6587:1.00,
MMR005023,Banmauk,MMR005,Sagaing,MMR005D004,Katha,48,216,mapped,6702,acb43757-0344-47f8-a6f0-edb963235506,ဗန်းမောက်,name,6702,exact_normalized_en=[6702]|spatial_support=6702:1.00;6607:0.03;6706:0.01,
MMR005024,Kawlin,MMR005,Sagaing,MMR005D011,Kawlin,55,201,mapped,6761,84a1b427-e7ce-444e-9db5-748689d20934,ကောလင်း,name,6761,exact_normalized_en=[6761]|spatial_support=6761:1.00;6706:0.04;5023:0.01,
MMR005025,Wuntho,MMR005,Sagaing,MMR005D011,Kawlin,43,179,mapped,6706,83d0a50c-1630-455e-83f2-f73c5c9485b7,ဝန်းသို,name,6706,exact_normalized_en=[6706]|spatial_support=6706:1.00;6761:0.01,
MMR005026,Pinlebu,MMR005,Sagaing,MMR005D011,Kawlin,55,265,mapped,6707,5f6297ae-7943-4f0c-ad38-3efcd076d215,ပင်လည်ဘူး,name,6707,exact_normalized_en=[6707]|spatial_support=6707:1.00;6761:0.02;6706:0.01,
MMR005027,Kale,MMR005,Sagaing,MMR005D005,Kale,45,151,mapped,6741,44d39efd-def9-4dd5-a573-f3543a988c81,ကလေး,name,6741,exact_normalized_en=[6741]|spatial_support=6741:1.00,
MMR005028,Kalewa,MMR005,Sagaing,MMR005D005,Kale,40,128,mapped,6742,e888b32b-b200-4e60-9779-35125d286ab0,ကလေးဝ,name,6742,exact_normalized_en=[6742]|spatial_support=6742:1.00;6741:0.03;5022:0.01,
MMR005029,Mingin,MMR005,Sagaing,MMR005D005,Kale,62,188,mapped,6798,ca7ddc81-3d99-4e57-af9d-9f3c15a4a808,မင်းကင်း,name,6798,exact_normalized_en=[6798]|spatial_support=6798:1.00;6742:0.02;6741:0.01;6789:0.01,
MMR005030,Tamu,MMR005,Sagaing,MMR005D006,Tamu,29,60,mapped,6726,fc959785-eb5b-4a8d-8fa3-2b8ef4ad4463,တမူး,name,6726,exact_normalized_en=[6726]|spatial_support=6726:1.00,
MMR005031,Mawlaik,MMR005,Sagaing,MMR005D007,Mawlaik,29,78,mapped,5022,4f9b6c81-68cf-4767-b288-6356bae45984,မော်လိုက်,name,5022,exact_normalized_en=[5022]|spatial_support=5022:1.00;6742:0.01,
MMR005032,Phaungbyin,MMR005,Sagaing,MMR005D007,Mawlaik,44,166,mapped,6715,c079d170-4592-4220-a809-4ae8014e62c4,ဖောင်းပြင်,name,6715,exact_normalized_en=[6715]|spatial_support=6715:1.00;6726:0.01,
MMR005033,Hkamti,MMR005,Sagaing,MMR005D008,Hkamti,30,55,mapped,6694,2e1a75a6-6544-445a-99e9-a2815bd85566,ခန္တီး,name,6694,exact_normalized_en=[6694]|spatial_support=6694:1.00;6692:0.01,
MMR005034,Homalin,MMR005,Sagaing,MMR005D008,Hkamti,81,288,mapped,6701,568658f9-06a6-48b5-8258-23c1733ad239,ဟုမ္မလင်း,name,6701,exact_normalized_en=[6701]|spatial_support=6701:1.00;6699:0.01,
MMR005035,Layshi,MMR005,Sagaing,MMR005S001,Naga Self-Administered Zone,25,57,mapped,6699,b99234fc-d2b4-476d-850a-687e7f3b2a9e,လေရှီး,name,6699,exact_normalized_en=[6699]|spatial_support=6699:0.96;6701:0.04,
MMR005036,Lahe,MMR005,Sagaing,MMR005S001,Naga Self-Administered Zone,37,107,mapped,6692,e5865555-62ad-4691-b0d5-4d1c32960fb8,လဟယ်,name+spatial_tiebreak,6692,"exact_normalized_en=[6692, 6699]|spatial_support=6692:1.00;6694:0.01",
MMR005037,Nanyun,MMR005,Sagaing,MMR005S001,Naga Self-Administered Zone,65,57,mapped,6674,8ce962d0-88de-4d8b-84c1-17eb6ed9c26b,နန်းယွန်း,name,6674,exact_normalized_en=[6674]|spatial_support=6674:1.00,
MMR006001,Dawei,MMR006,Tanintharyi,MMR006D001,Dawei,42,94,mapped,7470,6e588fe0-2d5f-4809-8b82-dac1c7db5a7e,ထားဝယ်,name,7470,exact_normalized_en=[7470]|spatial_support=7470:1.00,
MMR006002,Launglon,MMR006,Tanintharyi,MMR006D001,Dawei,46,113,mapped,7481,7d006710-763d-4f85-9de7-923011443a8b,လောင်းလုံး,name,7481,exact_normalized_en=[7481]|spatial_support=7481:1.00,
MMR006003,Thayetchaung,MMR006,Tanintharyi,MMR006D001,Dawei,45,103,mapped,7471,122269c9-31d6-4b28-b2cb-f6433e09f2d3,သရက်ချောင်း,name,7471,exact_normalized_en=[7471]|spatial_support=7471:1.00,
MMR006004,Yebyu,MMR006,Tanintharyi,MMR006D001,Dawei,40,140,mapped,7503,884fab3e-92ce-4c37-ba27-b1ad2bc2f24c,ရေဖြူ,name,7503,exact_normalized_en=[7503]|spatial_support=7503:1.00,
MMR006005,Myeik,MMR006,Tanintharyi,MMR006D002,Myeik,35,149,mapped,7465,88215f2e-f643-4572-a292-4c9b5b1e5a87,မြိတ်,name,7465,exact_normalized_en=[7465]|spatial_support=7465:1.00,
MMR006006,Kyunsu,MMR006,Tanintharyi,MMR006D002,Myeik,29,183,mapped,7439,7c5cfd66-d305-441b-9b16-6e4e98a4844f,ကျွန်းစု,name,7439,exact_normalized_en=[7439]|spatial_support=7439:1.00;7465:0.02,
MMR006007,Palaw,MMR006,Tanintharyi,MMR006D002,Myeik,39,155,mapped,7469,cbb5dfc0-136f-45a0-924e-c7e0147f1518,ပုလော,name,7469,exact_normalized_en=[7469]|spatial_support=7469:1.00,
MMR006008,Tanintharyi,MMR006,Tanintharyi,MMR006D002,Myeik,25,194,mapped,7468,08e5c18f-919d-4121-91a2-3d40bf9f71da,တနင်္သာရီ,name,7468,exact_normalized_en=[7468]|spatial_support=7468:1.00;7465:0.01,
MMR006009,Kawthoung,MMR006,Tanintharyi,MMR006D003,Kawthoung,34,68,mapped,7444,0ddac6e9-b7fb-4d6b-bf8a-57b1aa03a508,ကော့သောင်း,name,7444,exact_normalized_en=[7444]|spatial_support=7444:1.00,
MMR006010,Bokpyin,MMR006,Tanintharyi,MMR006D003,Kawthoung,25,107,mapped,5035,67cda726-bad7-47a7-bef8-042cd509690e,ဘုတ်ပြင်း,name,5035,exact_normalized_en=[5035]|spatial_support=5035:1.00,
MMR007001,Bago,MMR007,Bago (East),MMR007D001,Bago,73,179,mapped,5924,ea329457-de24-49f8-84fe-a2012f2a6b4a,ပဲခူး,name,5924,exact_normalized_en=[5924]|spatial_support=5924:1.00;5873:0.04;5865:0.04;5857:0.04;5922:0.03,
MMR007002,Thanatpin,MMR007,Bago (East),MMR007D001,Bago,67,101,mapped,5865,0aa4b82e-9214-4248-abb3-3886abee3d79,သနပ်ပင်,name,5865,exact_normalized_en=[5865]|spatial_support=5865:1.00;5873:0.05;5922:0.02;5889:0.01,
MMR007003,Kawa,MMR007,Bago (East),MMR007D001,Bago,99,152,mapped,5873,b2669d3b-0c96-4706-9b5d-d3717ee96a08,ကဝ,name,5873,exact_normalized_en=[5873]|spatial_support=5873:1.00;5142:0.13;5865:0.09;5165:0.03;5211:0.01,
MMR007004,Waw,MMR007,Bago (East),MMR007D001,Bago,66,117,mapped,5922,44e12248-4d33-4217-beba-170297188b42,ဝေါ,name,5922,exact_normalized_en=[5922]|spatial_support=5922:1.00;5865:0.10;5889:0.03;5924:0.03;5911:0.01,
MMR007005,Nyaunglebin,MMR007,Bago (East),MMR007D001,Bago,57,136,mapped,5910,fbb410fd-7f59-4a6a-a094-1d7f5809c02b,ညောင်လေးပင်,name,5910,exact_normalized_en=[5910]|spatial_support=5910:1.00;5911:0.10;5920:0.04,
MMR007006,Kyauktaga,MMR007,Bago (East),MMR007D001,Bago,70,222,mapped,5925,6a043b11-5d9c-4c73-ad46-a81d4fb6700d,ကျောက်တံခါး,name,5925,exact_normalized_en=[5925]|spatial_support=5925:1.00;5910:0.05;5911:0.01;5941:0.01,
MMR007007,Daik-U,MMR007,Bago (East),MMR007D001,Bago,55,178,mapped,5911,d7cd1a22-4fcf-40cc-a5d0-efb583c0d919,ဒိုက်ဦး,name,5911,exact_normalized_en=[5911]|spatial_support=5911:1.00;5910:0.17;5922:0.06;5924:0.04,
MMR007008,Shwegyin,MMR007,Bago (East),MMR007D001,Bago,63,79,mapped,5920,621f4278-37c9-4248-95f9-3359b576560a,ရွှေကျင်,name,5920,exact_normalized_en=[5920]|spatial_support=5920:1.00;5910:0.13;5889:0.01;5922:0.01;5941:0.01,
MMR007009,Taungoo,MMR007,Bago (East),MMR007D002,Taungoo,65,211,mapped,6019,0a8a98f0-75ba-4af5-bc1e-88e444e38d5e,တောင်ငူ,name,6019,exact_normalized_en=[6019]|spatial_support=6019:1.00;5971:0.10;6018:0.02,
MMR007010,Yedashe,MMR007,Bago (East),MMR007D002,Taungoo,52,243,mapped,6020,3cbae518-6484-40c0-b1c1-5897a5ec6f61,ရေတာရှည်,name,6020,exact_normalized_en=[6020]|spatial_support=6020:1.00;6019:0.06,
MMR007011,Kyaukkyi,MMR007,Bago (East),MMR007D002,Taungoo,34,161,mapped,5941,42b59e9e-67cd-40ed-8097-1be225540267,ကျောက်ကြီး,name,5941,exact_normalized_en=[5941]|spatial_support=5941:1.00;5971:0.01,
MMR007012,Phyu,MMR007,Bago (East),MMR007D002,Taungoo,62,278,mapped,5942,1790b109-65f8-40a5-9506-e15d542b247f,ဖြူး,name,5942,exact_normalized_en=[5942]|spatial_support=5942:1.00;5925:0.06;5971:0.04;5941:0.04;5943:0.01,
MMR007013,Oktwin,MMR007,Bago (East),MMR007D002,Taungoo,43,217,mapped,5943,d62af6d8-d8cd-47e9-9efe-0963fa8f07d8,အုတ်တွင်း,name,5943,exact_normalized_en=[5943]|spatial_support=5943:1.00;5971:0.22;5942:0.07;6019:0.04,
MMR007014,Htantabin,MMR007,Bago (East),MMR007D002,Taungoo,30,104,mapped,5971,d4213201-c14a-48cf-adef-9ae6be622006,ထန်းတပင်,name+spatial_tiebreak,5971,"exact_normalized_en=[5971, 7298]|spatial_support=5971:1.00",
MMR008001,Pyay,MMR008,Bago (West),MMR008D001,Pyay,58,253,mapped,7139,2f1f583a-5ab0-4e13-9357-13f5b8dc3ad4,ပြည်,name,7139,exact_normalized_en=[7139]|spatial_support=7139:1.00;7137:0.03;7157:0.03;7123:0.02;7151:0.01,
MMR008002,Paukkhaung,MMR008,Bago (West),MMR008D001,Pyay,60,226,mapped,7137,7ef50b48-148f-4042-9152-f57229dc8ecf,ပေါက်ခေါင်း,name,7137,exact_normalized_en=[7137]|spatial_support=7137:1.00;7123:0.07;7139:0.06;7161:0.03;7157:0.01,
MMR008003,Padaung,MMR008,Bago (West),MMR008D001,Pyay,52,210,mapped,6778,a9ab83ec-ebee-4484-80b9-b8b829c4b038,ပန်းတောင်း,name,6778,exact_normalized_en=[6778]|spatial_support=6778:1.00;7151:0.17;7139:0.04;7172:0.04;7114:0.02,
MMR008004,Paungde,MMR008,Bago (West),MMR008D001,Pyay,46,222,mapped,7161,964c827f-a171-4b04-b1a7-02b6c2198bde,ပေါင်းတည်,name,7161,exact_normalized_en=[7161]|spatial_support=7161:1.00;7157:0.21;7162:0.10;7160:0.07;7163:0.02,
MMR008005,Thegon,MMR008,Bago (West),MMR008D001,Pyay,69,307,mapped,7157,1cb6f236-e7e3-4b01-865c-04436c393602,သဲကုန်း,name,7157,exact_normalized_en=[7157]|spatial_support=7157:1.00;7161:0.12;7151:0.10;7139:0.02,
MMR008006,Shwedaung,MMR008,Bago (West),MMR008D001,Pyay,52,275,mapped,7151,2f844ca1-4eb2-4911-b80b-2987d884fddd,ရွှေတောင်,name,7151,exact_normalized_en=[7151]|spatial_support=7151:1.00;7157:0.09;7139:0.04;7172:0.04;6778:0.04,
MMR008007,Thayarwady,MMR008,Bago (West),MMR008D002,Thayarwady,60,260,mapped,7232,560d526f-96ec-4c02-9e4e-16d7c1fec577,သာယာဝတီ,name,7232,exact_normalized_en=[7232]|spatial_support=7232:1.00;7233:0.18;7225:0.10;7259:0.09,
MMR008008,Letpadan,MMR008,Bago (West),MMR008D002,Thayarwady,51,293,mapped,7225,b5d53caf-38cc-4e4a-a62a-d498b35a6ed7,လက်ပံတန်း,name,7225,exact_normalized_en=[7225]|spatial_support=7225:1.00;7232:0.18;7224:0.14;7208:0.07;7259:0.03,
MMR008009,Minhla,MMR008,Bago (West),MMR008D002,Thayarwady,57,242,mapped,7224,f03b16e4-2bbd-42f2-a62b-ad95b37579d6,မင်းလှ,name+spatial_tiebreak,7224,"exact_normalized_en=[7090, 7224]|spatial_support=7224:1.00;7225:0.21;7171:0.08;7232:0.05;7168:0.03",
MMR008010,Okpho,MMR008,Bago (West),MMR008D002,Thayarwady,60,238,mapped,7168,5b5b8580-77e5-423a-9e78-c9dee4c12070,အုတ်ဖို,name,7168,exact_normalized_en=[7168]|spatial_support=7168:1.00;7163:0.22;7224:0.21;7171:0.10;7162:0.10,
MMR008011,Zigon,MMR008,Bago (West),MMR008D002,Thayarwady,31,127,mapped,7162,df682010-f157-4ea8-9528-353045731ea5,ဇီးကုန်း,name,7162,exact_normalized_en=[7162]|spatial_support=7162:1.00;7163:0.25;7160:0.09;7171:0.04;7168:0.01,
MMR008012,Nattalin,MMR008,Bago (West),MMR008D002,Thayarwady,81,334,mapped,7160,d25c0246-f943-42a3-a97b-24f20150614f,နတ်တလင်း,name,7160,exact_normalized_en=[7160]|spatial_support=7160:1.00;7162:0.18;7163:0.14;7161:0.10;7157:0.07,
MMR008013,Monyo,MMR008,Bago (West),MMR008D002,Thayarwady,38,202,mapped,7171,3465bc05-4c64-4087-b9e6-787b2ff029d2,မိုးညို,name,7171,exact_normalized_en=[7171]|spatial_support=7171:1.00;7224:0.07;7163:0.04;7172:0.01,
MMR008014,Gyobingauk,MMR008,Bago (West),MMR008D002,Thayarwady,51,265,mapped,7163,9fd8601d-df57-4568-b7f9-07bfbee0988f,ကြို့ပင်ကောက်,name,7163,exact_normalized_en=[7163]|spatial_support=7163:1.00;7162:0.24;7171:0.14;7168:0.13;7224:0.04,
MMR009001,Magway,MMR009,Magway,MMR009D001,Magway,78,216,mapped,7072,5b67398c-0862-483b-960e-17ccb56205bc,မကွေး,name,7072,exact_normalized_en=[7072]|spatial_support=7072:1.00;7018:0.09;7028:0.03;7081:0.01,
MMR009002,Yenangyaung,MMR009,Magway,MMR009D001,Magway,30,141,mapped,7028,adc69753-da7e-446d-90d4-d97babb81457,ရေနံချောင်း,name,7028,exact_normalized_en=[7028]|spatial_support=7028:1.00;7031:0.03,
MMR009003,Chauk,MMR009,Magway,MMR009D001,Magway,53,223,mapped,7031,e05a66b5-54c8-49a1-ae5c-6c1397b0bb5d,ချောက်,name,7031,exact_normalized_en=[7031]|spatial_support=7031:1.00;7028:0.04;7033:0.01,
MMR009004,Taungdwingyi,MMR009,Magway,MMR009D001,Magway,84,285,mapped,7076,3dbb574f-352d-4102-a2ed-2742a86cea07,တောင်တွင်းကြီး,name,7076,exact_normalized_en=[7076]|spatial_support=7076:1.00;7071:0.12;7081:0.02;5990:0.01,
MMR009005,Myothit,MMR009,Magway,MMR009D001,Magway,54,180,mapped,7071,0ed999bd-23c2-4cca-8abf-ebde524131d1,မြို့သစ်,name,7071,exact_normalized_en=[7071]|spatial_support=7071:1.00;7076:0.04;7072:0.03,
MMR009006,Natmauk,MMR009,Magway,MMR009D001,Magway,81,234,mapped,7038,6769e22f-6fb0-4531-b2a9-543ea3b22586,နတ်မောက်,name,7038,exact_normalized_en=[7038]|spatial_support=7038:1.00;7071:0.07;7050:0.04;7028:0.01,
MMR009007,Minbu,MMR009,Magway,MMR009D002,Minbu,70,150,mapped,7018,781a6371-d321-4408-84f2-36c14d592f4e,မင်းဘူး,name,7018,exact_normalized_en=[7018]|spatial_support=7018:1.00;7024:0.10;7072:0.03;7096:0.02;7028:0.01,
MMR009008,Pwintbyu,MMR009,Magway,MMR009D002,Minbu,58,204,mapped,7024,ac82df72-8e20-43e8-afd4-c406250ebe08,ပွင့်ဖြူ,name,7024,exact_normalized_en=[7024]|spatial_support=7024:1.00;7028:0.06;7018:0.02,
MMR009009,Ngape,MMR009,Magway,MMR009D002,Minbu,35,75,mapped,7096,34560ee0-e930-4424-afca-32e5bd27a0a4,ငဖဲ,name,7096,exact_normalized_en=[7096]|spatial_support=7096:1.00;7018:0.04;7090:0.03,
MMR009010,Salin,MMR009,Magway,MMR009D002,Minbu,109,391,mapped,7033,e56e0039-0795-4131-8298-43d0fc96bbc4,စလင်း,name,7033,exact_normalized_en=[7033]|spatial_support=7033:1.00;7031:0.07;7024:0.02;6916:0.01;7028:0.01,
MMR009011,Sidoktaya,MMR009,Magway,MMR009D002,Minbu,49,111,mapped,7026,83a38b3f-0d35-44c5-9b40-7a53ef37bdcc,စေတုတ္ထရာ,name,7026,exact_normalized_en=[7026]|spatial_support=7026:1.00;7024:0.01;6949:0.01;7033:0.01,
MMR009012,Thayet,MMR009,Magway,MMR009D003,Thayet,54,156,mapped,7127,3947a6a8-b983-4238-a4b8-141c76c2e268,သရက်,name,7127,exact_normalized_en=[7127]|spatial_support=7127:1.00;7107:0.02;7081:0.01;7114:0.01,
MMR009013,Minhla,MMR009,Magway,MMR009D003,Thayet,73,153,mapped,7090,a24a6a70-fe02-408e-9b16-b1957981e3bd,မင်းလှ,name+spatial_tiebreak,7090,"exact_normalized_en=[7090, 7224]|spatial_support=7090:1.00;7072:0.06;7096:0.01;7018:0.01",
MMR009014,Mindon,MMR009,Magway,MMR009D003,Thayet,81,172,mapped,7107,932e0135-105f-4d20-86df-4eef4c8eebf5,မင်းတုန်း,name,7107,exact_normalized_en=[7107]|spatial_support=7107:1.00;7114:0.03;7127:0.03;7090:0.01,
MMR009015,Kamma,MMR009,Magway,MMR009D003,Thayet,59,152,mapped,7114,c6f57d44-a1b3-40e8-b6d5-b4fefcac8138,ကံမ,name,7114,exact_normalized_en=[7114]|spatial_support=7114:1.00;7139:0.07;7127:0.01;6778:0.01,
MMR009016,Aunglan,MMR009,Magway,MMR009D003,Thayet,107,246,mapped,7123,f18402bf-d644-4254-950b-a5120ecc0944,အောင်လံ,name,7123,exact_normalized_en=[7123]|spatial_support=7123:1.00;7127:0.07;7139:0.05;7081:0.01,
MMR009017,Sinbaungwe,MMR009,Magway,MMR009D003,Thayet,54,142,mapped,7081,64da25b6-6b6b-4dbe-aeea-7576a5ba3327,ဆင်ပေါင်ဝဲ,name,7081,exact_normalized_en=[7081]|spatial_support=7081:1.00;7127:0.01;5990:0.01;7076:0.01,
MMR009018,Pakokku,MMR009,Magway,MMR009D004,Pakokku,57,232,mapped,6914,972fde85-8ce2-48a4-b973-7faeefd60067,ပခုက္ကူ,name,6914,exact_normalized_en=[6914]|spatial_support=6914:1.00;6905:0.07;6883:0.01;6916:0.01;6931:0.01,
MMR009019,Yesagyo,MMR009,Magway,MMR009D004,Pakokku,90,232,mapped,6883,a567c34c-cdc5-4aa5-b61e-b5910579ced0,ရေစကြို,name,6883,exact_normalized_en=[6883]|spatial_support=6883:1.00;6875:0.17;6888:0.09;6862:0.03;6872:0.01,
MMR009020,Myaing,MMR009,Magway,MMR009D004,Pakokku,85,327,mapped,6931,dc1a9828-8631-4051-bdea-5d3d45b96a86,မြိုင်,name,6931,exact_normalized_en=[6931]|spatial_support=6931:1.00;6883:0.04;6872:0.02;6814:0.01;6929:0.01,
MMR009021,Pauk,MMR009,Magway,MMR009D004,Pakokku,73,235,mapped,6929,0f20a56c-a00d-4b9d-b295-40fec54cf542,ပေါက်,name,6929,exact_normalized_en=[6929]|spatial_support=6929:1.00;6914:0.03;6926:0.01;6927:0.01;6931:0.01,
MMR009022,Seikphyu,MMR009,Magway,MMR009D004,Pakokku,45,139,mapped,6916,f415d4d3-7d66-47ad-bbae-10e388fd10fa,ဆိပ်ဖြူ,name,6916,exact_normalized_en=[6916]|spatial_support=6916:1.00;6914:0.12;7031:0.03;6926:0.01,
MMR009023,Gangaw,MMR009,Magway,MMR009D005,Gangaw,76,105,mapped,6809,4f99f426-002f-415d-a1a2-f1c42d36394c,ဂန့်ဂေါ,name,6809,exact_normalized_en=[6809]|spatial_support=6809:1.00;6927:0.01;6814:0.01,
MMR009024,Tilin,MMR009,Magway,MMR009D005,Gangaw,74,93,mapped,6927,231de333-b209-49f7-896e-fb9ce16d9957,ထီးလင်း,name,6927,exact_normalized_en=[6927]|spatial_support=6927:1.00;6929:0.01,
MMR009025,Saw,MMR009,Magway,MMR009D005,Gangaw,67,118,mapped,6926,35042149-23a3-4a72-a88b-36326069306d,ဆော,name,6926,exact_normalized_en=[6926]|spatial_support=6926:1.00;6927:0.01;6949:0.01,
MMR010001,Aungmyaythazan,MMR010,Mandalay,MMR010D001,Mandalay,21,0,mapped,6535,96d53f71-1e23-4f54-ae08-256a6bb1f979,အောင်မြေသာစံ,name,6535,exact_normalized_en=[6535]|spatial_support=6535:1.00;6202:0.25;6203:0.25;6223:0.25;6237:0.25,
MMR010002,Chanayethazan,MMR010,Mandalay,MMR010D001,Mandalay,21,0,mapped,6237,ebbd893e-c9a8-4d26-97c6-a183e784503e,ချမ်းအေးသာစံ,name,6237,exact_normalized_en=[6237]|spatial_support=6237:1.00;6202:0.25;6203:0.25;6223:0.25;6259:0.25,
MMR010003,Mahaaungmyay,MMR010,Mandalay,MMR010D001,Mandalay,19,0,mapped,6259,ea8c7c79-31b4-42bf-8df0-b76369251191,မဟာအောင်မြေ,name,6259,exact_normalized_en=[6259]|spatial_support=6259:0.96;6223:0.29;6202:0.25;6203:0.25;6237:0.25,
MMR010004,Chanmyathazi,MMR010,Mandalay,MMR010D001,Mandalay,15,0,mapped,6223,5ac2a23a-6f1e-49e7-a883-eb467e5db2a0,ချမ်းမြသာစည်,name,6223,exact_normalized_en=[6223]|spatial_support=6223:1.00;6202:0.25;6203:0.25;6205:0.25;6237:0.25,
MMR010005,Pyigyitagon,MMR010,Mandalay,MMR010D001,Mandalay,17,0,mapped,6203,851d1ec6-15f3-4c8a-aa3c-971641692c5f,ပြည်ကြီးတံခွန်,name,6203,exact_normalized_en=[6203]|spatial_support=6203:0.96;6276:0.29;6202:0.25;6205:0.25;6223:0.25,
MMR010006,Amarapura,MMR010,Mandalay,MMR010D001,Mandalay,44,143,mapped,6202,afb23c10-442a-4fd0-8e7d-7c6324c372f2,အမရပူရ,name,6202,exact_normalized_en=[6202]|spatial_support=6202:0.98;6223:0.27;6203:0.25;6205:0.25;6237:0.25,
MMR010007,Patheingyi,MMR010,Mandalay,MMR010D001,Mandalay,59,133,mapped,6276,9db167eb-432e-4714-8910-09500af449e7,ပုသိမ်ကြီး,name,6276,exact_normalized_en=[6276]|spatial_support=6276:1.00;6237:0.25;6259:0.25;6535:0.25;6223:0.24,
MMR010008,Pyinoolwin,MMR010,Mandalay,MMR010D002,Pyinoolwin,41,119,mapped,6536,776f0afa-d089-4aeb-84cf-9d1c24d95100,ပြင်ဦးလွင်,name,6536,exact_normalized_en=[6536]|spatial_support=6536:1.00;6276:0.10;6203:0.04;6205:0.04;6198:0.03,
MMR010009,Madaya,MMR010,Mandalay,MMR010D002,Pyinoolwin,89,279,mapped,6544,21922df7-c2f0-415e-b4dd-c465d1c2ea86,မတ္တရာ,name,6544,exact_normalized_en=[6544]|spatial_support=6544:1.00;6535:0.17;6237:0.14;6259:0.12;6276:0.10,
MMR010010,Singu,MMR010,Mandalay,MMR010D002,Pyinoolwin,39,126,mapped,6550,c9b96340-c36a-4336-81d9-31dc5bccf328,စဉ့်ကူး,name,6550,exact_normalized_en=[6550]|spatial_support=6550:1.00;6828:0.08;6544:0.06,
MMR010011,Mogoke,MMR010,Mandalay,MMR010D002,Pyinoolwin,30,114,mapped,6553,ba378de0-e38a-46d6-9e96-68a7bb2b494e,မိုးကုတ်,name,6553,exact_normalized_en=[6553]|spatial_support=6553:1.00;6558:0.06,
MMR010012,Thabeikkyin,MMR010,Mandalay,MMR010D002,Pyinoolwin,27,73,mapped,6554,5cae90bf-1722-4dd9-b929-8f64e4ff89be,သပိတ်ကျင်း,name,6554,exact_normalized_en=[6554]|spatial_support=6554:1.00;6587:0.01;6550:0.01,
MMR010013,Kyaukse,MMR010,Mandalay,MMR010D003,Kyaukse,91,220,mapped,6198,f74d4311-a45c-4acd-aa25-674834f9bbee,ကျောက်ဆည်,name,6198,exact_normalized_en=[6198]|spatial_support=6198:1.00;6205:0.18;6891:0.10;6200:0.09;6202:0.04,
MMR010014,Sintgaing,MMR010,Mandalay,MMR010D003,Kyaukse,49,167,mapped,6205,c7d0ac0f-3dc8-4499-8117-18331e9c9ee0,စဉ့်ကိုင်,name,6205,exact_normalized_en=[6205]|spatial_support=6205:1.00;6202:0.25;6203:0.21;6891:0.20;6223:0.16,
MMR010015,Myittha,MMR010,Mandalay,MMR010D003,Kyaukse,90,227,mapped,6200,25c792bc-e0be-48fd-8dc5-81095ad06302,မြစ်သား,name,6200,exact_normalized_en=[6200]|spatial_support=6200:1.00;6185:0.04;6187:0.01;6891:0.01;6892:0.01,
MMR010016,Tada-U,MMR010,Mandalay,MMR010D003,Kyaukse,62,150,mapped,6891,fcba5cec-db26-4dd3-99c3-14559fc484c0,တံတားဦး,name,6891,exact_normalized_en=[6891]|spatial_support=6891:1.00;6202:0.09;6205:0.07;6203:0.07;6223:0.06,
MMR010017,Myingyan,MMR010,Mandalay,MMR010D004,Myingyan,70,180,mapped,6888,21bf0318-9035-4e18-b876-068b00439e2d,မြင်းခြံ,name,6888,exact_normalized_en=[6888]|spatial_support=6888:1.00;6857:0.10;6875:0.10;6883:0.04;6903:0.04,
MMR010018,Taungtha,MMR010,Mandalay,MMR010D004,Myingyan,84,232,mapped,6903,18497891-0384-4b32-98c9-08b93feed1f1,တောင်သာ,name,6903,exact_normalized_en=[6903]|spatial_support=6903:1.00;6898:0.05;6888:0.02;6892:0.01,
MMR010019,Natogyi,MMR010,Mandalay,MMR010D004,Myingyan,73,187,mapped,6892,30ca03d5-6bc5-457d-99f0-a5dae4aee99a,နွားထိုးကြီး,name,6892,exact_normalized_en=[6892]|spatial_support=6892:1.00;6888:0.12;6903:0.04;6185:0.02;6891:0.02,
MMR010020,Kyaukpadaung,MMR010,Mandalay,MMR010D005,Nyaung-U,122,337,mapped,7050,3f00393a-8c63-48f6-95ef-86c24469c174,ကျောက်ပန်းတောင်း,name,7050,exact_normalized_en=[7050]|spatial_support=7050:1.00;7031:0.04;6905:0.02;6903:0.01;6898:0.01,
MMR010021,Ngazun,MMR010,Mandalay,MMR010D004,Myingyan,49,157,mapped,6857,6b23b111-7fa1-4947-be07-3514241893bd,ငါန်းဇွန်,name,6857,exact_normalized_en=[6857]|spatial_support=6857:1.00;6829:0.11;6888:0.05;6831:0.04;6891:0.04,
MMR010022,Nyaung-U,MMR010,Mandalay,MMR010D005,Nyaung-U,78,221,mapped,6905,68baff1b-998c-4994-8244-2fe2d9f63b74,ညောင်ဦး,name,6905,exact_normalized_en=[6905]|spatial_support=6905:1.00;6914:0.09;7031:0.01;7050:0.01;6903:0.01,
MMR010023,Yamethin,MMR010,Mandalay,MMR010D006,Yamethin,65,245,mapped,6069,e7bf2f86-c2bc-4d53-a235-44873964e344,ရမည်းသင်း,name,6069,exact_normalized_en=[6069]|spatial_support=6069:1.00;7052:0.13;6067:0.04,
MMR010024,Pyawbwe,MMR010,Mandalay,MMR010D006,Yamethin,85,312,mapped,7052,8f67450f-dd02-45c1-8d9d-d9d41ece6c35,ပျော်ဘွယ်,name,7052,exact_normalized_en=[7052]|spatial_support=7052:1.00;6069:0.08;6164:0.04;7051:0.04;7038:0.01,
MMR010028,Meiktila,MMR010,Mandalay,MMR010D007,Meiktila,59,379,mapped,7051,6b70ffb5-9038-49b1-ae7f-684427d4c4d4,မိတ္ထီလာ,name,7051,exact_normalized_en=[7051]|spatial_support=7051:1.00;7052:0.03;6898:0.02;6185:0.01,
MMR010029,Mahlaing,MMR010,Mandalay,MMR010D007,Meiktila,57,243,mapped,6898,b5d72b9f-c4a4-4a98-89a3-195891569e96,မလှိုင်,name,6898,exact_normalized_en=[6898]|spatial_support=6898:1.00;6903:0.06;6892:0.04;7051:0.04;6185:0.01,
MMR010030,Thazi,MMR010,Mandalay,MMR010D007,Meiktila,88,248,mapped,6164,79459481-30c9-496d-9fdc-e72194270119,သာစည်,name,6164,exact_normalized_en=[6164]|spatial_support=6164:1.00;7052:0.04;7051:0.02;6144:0.01;6185:0.01,
MMR010031,Wundwin,MMR010,Mandalay,MMR010D007,Meiktila,78,215,mapped,6185,4334a141-6dd6-4964-9f93-1c32714a8206,ဝမ်းတွင်း,name,6185,exact_normalized_en=[6185]|spatial_support=6185:1.00;6200:0.05;6898:0.04;6892:0.01;7051:0.01,
MMR011001,Mawlamyine,MMR011,Mon,MMR011D001,Mawlamyine,44,26,mapped,5070,fe444abc-178d-449b-9a02-4bff3872dae5,မော်လမြိုင်,name,5070,exact_normalized_en=[5070]|spatial_support=5070:0.88;5108:0.12;5098:0.10;5110:0.07;5055:0.02,
MMR011002,Kyaikmaraw,MMR011,Mon,MMR011D001,Mawlamyine,46,117,mapped,5098,6bdcc294-f22a-4a66-815e-2489af10ae52,ကျိုက်မရော,name,5098,exact_normalized_en=[5098]|spatial_support=5098:1.00;5070:0.14;5108:0.10,
MMR011003,Chaungzon,MMR011,Mon,MMR011D001,Mawlamyine,48,79,mapped,5110,f99e191e-9bc6-4427-a215-9969728d564f,ချောင်းဆုံ,name,5110,exact_normalized_en=[5110]|spatial_support=5110:1.00;5070:0.20;5108:0.12;5055:0.01,
MMR011004,Thanbyuzayat,MMR011,Mon,MMR011D001,Mawlamyine,43,63,mapped,7482,bfec2286-8963-470f-b164-9357b30d4e04,သံဖြူဇရပ်,name,7482,exact_normalized_en=[7482]|spatial_support=7482:1.00;5108:0.13,
MMR011005,Mudon,MMR011,Mon,MMR011D001,Mawlamyine,39,48,mapped,5108,741fa2dc-d4f8-4cac-8983-6069d8b5c88c,မုဒုံ,name,5108,exact_normalized_en=[5108]|spatial_support=5108:1.00;5098:0.14;5070:0.06;5110:0.04;7482:0.03,
MMR011006,Ye,MMR011,Mon,MMR011D001,Mawlamyine,43,134,mapped,7491,a0b70b70-f37d-41ff-9957-313535770a62,ရေး,name,7491,exact_normalized_en=[7491]|spatial_support=7491:1.00,
MMR011007,Thaton,MMR011,Mon,MMR011D002,Thaton,54,132,mapped,5053,85b93da2-27e7-4d45-8e83-8a3539776f8f,သထုံ,name,5053,exact_normalized_en=[5053]|spatial_support=5053:1.00;5055:0.06;5877:0.05;5881:0.03,
MMR011008,Paung,MMR011,Mon,MMR011D002,Thaton,58,156,mapped,5055,c74837cf-7bc6-4354-941f-f1a904529c22,ပေါင်,name,5055,exact_normalized_en=[5055]|spatial_support=5055:1.00;5070:0.10;5053:0.03;5110:0.01,
MMR011009,Kyaikto,MMR011,Mon,MMR011D002,Thaton,41,70,mapped,5889,63d433c8-858f-40fc-a439-c100f242427e,ကျိုက်ထို,name,5889,exact_normalized_en=[5889]|spatial_support=5889:1.00;5922:0.06;5881:0.04;5865:0.01,
MMR011010,Bilin,MMR011,Mon,MMR011D002,Thaton,57,215,mapped,5881,ef3681ad-b509-43d7-8f58-8d55d89ae95b,ဘီးလင်း,name,5881,exact_normalized_en=[5881]|spatial_support=5881:1.00;5889:0.07;5053:0.04;5877:0.01,
MMR012001,Sittwe,MMR012,Rakhine,MMR012D001,Sittwe,61,88,mapped,6993,819f7b87-8dbf-4de5-98a2-5486f01ce478,စစ်တွေ,name,6993,exact_normalized_en=[6993]|spatial_support=6993:1.00;7000:0.14,
MMR012002,Ponnagyun,MMR012,Rakhine,MMR012D001,Sittwe,97,182,mapped,6987,bcd4d504-e27d-4861-b036-b4b857ff89d4,ပုဏ္ဏားကျွန်း,name,6987,exact_normalized_en=[6987]|spatial_support=6987:1.00;6986:0.15;7000:0.13;6993:0.12;6951:0.06,
MMR012003,Mrauk-U,MMR012,Rakhine,MMR012D005,Mrauk-U,104,245,mapped,6951,9507bdfe-ed00-46b7-9f9e-e4ec83debe07,မြောက်ဦး,name,6951,exact_normalized_en=[6951]|spatial_support=6951:1.00;6987:0.06;6960:0.03;7000:0.03,
MMR012004,Kyauktaw,MMR012,Rakhine,MMR012D005,Mrauk-U,81,263,mapped,6960,9ad7c7bd-8c9d-48ce-85a4-72b48a60c052,ကျောက်တော်,name,6960,exact_normalized_en=[6960]|spatial_support=6960:1.00;6987:0.14;6951:0.09;6986:0.03,
MMR012005,Minbya,MMR012,Rakhine,MMR012D005,Mrauk-U,67,222,mapped,6950,21053ec0-3c86-497e-9aed-d82667ca8b8a,မင်းပြား,name,6950,exact_normalized_en=[6950]|spatial_support=6950:1.00;7000:0.12;6951:0.06;6897:0.01,
MMR012006,Myebon,MMR012,Rakhine,MMR012D005,Mrauk-U,61,143,mapped,6897,ba2d7ed8-46c2-4600-82b0-2ce891dea030,မြေပုံ,name,6897,exact_normalized_en=[6897]|spatial_support=6897:1.00;7000:0.01,
MMR012007,Pauktaw,MMR012,Rakhine,MMR012D001,Sittwe,54,188,mapped,7000,c7e446b4-6cbe-490a-8008-e766aa5f520e,ပေါက်တော,name,7000,exact_normalized_en=[7000]|spatial_support=7000:1.00;6993:0.07,
MMR012008,Rathedaung,MMR012,Rakhine,MMR012D001,Sittwe,93,193,mapped,6986,9ed96ae9-faa6-4198-9e03-b8db24ee490f,ရသေ့တောင်,name,6986,exact_normalized_en=[6986]|spatial_support=6986:1.00;6987:0.10;6993:0.08,
MMR012009,Maungdaw,MMR012,Rakhine,MMR012D002,Maungdaw,104,339,mapped,6966,6620e7fe-f387-484d-8ebb-58f02975674e,မောင်တော,name,6966,exact_normalized_en=[6966]|spatial_support=6966:1.00;6965:0.10;6986:0.01,
MMR012010,Buthidaung,MMR012,Rakhine,MMR012D002,Maungdaw,86,330,mapped,6965,775b6bc4-da21-4482-b9b3-c6f3f34965f1,ဘူးသီးတောင်,name,6965,exact_normalized_en=[6965]|spatial_support=6965:1.00;6966:0.11;6986:0.02,
MMR012011,Kyaukpyu,MMR012,Rakhine,MMR012D003,Kyaukpyu,54,244,mapped,5199,c25fa666-5a35-4e95-af46-319665641346,ကျောက်ဖြူ,name,5199,exact_normalized_en=[5199]|spatial_support=5199:1.00;7184:0.09,
MMR012012,Munaung,MMR012,Rakhine,MMR012D003,Kyaukpyu,37,130,mapped,5091,02024cd8-8421-4c25-8e3f-bd6ecf574ed5,မာန်အောင်,name,5091,exact_normalized_en=[5091]|spatial_support=5091:1.00,
MMR012013,Ramree,MMR012,Rakhine,MMR012D003,Kyaukpyu,56,187,mapped,7184,73a6ff73-0d1a-4839-b932-af06688c50f9,ရမ်းဗြဲ,name,7184,exact_normalized_en=[7184]|spatial_support=7184:1.00;5091:0.01;5199:0.01,
MMR012014,Ann,MMR012,Rakhine,MMR012D003,Kyaukpyu,38,218,mapped,7098,23fcc105-16fc-44f9-9a18-71955d34e0f2,အမ်း,name,7098,exact_normalized_en=[7098]|spatial_support=7098:1.00;5199:0.05,
MMR012015,Thandwe,MMR012,Rakhine,MMR012D004,Thandwe,62,211,mapped,7176,617a076d-421a-4c29-a5f9-e118e2357ee2,သံတွဲ,name,7176,exact_normalized_en=[7176]|spatial_support=7176:1.00,
MMR012016,Toungup,MMR012,Rakhine,MMR012D004,Thandwe,57,197,mapped,7109,30c03d09-353b-4f6f-bbe1-a748be68445c,တောင်ကုတ်,name,7109,exact_normalized_en=[7109]|spatial_support=7109:1.00,
MMR012017,Gwa,MMR012,Rakhine,MMR012D004,Thandwe,38,122,mapped,7188,c2000745-f2c8-42a4-b31d-a10beb1f5db9,ဂွ,name,7188,exact_normalized_en=[7188]|spatial_support=7188:1.00,
MMR013001,Insein,MMR013,Yangon,MMR013D001,Yangon (North),22,0,mapped,5690,b8f2e9b5-304a-4c38-99cc-6d44dc3ddf31,အင်းစိန်,name,5690,exact_normalized_en=[5690]|spatial_support=5690:1.00;5165:0.25;5213:0.25;5231:0.25;5253:0.25,
MMR013002,Mingaladon,MMR013,Yangon,MMR013D001,Yangon (North),35,20,mapped,5801,ea2f6f99-7803-485a-996e-001d35727f82,မင်္ဂလာဒုံ,name,5801,exact_normalized_en=[5801]|spatial_support=5801:0.98;5253:0.27;5165:0.25;5647:0.25;5659:0.25,
MMR013003,Hmawbi,MMR013,Yangon,MMR013D001,Yangon (North),42,151,mapped,5856,fe548c57-494c-4ec6-84a9-a7cb4cd8523a,မှော်ဘီ,name,5856,exact_normalized_en=[5856]|spatial_support=5856:1.00;7298:0.23;5801:0.22;5808:0.22;5690:0.14,
MMR013004,Hlegu,MMR013,Yangon,MMR013D001,Yangon (North),50,142,mapped,5857,1e3bc9ba-d0f3-4a7b-bf4f-8f1f931fafe5,လှည်းကူး,name,5857,exact_normalized_en=[5857]|spatial_support=5857:1.00;5165:0.18;5801:0.17;5856:0.12;5772:0.11,
MMR013005,Taikkyi,MMR013,Yangon,MMR013D001,Yangon (North),85,435,mapped,7233,93303d13-3738-4d01-97f7-5a5b42120022,တိုက်ကြီး,name,7233,exact_normalized_en=[7233]|spatial_support=7233:1.00;7259:0.07;5856:0.06;7232:0.05;7295:0.03,
MMR013006,Htantabin,MMR013,Yangon,MMR013D001,Yangon (North),53,194,mapped,7298,3bb35289-a4da-41a6-ba7f-696085af43bc,ထန်းတပင်,name+spatial_tiebreak,7298,"exact_normalized_en=[5971, 7298]|spatial_support=7298:1.00;5856:0.19;5808:0.17;5675:0.15;5659:0.13",
MMR013007,Shwepyithar,MMR013,Yangon,MMR013D001,Yangon (North),28,5,mapped,5808,83fdd850-2725-4f7b-9989-3c8c740fca64,ရွှေပြည်သာ,name,5808,exact_normalized_en=[5808]|spatial_support=5808:1.00;5165:0.25;5253:0.25;5267:0.25;5289:0.25,
MMR013009,Thingangyun,MMR013,Yangon,MMR013D002,Yangon (East),39,0,mapped,5344,47c4cf97-e6e3-43e5-8112-8553a9162006,သင်္ဃန်းကျွန်း,name,5344,exact_normalized_en=[5344]|spatial_support=5344:1.00;5133:0.25;5165:0.25;5211:0.25;5213:0.25,
MMR013010,Yankin,MMR013,Yangon,MMR013D002,Yangon (East),16,0,mapped,5289,abf42aaf-b407-4556-89a8-93717aa9913e,ရန်ကင်း,name,5289,exact_normalized_en=[5289]|spatial_support=5289:1.00;5133:0.25;5165:0.25;5211:0.25;5213:0.25,
MMR013011,South Okkalapa,MMR013,Yangon,MMR013D002,Yangon (East),14,0,mapped,5267,a71d3103-55b6-4018-98b2-5242a9111329,တောင်ဥက္ကလာပ,name,5267,exact_normalized_en=[5267]|spatial_support=5267:1.00;5133:0.25;5165:0.25;5211:0.25;5213:0.25,
MMR013012,North Okkalapa,MMR013,Yangon,MMR013D002,Yangon (East),21,0,mapped,5772,6d61699b-00df-4810-9ce3-7af5362e87d0,မြောက်ဥက္ကလာပ,name,5772,exact_normalized_en=[5772]|spatial_support=5772:0.96;5801:0.29;5165:0.25;5211:0.25;5213:0.25,
MMR013013,Thaketa,MMR013,Yangon,MMR013D002,Yangon (East),20,0,mapped,5388,d0b0e534-5ce8-4c30-bdde-c0c514eae4a9,သာကေတ,name,5388,exact_normalized_en=[5388]|spatial_support=5388:1.00;5133:0.25;5165:0.25;5211:0.25;5213:0.25,
MMR013014,Dawbon,MMR013,Yangon,MMR013D002,Yangon (East),15,0,mapped,5395,905c5251-04ff-435e-8b1e-d737e8cb3d8e,ဒေါပုံ,name,5395,exact_normalized_en=[5395]|spatial_support=5395:1.00;5133:0.25;5165:0.25;5211:0.25;5213:0.25,
MMR013015,Tamwe,MMR013,Yangon,MMR013D002,Yangon (East),21,0,mapped,5568,80e177c3-7640-4545-8b25-f7b4b96c480b,တာမွေ,name,5568,exact_normalized_en=[5568]|spatial_support=5568:1.00;5133:0.25;5165:0.25;5211:0.25;5213:0.25,
MMR013016,Pazundaung,MMR013,Yangon,MMR013D002,Yangon (East),11,0,mapped,5425,290f5a89-7737-4a9d-9e44-677707932223,ပုဇွန်တောင်,name,5425,exact_normalized_en=[5425]|spatial_support=5425:1.00;5133:0.25;5165:0.25;5211:0.25;5213:0.25,
MMR013017,Botahtaung,MMR013,Yangon,MMR013D002,Yangon (East),13,0,mapped,5446,bb244259-b620-4ff1-b66d-76cf01b66e85,ဗိုလ်တထောင်,name,5446,exact_normalized_en=[5446]|spatial_support=5446:0.94;5476:0.31;5133:0.25;5165:0.25;5211:0.25,
MMR013018,Dagon Myothit (South),MMR013,Yangon,MMR013D002,Yangon (East),45,0,mapped,5231,13288755-ec6b-4a53-beac-6182cfa3ecf4,ဒဂုံမြို့သစ် (တောင်ပိုင်း),name,5231,exact_normalized_en=[5231]|spatial_support=5231:0.87;5165:0.38;5211:0.25;5213:0.25;5253:0.25,
MMR013019,Dagon Myothit (North),MMR013,Yangon,MMR013D002,Yangon (East),28,0,mapped,5722,a95f905d-af9f-4bf0-8614-20c0e41fb231,ဒဂုံမြို့သစ် (မြောက်ပိုင်း),name,5722,exact_normalized_en=[5722]|spatial_support=5722:1.00;5165:0.25;5211:0.25;5213:0.25;5231:0.25,
MMR013020,Dagon Myothit (East),MMR013,Yangon,MMR013D002,Yangon (East),66,5,mapped,5165,9be63a4e-b25b-465a-b61e-3111287d3584,ဒဂုံမြို့သစ် (အရှေ့ပိုင်း),name,5165,exact_normalized_en=[5165]|spatial_support=5165:1.00;5211:0.25;5213:0.25;5231:0.25;5253:0.25,
MMR013021,Dagon Myothit (Seikkan),MMR013,Yangon,MMR013D002,Yangon (East),37,5,mapped,5213,2e3aa5eb-4216-4181-8e69-4f402561a39e,ဒဂုံမြို့သစ် (ဆိပ်ကမ်း),name,5213,exact_normalized_en=[5213]|spatial_support=5213:0.89;5165:0.34;5231:0.27;5211:0.25;5267:0.25,
MMR013022,Mingalartaungnyunt,MMR013,Yangon,MMR013D002,Yangon (East),21,0,mapped,5538,23aa94aa-5598-4b63-8514-42c8ab23553f,မင်္ဂလာတောင်ညွန့်,name,5538,exact_normalized_en=[5538]|spatial_support=5538:1.00;5133:0.25;5165:0.25;5211:0.25;5213:0.25,
MMR013023,Thanlyin,MMR013,Yangon,MMR013D003,Yangon (South),46,57,mapped,5211,08d77dfd-d044-4cb2-84aa-a2078a2ccc9a,သန်လျင်,name,5211,exact_normalized_en=[5211]|spatial_support=5211:1.00;5213:0.25;5231:0.25;5267:0.25;5344:0.25,
MMR013024,Kyauktan,MMR013,Yangon,MMR013D003,Yangon (South),56,88,mapped,5144,e94864c7-fc7b-4d74-96a2-3abfd8539ecf,ကျောက်တန်း,name,5144,exact_normalized_en=[5144]|spatial_support=5144:1.00;5145:0.15;5211:0.12;5133:0.09;5388:0.09,
MMR013025,Thongwa,MMR013,Yangon,MMR013D003,Yangon (South),65,150,mapped,5145,7842fe11-6596-43c5-b306-6f56b8448f1e,သုံးခွ,name,5145,exact_normalized_en=[5145]|spatial_support=5145:0.98;5142:0.23;5144:0.12;5211:0.10;5873:0.06,
MMR013026,Kayan,MMR013,Yangon,MMR013D003,Yangon (South),67,133,mapped,5142,0d929602-d3f1-4a1f-aa9f-fd3ef64a7de8,ခရမ်း,name,5142,exact_normalized_en=[5142]|spatial_support=5142:1.00;5873:0.23;5145:0.14;5211:0.14;5213:0.06,
MMR013027,Twantay,MMR013,Yangon,MMR013D003,Yangon (South),74,207,mapped,7300,3661bfa2-9e70-46c2-a089-13e59e14e8fe,တွံတေး,name,7300,exact_normalized_en=[7300]|spatial_support=7300:1.00;5612:0.19;5659:0.19;5675:0.18;5494:0.18,
MMR013028,Kawhmu,MMR013,Yangon,MMR013D003,Yangon (South),63,125,mapped,5125,b4c491f2-1d8a-4f30-8639-7ac366139d36,ကော့မှူး,name,5125,exact_normalized_en=[5125]|spatial_support=5125:1.00;5112:0.23;5133:0.20;7300:0.14;5612:0.09,
MMR013029,Kungyangon,MMR013,Yangon,MMR013D003,Yangon (South),50,127,mapped,5112,fa5a2d7d-4d4e-48b8-8c10-62cff99eefcc,ကွမ်းခြံကုန်း,name,5112,exact_normalized_en=[5112]|spatial_support=5112:1.00;5125:0.25;5133:0.03;7427:0.03;5144:0.01,
MMR013030,Dala,MMR013,Yangon,MMR013D003,Yangon (South),48,50,mapped,5133,057e8ba4-030a-4fa1-9f1b-9d925cc26199,ဒလ,name,5133,exact_normalized_en=[5133]|spatial_support=5133:1.00;5125:0.25;5344:0.25;5388:0.25;5395:0.25,
MMR013031,Seikgyikanaungto,MMR013,Yangon,MMR013D003,Yangon (South),10,0,mapped,5612,2ebc5cee-9e6a-4611-8848-65ea08074bbb,ဆိပ်ကြီး/ခနောင်တို,name,5612,exact_normalized_en=[5612]|spatial_support=5612:1.00;5133:0.25;5231:0.25;5253:0.25;5267:0.25,
MMR013032,Cocokyun,MMR013,Yangon,MMR013D003,Yangon (South),2,0,mapped,7440,62cda449-1708-4491-8e4a-7ae7238b7a34,ကိုကိုးကျွန်း,name,7440,exact_normalized_en=[7440]|spatial_support=7440:1.00,
MMR013033,Kyauktada,MMR013,Yangon,MMR013D004,Yangon (West),10,0,mapped,5430,abd46a79-4cb3-41e2-91d3-a4490fb131b8,ကျောက်တံတား,name,5430,exact_normalized_en=[5430]|spatial_support=5430:1.00;5133:0.25;5165:0.25;5211:0.25;5213:0.25,
MMR013034,Pabedan,MMR013,Yangon,MMR013D004,Yangon (West),12,0,mapped,5481,16ffb15f-6079-467b-9364-df84267f7cf6,ပန်းဘဲတန်း,name,5481,exact_normalized_en=[5481]|spatial_support=5481:1.00;5133:0.25;5165:0.25;5211:0.25;5213:0.25,
MMR013035,Lanmadaw,MMR013,Yangon,MMR013D004,Yangon (West),14,0,mapped,5476,286f8bc3-388a-4887-9211-547272c7cfb7,လမ်းမတော်,name,5476,exact_normalized_en=[5476]|spatial_support=5476:1.00;5133:0.25;5165:0.25;5211:0.25;5213:0.25,
MMR013036,Latha,MMR013,Yangon,MMR013D004,Yangon (West),11,0,mapped,5467,75ba75ce-b148-4e92-94d8-b4ffe68cea69,လသာ,name,5467,exact_normalized_en=[5467]|spatial_support=5467:1.00;5133:0.25;5165:0.25;5211:0.25;5213:0.25,
MMR013037,Ahlone,MMR013,Yangon,MMR013D004,Yangon (West),12,0,mapped,5494,71a6148d-74d7-4a38-bb97-13085bfbfa04,အလုံ,name,5494,exact_normalized_en=[5494]|spatial_support=5494:1.00;5133:0.25;5165:0.25;5211:0.25;5213:0.25,
MMR013038,Kyeemyindaing,MMR013,Yangon,MMR013D004,Yangon (West),24,0,mapped,5596,5a8f21cf-eea7-4443-93a5-83c1d4b8ec24,ကြည့်မြင်တိုင်,name,5596,exact_normalized_en=[5596]|spatial_support=5596:0.94;7300:0.31;5133:0.25;5165:0.25;5213:0.25,
MMR013039,Sanchaung,MMR013,Yangon,MMR013D004,Yangon (West),19,0,mapped,5586,5c615f68-e3c2-452f-a0d7-5e98ebd67dd5,စမ်းချောင်း,name,5586,exact_normalized_en=[5586]|spatial_support=5586:1.00;5133:0.25;5165:0.25;5211:0.25;5213:0.25,
MMR013040,Hlaing,MMR013,Yangon,MMR013D004,Yangon (West),17,0,mapped,5647,df5081a6-619d-49bf-83ce-c88deb4a28f8,လှိုင်,name,5647,exact_normalized_en=[5647]|spatial_support=5647:1.00;5133:0.25;5165:0.25;5213:0.25;5231:0.25,
MMR013041,Kamaryut,MMR013,Yangon,MMR013D004,Yangon (West),11,0,mapped,5306,83392c94-19ce-4f51-84bc-bc9fbffd8e8f,ကမာရွတ်,name,5306,exact_normalized_en=[5306]|spatial_support=5306:1.00;5133:0.25;5165:0.25;5211:0.25;5213:0.25,
MMR013042,Mayangone,MMR013,Yangon,MMR013D004,Yangon (West),17,0,mapped,5253,981e53e2-13b6-4b45-a24b-ce06ff0a1dbb,မရမ်းကုန်း,name,5253,exact_normalized_en=[5253]|spatial_support=5253:1.00;5133:0.25;5165:0.25;5213:0.25;5231:0.25,
MMR013043,Dagon,MMR013,Yangon,MMR013D004,Yangon (West),6,0,mapped,5505,8a01c935-c9e1-41a9-92f9-d679efce5453,ဒဂုံ,name,5505,exact_normalized_en=[5505]|spatial_support=5505:1.00;5133:0.25;5165:0.25;5211:0.25;5213:0.25,
MMR013044,Bahan,MMR013,Yangon,MMR013D004,Yangon (West),23,0,mapped,5565,5006c4f8-cd1b-4c59-a1d1-bf3a860e0250,ဗဟန်း,name,5565,exact_normalized_en=[5565]|spatial_support=5565:1.00;5133:0.25;5165:0.25;5211:0.25;5213:0.25,
MMR013046,Hlaingtharya (East),MMR013,Yangon,MMR013D001,Yangon (North),15,7,mapped,5659,f82dcfc5-7c66-47e6-b16d-7368ddfa32ba,လှိုင်သာယာ (အရှေ့ပိုင်း),name,5659,exact_normalized_en=[5659]|spatial_support=5659:0.97;5675:0.28;5231:0.25;5253:0.25;5267:0.25,
MMR013047,Hlaingtharya (West),MMR013,Yangon,MMR013D001,Yangon (North),16,5,mapped,5675,84906086-7353-41dc-b768-f3b8bbf160cd,လှိုင်သာယာ (အနောက်ပိုင်း),name,5675,exact_normalized_en=[5675]|spatial_support=5675:1.00;5231:0.25;5253:0.25;5267:0.25;5289:0.25,
MMR014001,Taunggyi,MMR014,Shan (South),MMR014D001,Taunggyi,28,215,mapped,6114,97faedef-5bbe-4490-a177-2910a2f1a05a,တောင်ကြီး,name,6114,exact_normalized_en=[6114]|spatial_support=6114:1.00;6160:0.04;6076:0.02;6310:0.01;6144:0.01,
MMR014002,Nyaungshwe,MMR014,Shan (South),MMR014D001,Taunggyi,44,381,mapped,6076,b49f3ad2-9b3a-4c9c-96d5-e7ac7deca5dd,ညောင်ရွှေ,name,6076,exact_normalized_en=[6076]|spatial_support=6076:1.00;6114:0.10;6160:0.09;6091:0.01,
MMR014003,Hopong,MMR014,Shan (South),MMR014S002,Pa-O Self-Administered Zone,29,204,mapped,6310,645a0d11-0d94-4fed-97cf-163ccc51fd05,ဟိုပုံး,name,6310,exact_normalized_en=[6310]|spatial_support=6310:1.00;6126:0.13;6114:0.06,
MMR014004,Hsihseng,MMR014,Shan (South),MMR014S002,Pa-O Self-Administered Zone,20,205,mapped,6091,58ad5d7d-6f58-427c-b30b-7db5f5e09c9b,ဆီဆိုင်မြို့နယ်,name+spatial_tiebreak,6091,"exact_normalized_en=[6091, 6410]|spatial_support=6091:1.00;6114:0.13;6092:0.01",
MMR014005,Kalaw,MMR014,Shan (South),MMR014D001,Taunggyi,52,245,mapped,6160,0cad1b5d-a9ff-47d6-bc7a-a44fb7569ed4,ကလော,name,6160,exact_normalized_en=[6160]|spatial_support=6160:1.00;6144:0.04;6076:0.01,
MMR014006,Pindaya,MMR014,Shan (South),MMR014S001,Danu Self-Administered Zone,28,138,mapped,6144,1e21c040-9ea6-4ac6-bdf9-4784006c55fe,ပင်းတယ,name,6144,exact_normalized_en=[6144]|spatial_support=6144:1.00;6160:0.10,
MMR014007,Ywangan,MMR014,Shan (South),MMR014S001,Danu Self-Administered Zone,33,120,mapped,6187,c3967cce-92b3-4a62-b2e4-d8950d91061d,ရွာငံ,name,6187,exact_normalized_en=[6187]|spatial_support=6187:1.00;6144:0.09;6200:0.04;6160:0.01;6198:0.01,
MMR014008,Lawksawk,MMR014,Shan (South),MMR014D001,Taunggyi,28,215,mapped,6280,2c712dac-1c64-4b00-a484-1892994178b3,ရပ်စောက်,name,6280,exact_normalized_en=[6280]|spatial_support=6280:1.00;6187:0.07,
MMR014009,Pinlaung,MMR014,Shan (South),MMR014S002,Pa-O Self-Administered Zone,38,395,mapped,6073,8881b001-a128-4c5c-8f4f-bdba0d4745c0,ပင်လောင်း,name,6073,exact_normalized_en=[6073]|spatial_support=6073:1.00;6076:0.04;6039:0.01;6046:0.01,
MMR014010,Pekon,MMR014,Shan (South),MMR014D001,Taunggyi,19,147,mapped,6039,6f539d20-6386-4822-98f2-83acecdad2b7,ဖယ်ခုံ,name,6039,exact_normalized_en=[6039]|spatial_support=6039:1.00;6013:0.04;6038:0.01,
MMR014011,Loilen,MMR014,Shan (South),MMR014D002,Loilen,25,224,mapped,6126,ca3c9a2e-e692-4a3a-bcee-0ecd4e78527e,လွိုင်လင်,name,6126,exact_normalized_en=[6126]|spatial_support=6126:1.00;6310:0.10,
MMR014012,Laihka,MMR014,Shan (South),MMR014D002,Loilen,24,127,mapped,6305,6bb4ad0d-97e4-4486-98f0-75213bce1f65,လဲချား,name+spatial_tiebreak,6305,"exact_normalized_en=[6093, 6305]|spatial_support=6305:1.00",
MMR014013,Nansang,MMR014,Shan (South),MMR014D002,Loilen,27,109,mapped,6108,29b4cabd-9db4-4c7f-9a57-2bd3b00969f3,နမ့်စန်,name,6108,exact_normalized_en=[6108]|spatial_support=6108:1.00;6126:0.05;6362:0.01,
MMR014014,Kunhing,MMR014,Shan (South),MMR014D002,Loilen,20,114,mapped,6313,caa5fed0-b25b-4784-8fd5-ff2b22ba5fb8,ကွန်ဟိန်း,name,6313,exact_normalized_en=[6313]|spatial_support=6313:1.00,
MMR014015,Kyethi,MMR014,Shan (South),MMR014D002,Loilen,45,196,mapped,6322,47325943-a89f-41c4-9c9a-69bef7f8b63d,ကျေးသီး,name,6322,exact_normalized_en=[6322]|spatial_support=6322:1.00;6327:0.01,
MMR014016,Mongkaing,MMR014,Shan (South),MMR014D002,Loilen,30,193,mapped,6290,f5f8c81e-89db-4b9c-b36b-108834a680e3,မိုင်းကိုင်,name,6290,exact_normalized_en=[6290]|spatial_support=6290:1.00,
MMR014017,Monghsu,MMR014,Shan (South),MMR014D002,Loilen,23,153,mapped,6327,dc3f3eca-9cad-433b-910f-2e4df9fa6bb3,မိုင်းရှူး,name,6327,exact_normalized_en=[6327]|spatial_support=6327:0.98;6322:0.06,
MMR014018,Langkho,MMR014,Shan (South),MMR014D003,Langkho,27,73,mapped,6093,4d8e33b4-1198-4fa6-986f-aca9f1b8fccd,လင်းခေး,name,6093,exact_normalized_en=[6093]|spatial_support=6093:1.00;6362:0.01;6333:0.01,
MMR014019,Mongnai,MMR014,Shan (South),MMR014D003,Langkho,21,47,mapped,6362,ec322fbf-3285-42cb-ac6d-aaa5d99e3996,မိုးနဲ,name,6362,exact_normalized_en=[6362]|spatial_support=6362:1.00;6108:0.04,
MMR014020,Mawkmai,MMR014,Shan (South),MMR014D003,Langkho,16,84,mapped,6092,61203f63-a933-4287-b4fb-3b696f56e666,မောက်မယ်,name,6092,exact_normalized_en=[6092]|spatial_support=6092:1.00;6091:0.04,
MMR014021,Mongpan,MMR014,Shan (South),MMR014D003,Langkho,16,31,mapped,6333,3cdba452-a0ec-4ca5-8e9b-b812a7c69d29,မိုင်းပန်,name,6333,exact_normalized_en=[6333]|spatial_support=6333:1.00;6093:0.01,
MMR015001,Lashio,MMR015,Shan (North),MMR015D001,Lashio,76,210,mapped,6468,ff921958-83f9-44df-919a-3093fc826112,လားရှိုး,name,6468,exact_normalized_en=[6468]|spatial_support=6468:0.56;6443:0.28;6562:0.17;6445:0.15;6560:0.03,
MMR015002,Hseni,MMR015,Shan (North),MMR015D001,Lashio,37,138,mapped,6562,4af0fa55-4019-49ac-9b76-ad0280aeb3ab,သိန္နီ,name,6562,exact_normalized_en=[6562]|spatial_support=6562:0.91;6569:0.15;6434:0.09;6443:0.04;6445:0.01,
MMR015003,Mongyai,MMR015,Shan (North),MMR015D001,Lashio,29,138,mapped,6479,68fdbb5b-be2b-46ce-902c-e797d59d2e18,မိုင်းရယ်,name,6479,exact_normalized_en=[6479]|spatial_support=6479:1.00;6467:0.01;6468:0.01,
MMR015004,Tangyan,MMR015,Shan (North),MMR015D001,Lashio,50,196,mapped,6467,161dd5c6-c71d-4247-98f6-4c681f506a18,တန့်ယန်း,name,6467,exact_normalized_en=[6467]|spatial_support=6467:1.00;6484:0.04;6487:0.03;6473:0.02;6479:0.02,
MMR015005,Pangsang,MMR015,Shan (North),MMR015D007,Matman,88,0,manual_review,,,,unmatched,,spatial_support=6484:0.54;6487:0.39;6472:0.15;6486:0.14;6473:0.10,No unique CoreMap township for source township name
MMR015006,Narphan,MMR015,Shan (North),MMR015D007,Matman,31,3,mapped,6456,f91b8baf-5850-4770-928b-f6ae1ab6b94b,နားဖန်း,name,6456,exact_normalized_en=[6456]|spatial_support=6456:0.55;6453:0.38;6470:0.25;6486:0.12;6454:0.08,
MMR015007,Pangwaun,MMR015,Shan (North),MMR015D006,Hopang,19,0,mapped,6451,eec6430f-edce-4897-81ce-3f8fc8191ee5,ပန်ဝိုင်,name,6451,exact_normalized_en=[6451]|spatial_support=6451:0.64;6448:0.59;6450:0.13;6453:0.11;6454:0.11,
MMR015008,Mongmao,MMR015,Shan (North),MMR015D006,Hopang,37,0,mapped,6488,2f14598f-2ead-4f31-bba4-5f6f83bf3a04,မိုင်းမော,name,6488,exact_normalized_en=[6488]|spatial_support=6488:0.64;6448:0.25;6486:0.23;6491:0.20;6446:0.05,
MMR015009,Muse,MMR015,Shan (North),MMR015D002,Muse,73,177,mapped,6600,3cfd5b12-9bbb-485c-94ac-35016a790171,မူဆယ်,name,6600,exact_normalized_en=[6600]|spatial_support=6600:0.89;6414:0.13;6597:0.06;6412:0.03;6620:0.02,
MMR015010,Namhkan,MMR015,Shan (North),MMR015D002,Muse,44,157,mapped,6599,8c022312-297d-4a47-b3f2-4582461ac3f6,နမ့်ခမ်း,name,6599,exact_normalized_en=[6599]|spatial_support=6599:0.96;6597:0.12;6527:0.01;6584:0.01,
MMR015011,Kutkai,MMR015,Shan (North),MMR015D002,Muse,78,233,mapped,6569,3342e8b9-1c9e-458f-8a7a-1792c4afffda,ကွတ်ခိုင်,name,6569,exact_normalized_en=[6569]|spatial_support=6569:0.49;6414:0.28;6597:0.23;6562:0.09;6441:0.03,
MMR015012,Kyaukme,MMR015,Shan (North),MMR015D003,Kyaukme,80,336,mapped,6551,b0bd0c52-512f-45b6-97e1-7e42edbccf3e,ကျောက်မဲ,name,6551,exact_normalized_en=[6551]|spatial_support=6551:1.00;6394:0.01;6524:0.01,
MMR015013,Nawnghkio,MMR015,Shan (North),MMR015D003,Kyaukme,42,249,mapped,6524,f34b0bf9-b79a-413e-b2e6-17ac39239fd7,နောင်ချို,name,6524,exact_normalized_en=[6524]|spatial_support=6524:1.00;6536:0.04;6550:0.01;6551:0.01,
MMR015014,Hsipaw,MMR015,Shan (North),MMR015D003,Kyaukme,80,326,mapped,6523,19f6b48b-fdae-4a77-b5ca-2b5db453543e,သီပေါ,name,6523,exact_normalized_en=[6523]|spatial_support=6523:1.00;6394:0.01,
MMR015015,Namtu,MMR015,Shan (North),MMR015D003,Kyaukme,24,120,mapped,6560,83d6611b-afc3-49dd-bb6b-83d91b09cc37,နမ္မတူ,name,6560,exact_normalized_en=[6560]|spatial_support=6560:1.00;6394:0.14;6527:0.01,
MMR015016,Namhsan,MMR015,Shan (North),MMR015S001,Pa Laung Self-Administered Zone,34,122,mapped,6394,bec49354-200d-4df2-9c95-894125aad114,နမ့်ဆန်,name+spatial_tiebreak,6394,"exact_normalized_en=[6108, 6394]|spatial_support=6394:0.98;6560:0.04;6551:0.02",
MMR015017,Mongmit,MMR015,Shan (North),MMR015D008,Mongmit,28,95,mapped,6558,f7a2ec31-1c24-4b7c-b4f4-cc46d2403490,မိုးမိတ်,name,6558,exact_normalized_en=[6558]|spatial_support=6558:1.00;6553:0.04;6554:0.01,
MMR015018,Mabein,MMR015,Shan (North),MMR015D008,Mongmit,21,48,mapped,6585,16f9e74c-f933-4bae-aca5-b029782a4d2c,မဘိမ်း,name,6585,exact_normalized_en=[6585]|spatial_support=6585:1.00;6588:0.03;6558:0.01,
MMR015019,Manton,MMR015,Shan (North),MMR015S001,Pa Laung Self-Administered Zone,32,113,mapped,6527,c5ae9f1c-5a77-45ec-be90-851b56ef9604,မန်တုံ,name,6527,exact_normalized_en=[6527]|spatial_support=6527:1.00;6599:0.04,
MMR015020,Kunlong,MMR015,Shan (North),MMR015D001,Lashio,32,106,mapped,6441,5c09397c-9e3e-401b-9a2a-260ad55ba746,ကွမ်းလုံ,name,6441,exact_normalized_en=[6441]|spatial_support=6434:0.68;6441:0.47;6429:0.19;6416:0.14;6432:0.12,
MMR015021,Hopang,MMR015,Shan (North),MMR015D006,Hopang,64,21,mapped,6429,6a9008c2-c205-4b58-8d95-2013115d10b0,ဟိုပန်မြို့နယ်,name+spatial_tiebreak,6429,"exact_normalized_en=[6429, 6432]|spatial_support=6430:0.42;6429:0.41;6432:0.40;6446:0.27;6416:0.10",
MMR015022,Laukkaing,MMR015,Shan (North),MMR015S002,Kokang Self-Administered Zone,10,71,mapped,6417,a58893b8-20a7-404a-9d1d-24cbb99cf23c,လောက်ကိုင်,name,6417,exact_normalized_en=[6417]|spatial_support=6410:0.62;6399:0.38;6419:0.34;6416:0.32;6417:0.24,
MMR015023,Konkyan,MMR015,Shan (North),MMR015S002,Kokang Self-Administered Zone,13,81,mapped,6412,392f1420-4a8f-4546-bef9-e232f028977b,ကုန်းကြမ်း,name,6412,exact_normalized_en=[6412]|spatial_support=6620:0.54;6412:0.51;6410:0.21;6417:0.03;6419:0.03,
MMR015024,Matman,MMR015,Shan (North),MMR015D007,Matman,28,68,mapped,6328,ba250acb-fbe6-497e-bc19-4cf6389882b5,မက်မန်း,name,6328,exact_normalized_en=[6328]|spatial_support=6328:1.00;6334:0.07;6469:0.03;6473:0.02;6472:0.01,
MMR015201,Konkyan (Kokang SAZ),MMR015,Shan (North),MMR015D221,Laukkaing (Kokang SAZ),0,13,manual_review,,,,spatial_only_blocked,6412;6620;6410;6414,spatial_support=6412:1.00;6620:0.21;6410:0.15;6414:0.04|spatial_only_candidate=6412,Spatial-only township candidate; name match missing — do not auto-approve
MMR015301,Nam Tit,MMR015,Shan (North),MMR015D331,Mong Maw (Wa SAD),0,18,mapped,6430,674ac567-6da8-4687-a9d8-b30ca8f11085,နမ့်တစ်မြို့နယ်,name,6430,exact_normalized_en=[6430]|spatial_support=6430:0.96;6432:0.25;6429:0.17;6446:0.17;6416:0.07,
MMR015302,Nar Wee (Na Wi),MMR015,Shan (North),MMR015D331,Mong Maw (Wa SAD),0,16,manual_review,,,,spatial_only_blocked,6446;6432;6430;6491;6429,spatial_support=6446:0.77;6432:0.42;6430:0.12;6491:0.12;6429:0.08|spatial_only_candidate=6446,Spatial-only township candidate; name match missing — do not auto-approve
MMR015303,Man Tun,MMR015,Shan (North),MMR015D331,Mong Maw (Wa SAD),0,22,manual_review,,,,spatial_only_blocked,6491;6486;6446;6488;6487,spatial_support=6491:0.93;6486:0.22;6446:0.20;6488:0.19;6487:0.12|spatial_only_candidate=6491,Spatial-only township candidate; name match missing — do not auto-approve
MMR015304,Kawng Min Hsang,MMR015,Shan (North),MMR015D331,Mong Maw (Wa SAD),0,81,manual_review,,,,spatial_only_blocked,6488;6448;6486;6453;6491,spatial_support=6488:1.00;6448:0.14;6486:0.10;6453:0.09;6491:0.08|spatial_only_candidate=6488,Spatial-only township candidate; name match missing — do not auto-approve
MMR015305,Hsawng Hpa (Saun Pha),MMR015,Shan (North),MMR015D331,Mong Maw (Wa SAD),0,26,manual_review,,,,spatial_only_blocked,6448;6451;6450;6488;6453,spatial_support=6448:1.00;6451:0.21;6450:0.08;6488:0.08;6453:0.01|spatial_only_candidate=6448,Spatial-only township candidate; name match missing — do not auto-approve
MMR015306,Hkun Mar (Hkwin Ma),MMR015,Shan (North),MMR015D331,Mong Maw (Wa SAD),0,2,manual_review,,,,spatial_only_blocked,6450;6454;6451,spatial_support=6450:1.00;6454:0.25;6451:0.12|spatial_only_candidate=6450,Spatial-only township candidate; name match missing — do not auto-approve
MMR015307,Long Htan,MMR015,Shan (North),MMR015D331,Mong Maw (Wa SAD),0,16,manual_review,,,,spatial_only_blocked,6454;6451;6450;6453;6456,spatial_support=6454:0.91;6451:0.34;6450:0.22;6453:0.17;6456:0.03|spatial_only_candidate=6454,Spatial-only township candidate; name match missing — do not auto-approve
MMR015308,Yawng Lin,MMR015,Shan (North),MMR015D331,Mong Maw (Wa SAD),0,18,manual_review,,,,spatial_only_blocked,6451;6454;6450;6448;6453,spatial_support=6451:1.00;6454:0.21;6450:0.18;6448:0.17;6453:0.17|spatial_only_candidate=6451,Spatial-only township candidate; name match missing — do not auto-approve
MMR015309,Lin Haw,MMR015,Shan (North),MMR015D331,Mong Maw (Wa SAD),0,43,manual_review,,,,spatial_only_blocked,6486;6487;6491;6488;6456,spatial_support=6486:0.97;6487:0.22;6491:0.13;6488:0.12;6456:0.05|spatial_only_candidate=6486,Spatial-only township candidate; name match missing — do not auto-approve
MMR015310,Ka Lawng Hpar,MMR015,Shan (North),MMR015D331,Mong Maw (Wa SAD),0,26,manual_review,,,,spatial_only_blocked,6487;6486;6484;6491,spatial_support=6487:1.00;6486:0.25;6484:0.21;6491:0.13|spatial_only_candidate=6487,Spatial-only township candidate; name match missing — do not auto-approve
MMR015311,Aik Chan (Ai' Chun),MMR015,Shan (North),MMR015D331,Mong Maw (Wa SAD),0,37,manual_review,,,,spatial_only_blocked,6453;6456;6451;6454;6488,spatial_support=6453:0.78;6456:0.39;6451:0.19;6454:0.18;6488:0.04|spatial_only_candidate=6453,Spatial-only township candidate; name match missing — do not auto-approve
MMR015312,Yin Pang,MMR015,Shan (North),MMR015D331,Mong Maw (Wa SAD),0,28,manual_review,,,,spatial_only_blocked,6456;6470;6453;6454,spatial_support=6456:0.97;6470:0.21;6453:0.14;6454:0.08|spatial_only_candidate=6456,Spatial-only township candidate; name match missing — do not auto-approve
MMR015313,Man Man Hseng,MMR015,Shan (North),MMR015D332,Wein Kawng (Wein Kao) (Wa SAD),0,8,manual_review,,,,spatial_only_blocked,6484;6472;6473;6487,spatial_support=6484:0.91;6472:0.28;6473:0.22;6487:0.12|spatial_only_candidate=6484,Spatial-only township candidate; name match missing — do not auto-approve
MMR015314,Nawng Hkit,MMR015,Shan (North),MMR015D332,Wein Kawng (Wein Kao) (Wa SAD),0,10,manual_review,,,,spatial_only_blocked,6472;6470;6473;6469;6484,spatial_support=6472:1.00;6470:0.15;6473:0.12;6469:0.10;6484:0.03|spatial_only_candidate=6472,Spatial-only township candidate; name match missing — do not auto-approve
MMR015315,Nam Hkam Wu,MMR015,Shan (North),MMR015D332,Wein Kawng (Wein Kao) (Wa SAD),0,35,manual_review,,,,spatial_only_blocked,6470;6469;6456;6472,spatial_support=6470:0.91;6469:0.26;6456:0.18;6472:0.14|spatial_only_candidate=6470,Spatial-only township candidate; name match missing — do not auto-approve
MMR015316,Nar Kawng,MMR015,Shan (North),MMR015D332,Wein Kawng (Wein Kao) (Wa SAD),0,32,manual_review,,,,spatial_only_blocked,6473;6484;6472;6467,spatial_support=6473:0.91;6484:0.13;6472:0.04;6467:0.03|spatial_only_candidate=6473,Spatial-only township candidate; name match missing — do not auto-approve
MMR015317,Pang Hkam,MMR015,Shan (North),MMR015D332,Wein Kawng (Wein Kao) (Wa SAD),0,34,manual_review,,,,spatial_only_blocked,6469;6472;6470;6334,spatial_support=6469:1.00;6472:0.15;6470:0.12;6334:0.08|spatial_only_candidate=6469,Spatial-only township candidate; name match missing — do not auto-approve
MMR015318,Pang Yang,MMR015,Shan (North),MMR015D332,Wein Kawng (Wein Kao) (Wa SAD),0,15,manual_review,,,,spatial_only_blocked,6328;6473;6469;6472;6334,spatial_support=6328:1.00;6473:0.18;6469:0.05;6472:0.03;6334:0.02|spatial_only_candidate=6328,Spatial-only township candidate; name match missing — do not auto-approve
MMR016001,Kengtung,MMR016,Shan (East),MMR016D001,Kengtung,37,711,mapped,6360,b86495bc-981a-45df-9407-bc9ed3e43ee2,ကျိုင်းတုံ,name,6360,exact_normalized_en=[6360]|spatial_support=6360:0.90;6370:0.10;7526:0.01,
MMR016002,Mongkhet,MMR016,Shan (East),MMR016D001,Kengtung,18,148,mapped,6331,946c6529-d6ec-414d-ba51-0a494d775522,မိုင်းခတ်,name,6331,exact_normalized_en=[6331]|spatial_support=6331:1.00;6336:0.14;6334:0.01;6466:0.01;6460:0.01,
MMR016003,Mongyang,MMR016,Shan (East),MMR016D001,Kengtung,28,70,mapped,6338,13bee3ab-42f0-4345-aaa6-d99507d72c18,မိုင်းယန်း,name,6338,exact_normalized_en=[6338]|spatial_support=6338:0.52;6288:0.35;6336:0.22;6460:0.21;6466:0.21,
MMR016005,Mongla,MMR016,Shan (East),MMR016D001,Kengtung,6,37,mapped,7526,d675f613-6c3b-4bbb-be7c-aba321288cff,မိုင်းလား,name,7526,exact_normalized_en=[7526]|spatial_support=7526:0.45;6331:0.35;6360:0.28;6338:0.01,
MMR016006,Monghsat,MMR016,Shan (East),MMR016D002,Monghsat,28,229,mapped,6372,b2acc5fe-245e-4b57-84c7-dd2bf75e8ed0,မိုင်းဆတ်,name+spatial_tiebreak,6372,"exact_normalized_en=[6331, 6372]|spatial_support=6372:0.98;6390:0.02;6312:0.01",
MMR016007,Mongping,MMR016,Shan (East),MMR016D001,Kengtung,29,411,mapped,6312,d69d7025-578c-4ad0-8a62-6525f6ba1e02,မိုင်းပျဉ်း,name,6312,exact_normalized_en=[6312]|spatial_support=6312:1.00;6331:0.01,
MMR016008,Mongton,MMR016,Shan (East),MMR016D002,Monghsat,19,58,mapped,6385,964681b2-6ee8-4d4e-b510-c0b49d7ee897,မိုင်းတုံ,name,6385,exact_normalized_en=[6385]|spatial_support=6385:1.00,
MMR016009,Tachileik,MMR016,Shan (East),MMR016D003,Tachileik,16,174,mapped,6390,4ba61133-b252-41ee-a2bf-d89e724bcfbf,တာချီလိတ်,name,6390,exact_normalized_en=[6390]|spatial_support=6390:1.00,
MMR016010,Monghpyak,MMR016,Shan (East),MMR016D003,Tachileik,22,82,mapped,6370,5a05af55-94a0-4164-b72b-4e1a0d76fee5,မိုင်းဖြတ်,name,6370,exact_normalized_en=[6370]|spatial_support=6370:0.92;6390:0.19,
MMR016011,Mongyawng,MMR016,Shan (East),MMR016D003,Tachileik,31,108,mapped,6408,1bfed069-7ca1-4164-8d01-ab9f986f2b63,မိုင်းယောင်း,name,6408,exact_normalized_en=[6408]|spatial_support=6408:1.00,
MMR016319,Mong Hpen,MMR016,Shan (East),MMR016D333,Mong Pawk (Wa SAD),0,60,manual_review,,,,spatial_only_blocked,6288;6460;6336;6338;6466,spatial_support=6288:1.00;6460:0.25;6336:0.18;6338:0.15;6466:0.03|spatial_only_candidate=6288,Spatial-only township candidate; name match missing — do not auto-approve
MMR016320,Ho Tawng (Ho Tao),MMR016,Shan (East),MMR016D333,Mong Pawk (Wa SAD),0,43,manual_review,,,,spatial_only_blocked,6460;6288;6466;6336;6338,spatial_support=6460:0.93;6288:0.31;6466:0.24;6336:0.22;6338:0.04|spatial_only_candidate=6460,Spatial-only township candidate; name match missing — do not auto-approve
MMR016321,Mong Pawk,MMR016,Shan (East),MMR016D333,Mong Pawk (Wa SAD),0,104,manual_review,,,,spatial_only_blocked,6466;6336;6460;6334;6469,spatial_support=6466:1.00;6336:0.18;6460:0.17;6334:0.15;6469:0.03|spatial_only_candidate=6466,Spatial-only township candidate; name match missing — do not auto-approve
MMR016322,Mong Kar,MMR016,Shan (East),MMR016D333,Mong Pawk (Wa SAD),0,17,mapped,6336,ebd925fe-ed2d-4f4f-b6b0-9bd9bfeb929d,မိုင်းကာမြို့နယ်,name,6336,exact_normalized_en=[6336]|spatial_support=6336:0.82;6460:0.29;6331:0.25;6466:0.21;6288:0.16,
MMR016323,Nam Hpai,MMR016,Shan (East),MMR016D333,Mong Pawk (Wa SAD),0,46,manual_review,,,,spatial_only_blocked,6334;6331;6466;6336;6469,spatial_support=6334:0.79;6331:0.21;6466:0.21;6336:0.05;6469:0.04|spatial_only_candidate=6334,Spatial-only township candidate; name match missing — do not auto-approve
MMR017001,Pathein,MMR017,Ayeyarwady,MMR017D001,Pathein,73,237,mapped,7362,e659ac44-0298-4bfe-a48b-560403168733,ပုသိမ်,name,7362,exact_normalized_en=[7362]|spatial_support=7362:0.98;7344:0.15;7186:0.02,
MMR017002,Kangyidaunt,MMR017,Ayeyarwady,MMR017D001,Pathein,81,338,mapped,7344,49549148-8465-4f43-b4d1-e2a4501319b4,ကန်ကြီးထောင့်,name,7344,exact_normalized_en=[7344]|spatial_support=7344:1.00;7326:0.14;7335:0.06;7186:0.01;7362:0.01,
MMR017003,Thabaung,MMR017,Ayeyarwady,MMR017D001,Pathein,70,343,mapped,7186,57660ae1-9f7c-4c08-a4fe-33aa56abe364,သာပေါင်း,name,7186,exact_normalized_en=[7186]|spatial_support=7186:1.00;7187:0.07;7344:0.04;7362:0.04;7286:0.01,
MMR017004,Ngapudaw,MMR017,Ayeyarwady,MMR017D001,Pathein,87,371,mapped,7364,2f51dc29-a19c-48ca-89d9-d951dbd8a8f5,ငပုတော,name,7364,exact_normalized_en=[7364]|spatial_support=7364:1.00;7335:0.02,
MMR017005,Kyonpyaw,MMR017,Ayeyarwady,MMR017D001,Pathein,95,490,mapped,7282,7c7a5171-9546-4ae7-b409-7b184514b5c8,ကျုံပျော်,name,7282,exact_normalized_en=[7282]|spatial_support=7282:1.00;7286:0.07;7295:0.05;7187:0.03;7332:0.03,
MMR017006,Yegyi,MMR017,Ayeyarwady,MMR017D001,Pathein,107,443,mapped,7187,938a79c1-c5f0-4a7a-9f2a-120dff8c8750,ရေကြည်,name,7187,exact_normalized_en=[7187]|spatial_support=7187:1.00;7282:0.10;7194:0.07;7286:0.04;7186:0.02,
MMR017007,Kyaunggon,MMR017,Ayeyarwady,MMR017D001,Pathein,66,352,mapped,7286,fc5fb99f-0ec5-41d1-b5b0-064196e6385f,ကျောင်းကုန်း,name,7286,exact_normalized_en=[7286]|spatial_support=7286:1.00;7332:0.11;7326:0.06;7282:0.04;7344:0.01,
MMR017008,Hinthada,MMR017,Ayeyarwady,MMR017D002,Hinthada,130,709,mapped,7208,c40f3356-d1bc-4113-92bd-c77e20f02dcd,ဟင်္သာတ,name,7208,exact_normalized_en=[7208]|spatial_support=7208:1.00;7259:0.10;7215:0.03;7282:0.01;7194:0.01,
MMR017009,Zalun,MMR017,Ayeyarwady,MMR017D002,Hinthada,72,442,mapped,7259,9d3a5b63-0902-4dcd-aa02-ddc3480fb3b5,ဇလွန်,name,7259,exact_normalized_en=[7259]|spatial_support=7259:1.00;7208:0.13;7295:0.12;7282:0.04;7232:0.01,
MMR017010,Lemyethna,MMR017,Ayeyarwady,MMR017D002,Hinthada,50,244,mapped,7194,79a3fb1a-6ac3-4c58-bbe4-60bd582180c8,လေးမျက်နှာ,name,7194,exact_normalized_en=[7194]|spatial_support=7194:1.00;7208:0.10;7187:0.04;7215:0.04;7282:0.04,
MMR017011,Myanaung,MMR017,Ayeyarwady,MMR017D002,Hinthada,67,461,mapped,6767,6df41163-6032-4152-83bf-9f3f960eef7b,မြန်အောင်,name,6767,exact_normalized_en=[6767]|spatial_support=6767:1.00;7171:0.10;7172:0.04;7215:0.04,
MMR017012,Kyangin,MMR017,Ayeyarwady,MMR017D002,Hinthada,40,242,mapped,7172,9363484c-e4e5-45c6-b029-4d5caca66af0,ကြံခင်း,name,7172,exact_normalized_en=[7172]|spatial_support=7172:1.00;6767:0.12;7151:0.04,
MMR017013,Ingapu,MMR017,Ayeyarwady,MMR017D002,Hinthada,79,584,mapped,7215,3df6f30f-b6a6-4180-9d69-681c02c7653e,အင်္ဂပူ,name,7215,exact_normalized_en=[7215]|spatial_support=7215:1.00;6767:0.06;7194:0.06;7208:0.04;7171:0.01,
MMR017014,Myaungmya,MMR017,Ayeyarwady,MMR017D003,Myaungmya,99,481,mapped,7335,6a059dfe-9f09-4ccb-a201-19c9cc7e04f0,မြောင်းမြ,name,7335,exact_normalized_en=[7335]|spatial_support=7335:1.00;7344:0.08;7326:0.07;7323:0.06,
MMR017015,Einme,MMR017,Ayeyarwady,MMR017D003,Myaungmya,103,464,mapped,7326,af8b7d53-f2b7-45de-a5cc-f1259bc0924a,အိမ်မဲ,name,7326,exact_normalized_en=[7326]|spatial_support=7326:1.00;7344:0.10;7323:0.08;7286:0.07;7335:0.05,
MMR017016,Labutta,MMR017,Ayeyarwady,MMR017D004,Labutta,79,506,mapped,7374,96c0f1e6-4ed8-4125-91b5-29c9320f6c01,လပွတ္တာ,name,7374,exact_normalized_en=[7374]|spatial_support=7374:1.00;7335:0.03;7392:0.01,
MMR017017,Wakema,MMR017,Ayeyarwady,MMR017D003,Myaungmya,128,517,mapped,7323,c245a4d4-9f3f-4b05-a8ef-9328b86530a4,ဝါးခယ်မ,name,7323,exact_normalized_en=[7323]|spatial_support=7323:1.00;7326:0.10;7392:0.08;7335:0.05;7525:0.01,
MMR017018,Mawlamyinegyun,MMR017,Ayeyarwady,MMR017D004,Labutta,123,597,mapped,7392,51773fa5-fde7-4c90-8c7b-b20a7b4c5cf6,မော်လမြိုင်ကျွန်း,name,7392,exact_normalized_en=[7392]|spatial_support=7392:1.00;7323:0.17;7309:0.02,
MMR017019,Maubin,MMR017,Ayeyarwady,MMR017D005,Maubin,89,360,mapped,7525,01ce4309-c29b-4799-b4de-daee84e99ba4,မအူပင်,name,7525,exact_normalized_en=[7525]|spatial_support=7525:0.98;7309:0.20;7300:0.02;7524:0.01;5659:0.01,
MMR017020,Pantanaw,MMR017,Ayeyarwady,MMR017D005,Maubin,57,366,mapped,7332,f860b744-d489-43d5-9d64-db893de498c3,ပန်းတနော်,name,7332,exact_normalized_en=[7332]|spatial_support=7332:1.00;7286:0.09;7524:0.07;7295:0.04;7282:0.02,
MMR017021,Nyaungdon,MMR017,Ayeyarwady,MMR017D005,Maubin,55,289,mapped,7524,7f3491b6-d8c4-4539-99b5-c56c9a9412d4,ညောင်တုန်း,name,7524,exact_normalized_en=[7524]|spatial_support=7524:1.00;7295:0.10;7298:0.10;7332:0.04;5675:0.03,
MMR017022,Danubyu,MMR017,Ayeyarwady,MMR017D005,Maubin,82,405,mapped,7295,da4ff5bf-c34c-4316-be20-20173fa9c4d6,ဓနုဖြူ,name,7295,exact_normalized_en=[7295]|spatial_support=7295:1.00;7259:0.14;7282:0.07;7524:0.01;7332:0.01,
MMR017023,Pyapon,MMR017,Ayeyarwady,MMR017D006,Pyapon,74,242,mapped,7375,80e32d07-58e8-49d5-b202-e8810dea971c,ဖျာပုံ,name,7375,exact_normalized_en=[7375]|spatial_support=7375:1.00;7427:0.19;7309:0.07;7376:0.06,
MMR017024,Bogale,MMR017,Ayeyarwady,MMR017D006,Pyapon,92,558,mapped,7376,357de554-ea71-462d-b3b0-76b4508b2792,ဘိုကလေး,name,7376,exact_normalized_en=[7376]|spatial_support=7376:1.00;7392:0.10;7309:0.06;7375:0.04;7427:0.01,
MMR017025,Kyaiklat,MMR017,Ayeyarwady,MMR017D006,Pyapon,94,393,mapped,7309,ff251041-06ea-45a0-aa08-431814657fff,ကျိုက်လတ်,name,7309,exact_normalized_en=[7309]|spatial_support=7309:1.00;7525:0.11;7427:0.09;7323:0.01,
MMR017026,Dedaye,MMR017,Ayeyarwady,MMR017D006,Pyapon,94,347,mapped,7427,7e15f3d3-627f-4733-b020-b6db87e6b3bf,ဒေးဒရဲ,name,7427,exact_normalized_en=[7427]|spatial_support=7427:1.00;5112:0.07;7309:0.07;5125:0.02;7375:0.01,
MMR018001,Zay Yar Thi Ri,MMR018,Nay Pyi Taw,MMR018D001,Oke Ta Ra,15,63,mapped,6046,e6f440e6-4c98-453b-bd80-eb1c76d55803,ဇေယျာသီရိ,name,6046,exact_normalized_en=[6046]|spatial_support=6046:0.95;6059:0.25;6029:0.17;6032:0.17;6038:0.10,
MMR018002,Za Bu Thi Ri,MMR018,Nay Pyi Taw,MMR018D002,Det Khi Na,15,5,mapped,6029,0a007cb6-42ca-4887-8528-30777e3cb976,ဇမ္ဗူသီရိ,name,6029,exact_normalized_en=[6029]|spatial_support=6029:1.00;6032:0.25;6059:0.25;7079:0.17;5990:0.11,
MMR018003,Tatkon,MMR018,Nay Pyi Taw,MMR018D001,Oke Ta Ra,61,187,mapped,6067,5e55abe3-6b48-408a-9a2e-5660d7e44b05,တပ်ကုန်း,name,6067,exact_normalized_en=[6067]|spatial_support=6067:1.00;6069:0.07;7079:0.03;6059:0.03;6046:0.01,
MMR018004,Det Khi Na Thi Ri,MMR018,Nay Pyi Taw,MMR018D002,Det Khi Na,11,29,mapped,6032,1123f10f-3684-47d5-b6a8-8a6d992fa542,ဒက္ခိဏသီရိ,name,6032,exact_normalized_en=[6032]|spatial_support=6032:0.94;6029:0.27;5990:0.16;6059:0.16;7079:0.07,
MMR018005,Poke Ba Thi Ri,MMR018,Nay Pyi Taw,MMR018D001,Oke Ta Ra,30,71,mapped,6059,cf19b0d8-dcda-403b-af29-83858c97f8f6,ပုဗ္ဗသီရိ,name,6059,exact_normalized_en=[6059]|spatial_support=6059:0.91;6046:0.25;7079:0.22;6029:0.19;6032:0.17,
MMR018006,Pyinmana,MMR018,Nay Pyi Taw,MMR018D002,Det Khi Na,30,113,mapped,6038,ef532f22-75cc-4a7d-9e20-a2b6e405e2aa,ပျဉ်းမနား,name,6038,exact_normalized_en=[6038]|spatial_support=6038:0.98;6029:0.12;6032:0.12;6059:0.11;6046:0.10,
MMR018007,Lewe,MMR018,Nay Pyi Taw,MMR018D002,Det Khi Na,68,276,mapped,5990,1f29d26d-0314-4b92-9405-9cdf16a4b294,လယ်ဝေး,name,5990,exact_normalized_en=[5990]|spatial_support=5990:0.98;6032:0.21;6029:0.17;6038:0.04;6059:0.01,
MMR018008,Oke Ta Ra Thi Ri,MMR018,Nay Pyi Taw,MMR018D001,Oke Ta Ra,13,52,mapped,7079,dbe4fdae-72a9-46ae-9b5c-31ef4f54acb7,ဥတ္တရသီရိ,name,7079,exact_normalized_en=[7079]|spatial_support=7079:0.98;6059:0.21;6029:0.21;6032:0.17;5990:0.14,
